"DATE","TIME PERIOD","All euro area yield curve - 10-year spot rate (YC.B.U2.EUR.4F.G_N_C.SV_C_YM.SR_10Y)","All euro area yield curve - 1-year spot rate (YC.B.U2.EUR.4F.G_N_C.SV_C_YM.SR_1Y)","All euro area yield curve - 20-year spot rate (YC.B.U2.EUR.4F.G_N_C.SV_C_YM.SR_20Y)","All euro area yield curve - 2-year spot rate (YC.B.U2.EUR.4F.G_N_C.SV_C_YM.SR_2Y)","All euro area yield curve - 30-year spot rate (YC.B.U2.EUR.4F.G_N_C.SV_C_YM.SR_30Y)","All euro area yield curve - 3-month spot rate (YC.B.U2.EUR.4F.G_N_C.SV_C_YM.SR_3M)","All euro area yield curve - 3-year spot rate (YC.B.U2.EUR.4F.G_N_C.SV_C_YM.SR_3Y)","All euro area yield curve - 5-year spot rate (YC.B.U2.EUR.4F.G_N_C.SV_C_YM.SR_5Y)","All euro area yield curve - 6-month spot rate (YC.B.U2.EUR.4F.G_N_C.SV_C_YM.SR_6M)","All euro area yield curve - 7-year spot rate (YC.B.U2.EUR.4F.G_N_C.SV_C_YM.SR_7Y)"
"2004-09-06","06 Sep 2004","4.262767","2.297177","4.853754","2.655494","5.056951","2.001665","2.971161","3.483732","2.102528","3.865320"
"2004-09-07","07 Sep 2004","4.260667","2.325058","4.843471","2.692793","5.048499","2.009089","3.007337","3.507232","2.118527","3.875767"
"2004-09-08","08 Sep 2004","4.280397","2.343190","4.849884","2.719752","5.048763","2.014613","3.037741","3.537117","2.129000","3.901783"
"2004-09-09","09 Sep 2004","4.215735","2.306193","4.803332","2.657901","5.008323","2.010833","2.964255","3.458998","2.112336","3.828046"
"2004-09-10","10 Sep 2004","4.175095","2.270257","4.773952","2.601720","4.979773","2.006281","2.901460","3.399440","2.095246","3.777004"
"2004-09-13","13 Sep 2004","4.190623","2.302381","4.787037","2.648867","4.998307","2.010258","2.950251","3.437785","2.110816","3.803400"
"2004-09-14","14 Sep 2004","4.184910","2.292034","4.780776","2.631707","4.987727","2.011633","2.931781","3.422890","2.107436","3.793248"
"2004-09-15","15 Sep 2004","4.182229","2.295142","4.775821","2.633768","4.981614","2.015563","2.932908","3.422519","2.111093","3.791770"
"2004-09-16","16 Sep 2004","4.182469","2.305801","4.770803","2.646354","4.975332","2.021747","2.944968","3.430938","2.119161","3.796290"
"2004-09-17","17 Sep 2004","4.158154","2.281607","4.781514","2.604930","5.003229","2.021331","2.896479","3.383288","2.109491","3.757098"
"2004-09-20","20 Sep 2004","4.133185","2.280712","4.729902","2.604454","4.937126","2.018240","2.894616","3.375890","2.107360","3.742732"
"2004-09-21","21 Sep 2004","4.140162","2.288955","4.735375","2.614429","4.942264","2.023524","2.904955","3.385402","2.113844","3.751048"
"2004-09-22","22 Sep 2004","4.118520","2.289687","4.707744","2.611418","4.912732","2.026928","2.898364","3.372748","2.116390","3.733894"
"2004-09-23","23 Sep 2004","4.050970","2.244478","4.651128","2.537945","4.855562","2.022301","2.813538","3.287085","2.095789","3.655829"
"2004-09-24","24 Sep 2004","4.090421","2.282541","4.686730","2.592180","4.892928","2.033869","2.872200","3.341424","2.118050","3.702756"
"2004-09-27","27 Sep 2004","4.066983","2.268763","4.661739","2.569382","4.863442","2.032291","2.845410","3.313635","2.111740","3.676864"
"2004-09-28","28 Sep 2004","4.065095","2.265436","4.664844","2.563763","4.868543","2.032201","2.838955","3.307683","2.110387","3.672482"
"2004-09-29","29 Sep 2004","4.104134","2.287571","4.705002","2.598840","4.911009","2.036293","2.879683","3.350334","2.121544","3.713522"
"2004-09-30","30 Sep 2004","4.115249","2.284069","4.732668","2.600919","4.949838","2.024796","2.884229","3.356526","2.113202","3.721009"
"2004-10-01","01 Oct 2004","4.138113","2.273779","4.752529","2.581363","4.955839","2.034256","2.866019","3.352226","2.114442","3.731089"
"2004-10-04","04 Oct 2004","4.167806","2.288877","4.761484","2.611698","4.954348","2.030037","2.903937","3.393394","2.117611","3.768825"
"2004-10-05","05 Oct 2004","4.121225","2.276910","4.725786","2.587811","4.927159","2.029770","2.871486","3.350954","2.113150","3.722435"
"2004-10-06","06 Oct 2004","4.117859","2.276837","4.712432","2.583830","4.905667","2.036292","2.866549","3.347067","2.116999","3.719629"
"2004-10-07","07 Oct 2004","4.128172","2.274580","4.728471","2.581843","4.923361","2.035085","2.865856","3.349962","2.115281","3.725985"
"2004-10-08","08 Oct 2004","4.075576","2.228748","4.685971","2.514965","4.881233","2.021519","2.791925","3.278955","2.088858","3.663346"
"2004-10-11","11 Oct 2004","4.086838","2.231319","4.705055","2.515791","4.903545","2.027656","2.792926","3.282623","2.093519","3.670326"
"2004-10-12","12 Oct 2004","4.042219","2.208087","4.666448","2.480038","4.868303","2.020482","2.750695","3.236033","2.080162","3.623769"
"2004-10-13","13 Oct 2004","4.054827","2.222088","4.670037","2.499500","4.867880","2.026243","2.771985","3.256208","2.089193","3.640896"
"2004-10-14","14 Oct 2004","4.034598","2.206247","4.655621","2.474611","4.855831","2.024524","2.744052","3.229156","2.081814","3.616873"
"2004-10-15","15 Oct 2004","4.026247","2.184293","4.644564","2.442773","4.841056","2.025630","2.713172","3.208122","2.073073","3.603710"
"2004-10-18","18 Oct 2004","4.030702","2.186000","4.664624","2.443399","4.870155","2.026838","2.712473","3.206481","2.074671","3.603560"
"2004-10-19","19 Oct 2004","4.053537","2.195559","4.681642","2.458424","4.883991","2.031681","2.731527","3.229703","2.081104","3.627637"
"2004-10-20","20 Oct 2004","4.012029","2.173812","4.647418","2.419621","4.854611","2.036704","2.686344","3.183153","2.075328","3.583152"
"2004-10-21","21 Oct 2004","4.008444","2.181390","4.639969","2.429235","4.846299","2.038141","2.694832","3.187109","2.079453","3.583195"
"2004-10-22","22 Oct 2004","4.008330","2.191324","4.640858","2.441675","4.849356","2.040440","2.705954","3.193223","2.085103","3.585552"
"2004-10-25","25 Oct 2004","3.969284","2.169521","4.615084","2.403250","4.831063","2.042913","2.660623","3.145981","2.077947","3.541194"
"2004-10-26","26 Oct 2004","3.965425","2.170492","4.616304","2.400600","4.835358","2.048369","2.656050","3.140224","2.081694","3.535832"
"2004-10-27","27 Oct 2004","3.963205","2.175501","4.605492","2.406093","4.820382","2.052677","2.661443","3.144104","2.086258","3.537344"
"2004-10-28","28 Oct 2004","4.041888","2.220285","4.659443","2.479081","4.860381","2.059353","2.747642","3.236167","2.107771","3.625411"
"2004-10-29","29 Oct 2004","3.984351","2.213619","4.647844","2.462530","4.878510","2.047210","2.715932","3.181114","2.099465","3.562175"
"2004-11-01","01 Nov 2004","3.993113","2.197215","4.622502","2.442088","4.830759","2.052788","2.702695","3.184926","2.094980","3.573738"
"2004-11-02","02 Nov 2004","4.038669","2.221626","4.661604","2.475003","4.841826","2.053249","2.734892","3.215369","2.106062","3.609060"
"2004-11-03","03 Nov 2004","4.037285","2.203518","4.662800","2.468651","4.845312","2.018627","2.733641","3.215988","2.077917","3.608636"
"2004-11-04","04 Nov 2004","4.037882","2.201768","4.663923","2.466404","4.846267","2.018034","2.731534","3.214797","2.076837","3.608362"
"2004-11-05","05 Nov 2004","4.038600","2.195743","4.662084","2.463266","4.842849","2.008925","2.730273","3.215403","2.068861","3.609447"
"2004-11-08","08 Nov 2004","4.038312","2.189940","4.658240","2.460401","4.836976","1.999852","2.729206","3.215876","2.061000","3.610026"
"2004-11-09","09 Nov 2004","3.998958","2.243674","4.601893","2.484976","4.773291","2.085755","2.734667","3.199237","2.134940","3.581402"
"2004-11-10","10 Nov 2004","3.982753","2.231960","4.581569","2.464765","4.749095","2.087957","2.712073","3.178430","2.131527","3.563445"
"2004-11-11","11 Nov 2004","3.962699","2.205536","4.564964","2.426575","4.731990","2.082789","2.671949","3.144465","2.117645","3.536825"
"2004-11-12","12 Nov 2004","3.935129","2.201768","4.534617","2.420596","4.701898","2.077984","2.662141","3.126930","2.113568","3.513745"
"2004-11-15","15 Nov 2004","3.900161","2.199984","4.505651","2.408663","4.677639","2.085391","2.642432","3.097533","2.117770","3.480032"
"2004-11-16","16 Nov 2004","3.876626","2.221833","4.477979","2.435353","4.653122","2.090238","2.664049","3.101297","2.130069","3.468757"
"2004-11-17","17 Nov 2004","3.895830","2.221039","4.498063","2.438722","4.672326","2.086328","2.671178","3.114197","2.127174","3.485266"
"2004-11-18","18 Nov 2004","3.924663","2.245662","4.525740","2.473803","4.701322","2.094794","2.709639","3.150981","2.142081","3.518073"
"2004-11-19","19 Nov 2004","3.907195","2.233429","4.508391","2.456887","4.683414","2.089133","2.690745","3.131637","2.133847","3.499576"
"2004-11-22","22 Nov 2004","3.880659","2.219258","4.485075","2.434278","4.661265","2.085911","2.663966","3.102613","2.126407","3.471236"
"2004-11-23","23 Nov 2004","3.872384","2.217953","4.474032","2.428617","4.648289","2.090782","2.656430","3.094326","2.128851","3.463122"
"2004-11-24","24 Nov 2004","3.867896","2.200456","4.469160","2.399768","4.640092","2.095430","2.626892","3.073685","2.124328","3.451550"
"2004-11-25","25 Nov 2004","3.855257","2.177788","4.452362","2.374547","4.620661","2.080715","2.603254","3.055689","2.106132","3.437371"
"2004-11-26","26 Nov 2004","3.852552","2.172409","4.438109","2.371278","4.600770","2.074809","2.602148","3.056854","2.100215","3.438051"
"2004-11-29","29 Nov 2004","3.891298","2.195111","4.477892","2.409519","4.642349","2.073738","2.646053","3.100925","2.108641","3.479274"
"2004-11-30","30 Nov 2004","3.867365","2.177895","4.462956","2.384561","4.632287","2.067124","2.617649","3.071560","2.097894","3.451753"
"2004-12-01","01 Dec 2004","3.844194","2.157388","4.438410","2.357791","4.607311","2.057893","2.589552","3.045332","2.084023","3.427572"
"2004-12-02","02 Dec 2004","3.871929","2.193941","4.461454","2.409337","4.631120","2.067060","2.643425","3.091101","2.104441","3.463832"
"2004-12-03","03 Dec 2004","3.842881","2.177699","4.444518","2.380577","4.620288","2.067609","2.608879","3.054467","2.098475","3.429688"
"2004-12-06","06 Dec 2004","3.794909","2.140068","4.400703","2.326602","4.578052","2.056429","2.549830","2.997355","2.076616","3.377235"
"2004-12-07","07 Dec 2004","3.765912","2.135467","4.385769","2.316329","4.572331","2.053360","2.533173","2.971289","2.073480","3.347350"
"2004-12-08","08 Dec 2004","3.767471","2.154517","4.370420","2.342535","4.550322","2.059033","2.559893","2.991444","2.084643","3.359126"
"2004-12-09","09 Dec 2004","3.691863","2.137273","4.295148","2.311230","4.478357","2.053515","2.516849","2.931726","2.075139","3.289843"
"2004-12-10","10 Dec 2004","3.667812","2.151290","4.273033","2.323868","4.460959","2.061514","2.523434","2.924383","2.086118","3.272567"
"2004-12-13","13 Dec 2004","3.676849","2.149747","4.272186","2.325875","4.453975","2.057724","2.528668","2.933750","2.082985","3.283116"
"2004-12-14","14 Dec 2004","3.663005","2.152980","4.245496","2.328298","4.421694","2.060911","2.529592","2.930596","2.086262","3.275474"
"2004-12-15","15 Dec 2004","3.616320","2.147578","4.190686","2.316022","4.365375","2.059941","2.510471","2.899859","2.083942","3.236438"
"2004-12-16","16 Dec 2004","3.637813","2.178342","4.202898","2.369453","4.380678","2.053866","2.569590","2.950128","2.092658","3.272716"
"2004-12-17","17 Dec 2004","3.687594","2.207306","4.233621","2.413252","4.401197","2.065336","2.621680","3.007711","2.110704","3.328782"
"2004-12-20","20 Dec 2004","3.657075","2.188541","4.216514","2.376263","4.388381","2.071826","2.577080","2.962591","2.107349","3.289468"
"2004-12-21","21 Dec 2004","3.680016","2.221671","4.243062","2.426917","4.425604","2.075550","2.631370","3.008071","2.122931","3.323052"
"2004-12-22","22 Dec 2004","3.678281","2.230193","4.249103","2.446522","4.445844","2.065698","2.653121","3.023184","2.120451","3.329226"
"2004-12-23","23 Dec 2004","3.649484","2.208012","4.241905","2.415394","4.450229","2.053916","2.617065","2.984627","2.104784","3.293262"
"2004-12-24","24 Dec 2004","3.594858","2.208914","4.246585","2.415840","4.521660","2.045726","2.609408","2.954818","2.100824","3.246354"
"2004-12-27","27 Dec 2004","3.671311","2.220069","4.258630","2.432428","4.456822","2.059608","2.636677","3.006102","2.112922","3.315116"
"2004-12-28","28 Dec 2004","3.685395","2.211925","4.263983","2.422238","4.447705","2.057731","2.628502","3.006208","2.108364","3.323014"
"2004-12-29","29 Dec 2004","3.745439","2.248773","4.324266","2.487735","4.526160","2.057414","2.707161","3.087538","2.122294","3.395719"
"2004-12-30","30 Dec 2004","3.748300","2.244525","4.335257","2.483356","4.541323","2.053698","2.703126","3.085046","2.118352","3.395306"
"2004-12-31","31 Dec 2004","3.729937","2.243116","4.334081","2.488222","4.572868","2.041646","2.708544","3.083694","2.110554","3.385146"
"2005-01-03","03 Jan 2005","3.709419","2.230381","4.301610","2.463344","4.512698","2.044401","2.678091","3.052623","2.107406","3.358635"
"2005-01-04","04 Jan 2005","3.703001","2.230565","4.283080","2.464865","4.487768","2.042685","2.679943","3.053253","2.106423","3.356734"
"2005-01-05","05 Jan 2005","3.731528","2.243051","4.297412","2.485505","4.493227","2.046621","2.705919","3.084240","2.113477","3.388251"
"2005-01-06","06 Jan 2005","3.688473","2.202846","4.258794","2.423960","4.434939","2.034800","2.635452","3.015245","2.090740","3.330005"
"2005-01-07","07 Jan 2005","3.661229","2.185285","4.226774","2.397705","4.394799","2.028590","2.605181","2.983824","2.080168","3.300458"
"2005-01-10","10 Jan 2005","3.662096","2.179488","4.225931","2.394782","4.392962","2.019663","2.604084","2.984492","2.072396","3.301576"
"2005-01-11","11 Jan 2005","3.655208","2.201341","4.214247","2.416360","4.385165","2.038610","2.622708","2.994402","2.092699","3.303177"
"2005-01-12","12 Jan 2005","3.664523","2.204081","4.225728","2.420025","4.397130","2.040711","2.627306","3.000728","2.095006","3.310928"
"2005-01-13","13 Jan 2005","3.630909","2.173000","4.191353","2.373333","4.351695","2.031684","2.574809","2.950463","2.077378","3.268285"
"2005-01-14","14 Jan 2005","3.622583","2.183292","4.160701","2.387241","4.311549","2.035916","2.589001","2.960046","2.084026","3.270692"
"2005-01-17","17 Jan 2005","3.596789","2.173523","4.133349","2.373822","4.284557","2.029396","2.572608","2.939316","2.076370","3.247198"
"2005-01-18","18 Jan 2005","3.612621","2.186603","4.133633","2.393612","4.277202","2.034317","2.595811","2.963601","2.084372","3.268884"
"2005-01-19","19 Jan 2005","3.574160","2.178925","4.071566","2.380390","4.201635","2.032301","2.578398","2.939595","2.080282","3.239007"
"2005-01-20","20 Jan 2005","3.624603","2.198167","4.129506","2.409113","4.263356","2.041417","2.613502","2.982187","2.093126","3.285670"
"2005-01-21","21 Jan 2005","3.629415","2.191950","4.147424","2.400889","4.286787","2.038582","2.605149","2.976531","2.088943","3.284197"
"2005-01-24","24 Jan 2005","3.599280","2.174546","4.121678","2.377092","4.263210","2.028394","2.577500","2.945596","2.076069","3.252867"
"2005-01-25","25 Jan 2005","3.573248","2.168182","4.067790","2.366680","4.192235","2.027587","2.564991","2.930437","2.073082","3.234324"
"2005-01-26","26 Jan 2005","3.616017","2.183346","4.099803","2.395252","4.218458","2.027844","2.601820","2.974610","2.078865","3.279611"
"2005-01-27","27 Jan 2005","3.624273","2.201952","4.104643","2.430381","4.236225","2.021782","2.641918","3.008624","2.082512","3.301754"
"2005-01-28","28 Jan 2005","3.582180","2.179354","4.079815","2.389159","4.215541","2.021977","2.591074","2.953303","2.074077","3.250463"
"2005-01-31","31 Jan 2005","3.577157","2.184247","4.070626","2.396092","4.207605","2.023002","2.597874","2.956948","2.076675","3.250128"
"2005-02-01","01 Feb 2005","3.577644","2.178564","4.069154","2.393249","4.205203","2.014212","2.596815","2.957542","2.069032","3.251045"
"2005-02-02","02 Feb 2005","3.560433","2.187355","4.030873","2.401088","4.157338","2.022511","2.602490","2.957034","2.077637","3.243597"
"2005-02-03","03 Feb 2005","3.576522","2.204252","4.015056","2.427800","4.125318","2.027593","2.634152","2.989677","2.087161","3.271098"
"2005-02-04","04 Feb 2005","3.528401","2.189841","3.968256","2.403482","4.080745","2.022869","2.602557","2.948927","2.078960","3.225675"
"2005-02-07","07 Feb 2005","3.506314","2.196424","3.916724","2.411918","4.016190","2.025239","2.609953","2.949578","2.083064","3.217183"
"2005-02-08","08 Feb 2005","3.506310","2.211737","3.930554","2.432408","4.052254","2.030962","2.630394","2.963419","2.092679","3.223449"
"2005-02-09","09 Feb 2005","3.471582","2.191936","3.888480","2.400456","3.994714","2.026322","2.592388","2.922903","2.082276","3.185224"
"2005-02-10","10 Feb 2005","3.465483","2.176886","3.888064","2.376185","3.988032","2.024923","2.565377","2.899750","2.075519","3.169635"
"2005-02-11","11 Feb 2005","3.495509","2.175403","3.945352","2.375056","4.057534","2.025057","2.566504","2.908353","2.074894","3.187055"
"2005-02-14","14 Feb 2005","3.521390","2.187840","3.975819","2.398936","4.096898","2.022705","2.595797","2.939501","2.078213","3.215970"
"2005-02-15","15 Feb 2005","3.531244","2.198506","3.978362","2.417388","4.101391","2.022969","2.617454","2.960378","2.082481","3.232470"
"2005-02-16","16 Feb 2005","3.508759","2.194453","3.985997","2.409656","4.138166","2.020415","2.605404","2.940847","2.079605","3.209009"
"2005-02-17","17 Feb 2005","3.614243","2.214765","4.063584","2.453556","4.183831","2.019248","2.667868","3.028308","2.085985","3.309423"
"2005-02-18","18 Feb 2005","3.691645","2.222743","4.146492","2.478247","4.263761","2.011828","2.705753","3.084809","2.084004","3.377441"
"2005-02-21","21 Feb 2005","3.707900","2.235526","4.162923","2.492383","4.280660","2.023157","2.720764","3.100706","2.095867","3.393631"
"2005-02-22","22 Feb 2005","3.717535","2.230033","4.182759","2.487731","4.304433","2.017635","2.717544","3.101181","2.090284","3.398020"
"2005-02-23","23 Feb 2005","3.709197","2.219840","4.179013","2.466767","4.291922","2.022062","2.692343","3.077592","2.089067","3.380798"
"2005-02-24","24 Feb 2005","3.733665","2.228679","4.208227","2.479371","4.323442","2.027234","2.707782","3.096933","2.095557","3.402683"
"2005-02-25","25 Feb 2005","3.767265","2.243398","4.225336","2.505666","4.332139","2.029126","2.741095","3.135809","2.102192","3.441111"
"2005-02-28","28 Feb 2005","3.732161","2.235423","4.193829","2.495843","4.313131","2.020606","2.727816","3.114298","2.094097","3.412454"
"2005-03-01","01 Mar 2005","3.745927","2.234367","4.217274","2.496604","4.341584","2.018221","2.730403","3.120433","2.092150","3.421883"
"2005-03-02","02 Mar 2005","3.816453","2.238360","4.297874","2.505600","4.410898","2.022183","2.747515","3.156430","2.095655","3.474858"
"2005-03-03","03 Mar 2005","3.796764","2.220103","4.300420","2.479717","4.424649","2.013019","2.717682","3.125414","2.083078","3.447258"
"2005-03-04","04 Mar 2005","3.748877","2.198936","4.237802","2.440484","4.345299","2.015434","2.669871","3.073931","2.076418","3.397686"
"2005-03-07","07 Mar 2005","3.708881","2.184016","4.197513","2.417646","4.305965","2.008681","2.641533","3.039086","2.066689","3.359662"
"2005-03-08","08 Mar 2005","3.743201","2.186163","4.231530","2.421893","4.335563","2.012697","2.650387","3.058464","2.069626","3.387307"
"2005-03-09","09 Mar 2005","3.807738","2.204276","4.297430","2.454769","4.400656","2.015552","2.693482","3.113565","2.078043","3.448218"
"2005-03-10","10 Mar 2005","3.802181","2.203842","4.296089","2.450931","4.401937","2.019160","2.687744","3.106520","2.080129","3.441410"
"2005-03-11","11 Mar 2005","3.815295","2.198555","4.326277","2.444809","4.440039","2.016400","2.682603","3.105962","2.076297","3.446515"
"2005-03-14","14 Mar 2005","3.822247","2.211159","4.318158","2.463522","4.426503","2.020452","2.703520","3.125246","2.083673","3.461063"
"2005-03-15","15 Mar 2005","3.766127","2.202110","4.260931","2.443023","4.372725","2.021742","2.673868","3.082682","2.081336","3.410738"
"2005-03-16","16 Mar 2005","3.749367","2.233104","4.232304","2.488444","4.359452","2.026585","2.719742","3.111497","2.096777","3.417909"
"2005-03-17","17 Mar 2005","3.720947","2.231890","4.204975","2.479737","4.334751","2.032506","2.705365","3.089673","2.100155","3.392041"
"2005-03-18","18 Mar 2005","3.761289","2.244110","4.243991","2.501344","4.372413","2.035092","2.733469","3.125244","2.106245","3.430903"
"2005-03-21","21 Mar 2005","3.771282","2.258421","4.236370","2.521107","4.357354","2.042412","2.755600","3.146729","2.116228","3.448375"
"2005-03-22","22 Mar 2005","3.725676","2.258234","4.198372","2.517262","4.339916","2.041946","2.745655","3.122885","2.116238","3.412853"
"2005-03-23","23 Mar 2005","3.765657","2.278160","4.223547","2.546931","4.355888","2.051630","2.781700","3.165005","2.129660","3.455842"
"2005-03-24","24 Mar 2005","3.734207","2.276168","4.208067","2.539957","4.362476","2.052687","2.769481","3.143481","2.129801","3.427985"
"2005-03-29","29 Mar 2005","3.747086","2.279887","4.223723","2.545289","4.378779","2.055063","2.776241","3.152603","2.132638","3.438922"
"2005-03-30","30 Mar 2005","3.732593","2.272992","4.222079","2.532685","4.384241","2.054379","2.760136","3.133848","2.129670","3.420841"
"2005-03-31","31 Mar 2005","3.693343","2.237072","4.183060","2.475470","4.315225","2.046213","2.693694","3.068324","2.110882","3.366027"
"2005-04-01","01 Apr 2005","3.649915","2.206055","4.176087","2.425005","4.322583","2.038475","2.633043","3.003582","2.094388","3.307665"
"2005-04-04","04 Apr 2005","3.659387","2.212603","4.159551","2.435095","4.287145","2.042011","2.645842","3.018987","2.098946","3.322355"
"2005-04-05","05 Apr 2005","3.651684","2.213731","4.149336","2.435151","4.276514","2.043703","2.644672","3.015404","2.100482","3.316764"
"2005-04-06","06 Apr 2005","3.649134","2.206240","4.168035","2.422982","4.306345","2.042020","2.630364","3.001536","2.096605","3.306622"
"2005-04-07","07 Apr 2005","3.628539","2.185061","4.167644","2.395438","4.316384","2.028585","2.599661","2.970300","2.080250","3.278740"
"2005-04-08","08 Apr 2005","3.644219","2.183115","4.204617","2.391949","4.363564","2.029614","2.596536","2.971122","2.080077","3.285356"
"2005-04-11","11 Apr 2005","3.633303","2.174566","4.183026","2.381488","4.333422","2.024294","2.585660","2.960900","2.073454","3.275573"
"2005-04-12","12 Apr 2005","3.625422","2.178393","4.162367","2.387261","4.307622","2.024713","2.591448","2.963749","2.075239","3.274067"
"2005-04-13","13 Apr 2005","3.598307","2.173214","4.140587","2.376284","4.291478","2.024612","2.575772","2.941590","2.073378","3.248469"
"2005-04-14","14 Apr 2005","3.608912","2.172701","4.156473","2.378972","4.310965","2.020618","2.580580","2.948904","2.070672","3.257291"
"2005-04-15","15 Apr 2005","3.571193","2.144316","4.138884","2.335707","4.300934","2.011030","2.530126","2.896467","2.053919","3.209812"
"2005-04-18","18 Apr 2005","3.571033","2.138486","4.137575","2.332156","4.298972","2.002762","2.528060","2.895912","2.046547","3.209725"
"2005-04-19","19 Apr 2005","3.541541","2.125582","4.097881","2.304922","4.248639","2.009735","2.494803","2.861602","2.045771","3.178158"
"2005-04-20","20 Apr 2005","3.545295","2.123652","4.100348","2.300973","4.249259","2.012087","2.491100","2.860656","2.046340","3.179885"
"2005-04-21","21 Apr 2005","3.587898","2.126976","4.114162","2.308646","4.240074","2.018697","2.507083","2.892788","2.050937","3.221152"
"2005-04-22","22 Apr 2005","3.547252","2.118966","4.094315","2.299107","4.239107","2.005253","2.491566","2.863822","2.040201","3.183512"
"2005-04-25","25 Apr 2005","3.533124","2.118935","4.077754","2.296800","4.222566","2.006724","2.486982","2.855289","2.041206","3.172079"
"2005-04-26","26 Apr 2005","3.514579","2.113105","4.058132","2.287543","4.203056","2.004244","2.475180","2.840152","2.037522","3.155027"
"2005-04-27","27 Apr 2005","3.489051","2.105275","4.031119","2.274708","4.176371","2.001490","2.458759","2.819189","2.032924","3.131512"
"2005-04-28","28 Apr 2005","3.488187","2.092979","4.037674","2.259552","4.185174","1.994824","2.443764","2.808121","2.023944","3.125160"
"2005-04-29","29 Apr 2005","3.528887","2.091184","4.064962","2.258518","4.197420","2.001053","2.449500","2.830371","2.026336","3.159173"
"2005-05-02","02 May 2005","3.495196","2.082077","4.032439","2.239191","4.165296","2.003583","2.423934","2.798875","2.024516","3.125811"
"2005-05-03","03 May 2005","3.488480","2.066458","4.018679","2.215236","4.143866","2.004680","2.399738","2.781661","2.018664","3.115123"
"2005-05-04","04 May 2005","3.524994","2.077106","4.052565","2.233467","4.173776","2.008009","2.423591","2.812624","2.024608","3.149692"
"2005-05-05","05 May 2005","3.512406","2.071418","4.055409","2.224036","4.185646","2.004690","2.410906","2.796395","2.020606","3.133462"
"2005-05-06","06 May 2005","3.539666","2.083531","4.071838","2.247553","4.196381","2.002498","2.440305","2.829091","2.023877","3.164795"
"2005-05-09","09 May 2005","3.538293","2.089695","4.058491","2.256091","4.177304","2.004987","2.449358","2.836299","2.027818","3.168669"
"2005-05-10","10 May 2005","3.466803","2.068547","3.985252","2.215278","4.104918","2.007261","2.396918","2.772521","2.021215","3.100214"
"2005-05-11","11 May 2005","3.438728","2.069301","3.952305","2.212383","4.071275","2.008843","2.389361","2.756236","2.022799","3.077624"
"2005-05-12","12 May 2005","3.438924","2.078542","3.949299","2.224900","4.067875","2.011141","2.401609","2.764459","2.027998","3.081724"
"2005-05-13","13 May 2005","3.403082","2.078609","3.916034","2.221650","4.040002","2.009375","2.392345","2.742930","2.027447","3.051686"
"2005-05-16","16 May 2005","3.411818","2.082895","3.920055","2.227210","4.040486","2.012972","2.399165","2.751521","2.031226","3.060915"
"2005-05-17","17 May 2005","3.424227","2.082170","3.937582","2.227209","4.059140","2.012733","2.400694","2.756769","2.030691","3.069559"
"2005-05-18","18 May 2005","3.389815","2.077145","3.885255","2.218995","3.998077","2.009587","2.388914","2.737709","2.026986","3.043748"
"2005-05-19","19 May 2005","3.402703","2.084307","3.889857","2.229849","3.997119","2.012759","2.402070","2.752755","2.031623","3.058605"
"2005-05-20","20 May 2005","3.444935","2.107245","3.930867","2.272246","3.994635","2.001163","2.448674","2.794536","2.034167","3.097121"
"2005-05-23","23 May 2005","3.414573","2.104982","3.904845","2.262094","3.973180","2.006227","2.432441","2.770298","2.036642","3.068753"
"2005-05-24","24 May 2005","3.377583","2.079476","3.875687","2.218750","3.940768","2.004307","2.381189","2.718104","2.025640","3.022615"
"2005-05-25","25 May 2005","3.371227","2.065707","3.888045","2.194704","3.959368","2.005204","2.353584","2.693337","2.020814","3.005276"
"2005-05-26","26 May 2005","3.413257","2.073358","3.931810","2.210257","4.001450","2.005984","2.375664","2.724925","2.023974","3.042755"
"2005-05-27","27 May 2005","3.425522","2.067219","3.974784","2.198120","4.058701","2.008819","2.362040","2.715591","2.023291","3.041691"
"2005-05-30","30 May 2005","3.426996","2.065981","3.979916","2.196583","4.065824","2.008132","2.360536","2.714696","2.022382","3.041712"
"2005-05-31","31 May 2005","3.365147","2.055644","3.914451","2.177542","4.004063","2.003660","2.332873","2.672273","2.016072","2.988795"
"2005-06-01","01 Jun 2005","3.339011","2.012541","3.917908","2.119023","4.018340","1.983742","2.269850","2.615642","1.987013","2.944922"
"2005-06-02","02 Jun 2005","3.321973","2.019883","3.862606","2.121324","4.002278","2.015433","2.278059","2.632604","2.007570","2.954620"
"2005-06-03","03 Jun 2005","3.255404","2.010281","3.786491","2.096944","3.923506","2.020399","2.242733","2.582711","2.007285","2.895885"
"2005-06-06","06 Jun 2005","3.298714","2.012039","3.819398","2.103061","3.946572","2.026881","2.257451","2.613396","2.011014","2.935592"
"2005-06-07","07 Jun 2005","3.244932","1.993665","3.749835","2.069830","3.869079","2.030525","2.217589","2.568512","2.005859","2.887477"
"2005-06-08","08 Jun 2005","3.214193","1.973894","3.713056","2.039359","3.829101","2.029838","2.184367","2.536637","1.997300","2.857150"
"2005-06-09","09 Jun 2005","3.228724","1.985171","3.723059","2.064448","3.862948","2.038250","2.220936","2.578197","2.005068","2.889038"
"2005-06-10","10 Jun 2005","3.238401","2.005672","3.731897","2.087230","3.842380","2.027670","2.233074","2.575259","2.009464","2.887144"
"2005-06-13","13 Jun 2005","3.269947","1.996306","3.783431","2.080723","3.902124","2.019376","2.231646","2.585251","2.000372","2.907200"
"2005-06-14","14 Jun 2005","3.278263","1.999797","3.797113","2.085590","3.918529","2.020361","2.236948","2.590951","2.002401","2.913695"
"2005-06-15","15 Jun 2005","3.365828","2.032029","3.901800","2.140988","4.030226","2.020998","2.303884","2.667319","2.015418","2.994733"
"2005-06-16","16 Jun 2005","3.411414","2.045848","3.928235","2.173693","4.045990","2.013374","2.347663","2.719484","2.015770","3.046348"
"2005-06-17","17 Jun 2005","3.384553","2.038856","3.888595","2.161175","4.000783","2.014577","2.332449","2.701118","2.013683","3.024798"
"2005-06-20","20 Jun 2005","3.398996","2.016142","3.911754","2.131982","4.026030","2.012862","2.307716","2.692431","2.002727","3.028870"
"2005-06-21","21 Jun 2005","3.308210","1.966223","3.819657","2.052955","3.936626","2.009943","2.218239","2.600345","1.980728","2.938095"
"2005-06-22","22 Jun 2005","3.233155","1.944011","3.730132","2.013640","3.843887","2.011663","2.169842","2.541813","1.972943","2.872166"
"2005-06-23","23 Jun 2005","3.241421","1.952499","3.748613","2.024650","3.867987","2.011428","2.179578","2.548266","1.976629","2.878008"
"2005-06-24","24 Jun 2005","3.217871","1.956079","3.719988","2.026054","3.838766","2.012544","2.176547","2.536353","1.979171","2.859814"
"2005-06-27","27 Jun 2005","3.201430","1.951525","3.704046","2.013639","3.823753","2.019985","2.160965","2.519468","1.981797","2.843134"
"2005-06-28","28 Jun 2005","3.245857","1.966991","3.764990","2.037395","3.891056","2.022399","2.188555","2.551609","1.989533","2.880000"
"2005-06-29","29 Jun 2005","3.223649","1.957244","3.752349","2.018887","3.883066","2.022427","2.164992","2.524723","1.985958","2.854121"
"2005-06-30","30 Jun 2005","3.238617","1.958293","3.755405","2.027054","3.889281","2.026596","2.181797","2.549995","1.987602","2.877611"
"2005-07-01","01 Jul 2005","3.224843","1.970840","3.733903","2.043817","3.866569","2.024938","2.195498","2.552903","1.992236","2.871685"
"2005-07-04","04 Jul 2005","3.260081","2.009980","3.770591","2.098675","3.904076","2.030086","2.251126","2.599336","2.011825","2.910823"
"2005-07-05","05 Jul 2005","3.304464","2.040986","3.809365","2.153744","3.940764","2.020790","2.313132","2.657661","2.018928","2.961960"
"2005-07-06","06 Jul 2005","3.306716","2.044138","3.810954","2.160176","3.942411","2.017779","2.320074","2.663048","2.018468","2.965626"
"2005-07-07","07 Jul 2005","3.281150","2.015980","3.805894","2.113947","3.946589","2.018964","2.268708","2.616416","2.007823","2.928244"
"2005-07-08","08 Jul 2005","3.256306","2.027833","3.771754","2.126738","3.909792","2.020988","2.276440","2.610854","2.014401","2.912368"
"2005-07-11","11 Jul 2005","3.301941","2.053391","3.830010","2.162982","3.917954","2.013974","2.309024","2.634246","2.021780","2.939377"
"2005-07-12","12 Jul 2005","3.309071","2.063045","3.842786","2.179462","3.937896","2.012511","2.327074","2.649156","2.024772","2.949929"
"2005-07-13","13 Jul 2005","3.329480","2.072852","3.873022","2.195257","3.975436","2.014152","2.345546","2.668740","2.029588","2.969370"
"2005-07-14","14 Jul 2005","3.369832","2.080841","3.916152","2.212489","4.018238","2.012870","2.369435","2.701006","2.031661","3.006224"
"2005-07-15","15 Jul 2005","3.372330","2.088604","3.911178","2.222591","4.010440","2.017081","2.380119","2.710211","2.037270","3.012713"
"2005-07-18","18 Jul 2005","3.337476","2.080284","3.869635","2.205677","3.965412","2.018200","2.357633","2.681533","2.034889","2.980855"
"2005-07-19","19 Jul 2005","3.359871","2.088129","3.887067","2.218488","3.978803","2.021185","2.374031","2.702158","2.039616","3.003175"
"2005-07-20","20 Jul 2005","3.375311","2.090089","3.894142","2.224034","3.979300","2.020475","2.382779","2.715475","2.039773","3.018631"
"2005-07-21","21 Jul 2005","3.363961","2.080749","3.893551","2.206703","3.982700","2.021803","2.362011","2.694760","2.036987","3.001437"
"2005-07-22","22 Jul 2005","3.325903","2.069724","3.845258","2.185129","3.928424","2.023559","2.334463","2.661839","2.033890","2.966213"
"2005-07-25","25 Jul 2005","3.314107","2.069896","3.833049","2.184433","3.917969","2.023299","2.332098","2.655703","2.033917","2.957039"
"2005-07-26","26 Jul 2005","3.326962","2.084819","3.844885","2.207466","3.933536","2.025957","2.357602","2.678730","2.041422","2.975204"
"2005-07-27","27 Jul 2005","3.306212","2.085144","3.829294","2.200971","3.922261","2.032912","2.346127","2.661233","2.046005","2.955076"
"2005-07-28","28 Jul 2005","3.311655","2.093634","3.832740","2.215315","3.927944","2.032546","2.362196","2.675198","2.049136","2.965063"
"2005-07-29","29 Jul 2005","3.312225","2.096357","3.830991","2.220050","3.925919","2.032200","2.367482","2.679558","2.050002","2.967745"
"2005-08-01","01 Aug 2005","3.368117","2.121465","3.876170","2.263947","3.966918","2.035093","2.421871","2.741223","2.061251","3.028568"
"2005-08-02","02 Aug 2005","3.369885","2.115680","3.876205","2.261130","3.965707","2.026157","2.421009","2.742390","2.053470","3.030399"
"2005-08-03","03 Aug 2005","3.406919","2.128627","3.910460","2.282772","3.997465","2.029978","2.448494","2.776246","2.060628","3.066746"
"2005-08-04","04 Aug 2005","3.393748","2.130428","3.893951","2.283017","3.981282","2.032324","2.446726","2.770273","2.062874","3.057214"
"2005-08-05","05 Aug 2005","3.443138","2.149494","3.937652","2.315638","4.022257","2.036410","2.487781","2.819126","2.072505","3.107814"
"2005-08-08","08 Aug 2005","3.444392","2.151505","3.931895","2.320721","4.013892","2.034479","2.494232","2.825458","2.072079","3.112349"
"2005-08-09","09 Aug 2005","3.426251","2.155274","3.912113","2.323072","3.998322","2.037743","2.493872","2.818596","2.075709","3.099756"
"2005-08-10","10 Aug 2005","3.406766","2.152601","3.891709","2.315956","3.978404","2.039308","2.483383","2.803608","2.075762","3.082190"
"2005-08-11","11 Aug 2005","3.408497","2.145409","3.897764","2.309144","3.985426","2.032375","2.477449","2.800033","2.068677","3.081007"
"2005-08-12","12 Aug 2005","3.377299","2.126334","3.875353","2.274268","3.960486","2.033414","2.435059","2.755683","2.062038","3.041491"
"2005-08-15","15 Aug 2005","3.354003","2.111801","3.847868","2.247279","3.924417","2.035961","2.402935","2.723616","2.057957","3.013545"
"2005-08-16","16 Aug 2005","3.332256","2.100784","3.835147","2.226389","3.915088","2.037203","2.377024","2.695400","2.054538","2.987318"
"2005-08-17","17 Aug 2005","3.308043","2.095564","3.810202","2.214376","3.890414","2.039406","2.360621","2.674328","2.053996","2.964262"
"2005-08-18","18 Aug 2005","3.289528","2.087054","3.790891","2.201664","3.870929","2.035800","2.345434","2.656901","2.048546","2.946117"
"2005-08-19","19 Aug 2005","3.280805","2.090858","3.782725","2.207307","3.867167","2.035128","2.350249","2.657126","2.049754","2.941682"
"2005-08-22","22 Aug 2005","3.292712","2.095832","3.793745","2.216675","3.878774","2.034744","2.361963","2.670302","2.051401","2.954570"
"2005-08-23","23 Aug 2005","3.258511","2.102530","3.762369","2.222227","3.858620","2.037489","2.362470","2.657456","2.056077","2.930228"
"2005-08-24","24 Aug 2005","3.245274","2.104141","3.742701","2.220398","3.835653","2.042549","2.358101","2.649562","2.059887","2.919863"
"2005-08-25","25 Aug 2005","3.224284","2.096246","3.724496","2.206562","3.818939","2.041270","2.340602","2.628719","2.056153","2.898300"
"2005-08-26","26 Aug 2005","3.224043","2.104769","3.718148","2.218368","3.812426","2.044398","2.352910","2.638145","2.061432","2.903442"
"2005-08-29","29 Aug 2005","3.220723","2.107336","3.718811","2.224827","3.820496","2.040476","2.359990","2.642280","2.060109","2.903680"
"2005-08-30","30 Aug 2005","3.246090","2.116520","3.734432","2.243759","3.831512","2.038581","2.384650","2.671287","2.062340","2.932344"
"2005-08-31","31 Aug 2005","3.179584","2.095852","3.695343","2.202941","3.810731","2.038882","2.330392","2.603476","2.055002","2.861463"
"2005-09-01","01 Sep 2005","3.158396","2.062169","3.666970","2.159304","3.766718","2.021378","2.284818","2.564417","2.031043","2.831553"
"2005-09-02","02 Sep 2005","3.143420","2.043538","3.655982","2.133256","3.753748","2.013743","2.256444","2.538431","2.019083","2.810549"
"2005-09-05","05 Sep 2005","3.131771","2.038666","3.640971","2.126152","3.736812","2.011487","2.247998","2.528598","2.015841","2.799938"
"2005-09-06","06 Sep 2005","3.157442","2.054918","3.660073","2.149878","3.753040","2.018623","2.275662","2.558407","2.026429","2.828617"
"2005-09-07","07 Sep 2005","3.163881","2.059411","3.663058","2.156918","3.754579","2.019942","2.283967","2.567161","2.028955","2.836625"
"2005-09-08","08 Sep 2005","3.147658","2.058226","3.650310","2.150492","3.744664","2.024057","2.273875","2.552880","2.031151","2.820667"
"2005-09-09","09 Sep 2005","3.124498","2.066136","3.629678","2.159694","3.733741","2.025780","2.279959","2.548305","2.035593","2.806201"
"2005-09-12","12 Sep 2005","3.184390","2.090219","3.696229","2.200675","3.807468","2.029995","2.330606","2.606724","2.047278","2.866043"
"2005-09-13","13 Sep 2005","3.177092","2.090603","3.705455","2.200477","3.830972","2.029260","2.328698","2.601020","2.047120","2.858148"
"2005-09-14","14 Sep 2005","3.152480","2.094390","3.672145","2.203577","3.798453","2.031201","2.328990","2.593268","2.049967","2.842425"
"2005-09-15","15 Sep 2005","3.179567","2.106481","3.690811","2.226615","3.815702","2.030497","2.358127","2.626219","2.054054","2.873983"
"2005-09-16","16 Sep 2005","3.202830","2.113712","3.713570","2.240707","3.839474","2.030220","2.376534","2.648698","2.056549","2.897499"
"2005-09-19","19 Sep 2005","3.187647","2.108414","3.702133","2.232565","3.831523","2.027501","2.366159","2.635361","2.052926","2.882710"
"2005-09-20","20 Sep 2005","3.143066","2.096615","3.654590","2.212646","3.784509","2.023277","2.339916","2.600359","2.046017","2.842401"
"2005-09-21","21 Sep 2005","3.096973","2.088440","3.595561","2.197469","3.720562","2.021113","2.318720","2.569476","2.041770","2.804209"
"2005-09-22","22 Sep 2005","3.102318","2.085158","3.599072","2.190987","3.714857","2.023092","2.311815","2.565659","2.041656","2.804758"
"2005-09-23","23 Sep 2005","3.124643","2.111937","3.602314","2.228947","3.716013","2.035312","2.354529","2.607174","2.059441","2.839080"
"2005-09-26","26 Sep 2005","3.179547","2.136027","3.676645","2.273139","3.823159","2.035331","2.409465","2.668190","2.068524","2.897927"
"2005-09-27","27 Sep 2005","3.172630","2.137505","3.672536","2.272073","3.821740","2.039206","2.406474","2.662745","2.071548","2.891323"
"2005-09-28","28 Sep 2005","3.194042","2.155607","3.671157","2.304809","3.824203","2.039845","2.446670","2.704749","2.078736","2.926565"
"2005-09-29","29 Sep 2005","3.210620","2.180715","3.652261","2.335526","3.785642","2.058311","2.480121","2.737769","2.099681","2.954474"
"2005-09-30","30 Sep 2005","3.194569","2.184064","3.643549","2.341390","3.809664","2.056967","2.485561","2.737706","2.100223","2.947071"
"2005-10-03","03 Oct 2005","3.273661","2.201566","3.684262","2.379163","3.813705","2.055333","2.538590","2.809657","2.105379","3.026908"
"2005-10-04","04 Oct 2005","3.219312","2.191722","3.657360","2.354807","3.813103","2.059153","2.503276","2.760680","2.104354","2.972161"
"2005-10-05","05 Oct 2005","3.220854","2.193862","3.655499","2.357434","3.809177","2.060742","2.506162","2.763589","2.106146","2.974675"
"2005-10-06","06 Oct 2005","3.232207","2.198455","3.679285","2.361672","3.841246","2.065969","2.510498","2.769110","2.111123","2.982227"
"2005-10-07","07 Oct 2005","3.233046","2.237273","3.670670","2.401216","3.866363","2.101610","2.547893","2.797269","2.148119","2.998755"
"2005-10-10","10 Oct 2005","3.207888","2.230291","3.644391","2.390329","3.842252","2.098055","2.533755","2.778223","2.143370","2.976428"
"2005-10-11","11 Oct 2005","3.225613","2.239934","3.657725","2.402440","3.850930","2.105405","2.547761","2.794673","2.151530","2.994010"
"2005-10-12","12 Oct 2005","3.256949","2.237627","3.690027","2.407564","3.878561","2.096538","2.559022","2.815083","2.144952","3.020396"
"2005-10-13","13 Oct 2005","3.320711","2.242133","3.760644","2.424258","3.944234","2.090458","2.585985","2.857870","2.142549","3.074128"
"2005-10-14","14 Oct 2005","3.318013","2.237914","3.760032","2.420083","3.945024","2.086248","2.581907","2.854098","2.138331","3.070755"
"2005-10-17","17 Oct 2005","3.336370","2.269540","3.764930","2.450708","3.941750","2.118428","2.611302","2.880582","2.170347","3.094020"
"2005-10-18","18 Oct 2005","3.337259","2.271013","3.772930","2.451054","3.955545","2.121062","2.610920","2.879666","2.172562","3.093440"
"2005-10-19","19 Oct 2005","3.306253","2.243495","3.757659","2.420422","3.952849","2.096691","2.578207","2.845161","2.147057","3.059363"
"2005-10-20","20 Oct 2005","3.334778","2.280115","3.780689","2.465173","4.011602","2.123260","2.626587","2.892300","2.177412","3.099685"
"2005-10-21","21 Oct 2005","3.271944","2.260462","3.705439","2.437279","3.932673","2.110713","2.591660","2.846214","2.162401","3.045386"
"2005-10-24","24 Oct 2005","3.267213","2.255861","3.708262","2.431227","3.940253","2.107681","2.584746","2.838849","2.158795","3.038666"
"2005-10-25","25 Oct 2005","3.320083","2.282889","3.753220","2.465647","3.976211","2.127831","2.624866","2.886469","2.181377","3.090080"
"2005-10-26","26 Oct 2005","3.423325","2.341104","3.829211","2.539319","4.028043","2.171260","2.709978","2.985383","2.230072","3.194393"
"2005-10-27","27 Oct 2005","3.413957","2.347966","3.835530","2.539629","4.047323","2.184505","2.705577","2.975696","2.241033","3.183211"
"2005-10-28","28 Oct 2005","3.420933","2.370634","3.831109","2.560851","4.037951","2.208041","2.725129","2.991576","2.264305","3.195357"
"2005-10-31","31 Oct 2005","3.411285","2.367907","3.830618","2.564284","4.072078","2.197033","2.730791","2.995032","2.256473","3.193173"
"2005-11-01","01 Nov 2005","3.420746","2.390806","3.817484","2.592692","4.054425","2.212568","2.761139","3.022773","2.274825","3.214172"
"2005-11-02","02 Nov 2005","3.489056","2.423314","3.865318","2.635439","4.081016","2.235887","2.812038","3.084670","2.301358","3.281486"
"2005-11-03","03 Nov 2005","3.500958","2.459276","3.883850","2.671125","4.018895","2.137259","2.804934","3.037024","2.270849","3.250575"
"2005-11-04","04 Nov 2005","3.510934","2.445100","3.891211","2.656236","4.024588","2.131968","2.794836","3.037985","2.261472","3.257910"
"2005-11-07","07 Nov 2005","3.534978","2.495194","3.897829","2.713963","4.024962","2.159524","2.850544","3.083305","2.299106","3.293229"
"2005-11-08","08 Nov 2005","3.516994","2.498677","3.873479","2.707930","3.998079","2.174946","2.839954","3.069605","2.310051","3.277951"
"2005-11-09","09 Nov 2005","3.550404","2.530443","3.893973","2.745543","4.013521","2.194143","2.879823","3.110529","2.334869","3.316850"
"2005-11-10","10 Nov 2005","3.575473","2.529220","3.916047","2.747083","4.033840","2.186030","2.885470","3.126448","2.330328","3.339283"
"2005-11-11","11 Nov 2005","3.560668","2.524902","3.897133","2.734005","4.013087","2.187277","2.868510","3.110039","2.330510","3.324610"
"2005-11-14","14 Nov 2005","3.549164","2.530259","3.890057","2.724846","4.007443","2.207324","2.852393","3.092224","2.345648","3.309552"
"2005-11-15","15 Nov 2005","3.587114","2.539987","3.928765","2.741848","4.046287","2.215051","2.876333","3.124769","2.353324","3.345728"
"2005-11-16","16 Nov 2005","3.489573","2.499754","3.856660","2.678856","3.984601","2.211634","2.797745","3.026084","2.333849","3.241705"
"2005-11-17","17 Nov 2005","3.511684","2.525513","3.868576","2.711791","3.992948","2.230480","2.833628","3.060008","2.354905","3.270517"
"2005-11-18","18 Nov 2005","3.573905","2.618278","3.905878","2.821771","4.021910","2.298825","2.946320","3.158822","2.432320","3.351725"
"2005-11-21","21 Nov 2005","3.571715","2.629591","3.900357","2.823491","4.014428","2.300705","2.940169","3.151065","2.441098","3.347492"
"2005-11-22","22 Nov 2005","3.546076","2.608727","3.877573","2.792710","3.992674","2.305852","2.908442","3.121647","2.434552","3.319990"
"2005-11-23","23 Nov 2005","3.517087","2.594211","3.855688","2.764024","3.973355","2.313537","2.874194","3.086075","2.433235","3.286884"
"2005-11-24","24 Nov 2005","3.416430","2.554342","3.809819","2.710650","3.953443","2.324595","2.811693","2.996357","2.418868","3.181147"
"2005-11-25","25 Nov 2005","3.458198","2.568825","3.811505","2.717638","3.935057","2.322496","2.817788","3.021924","2.427825","3.222730"
"2005-11-28","28 Nov 2005","3.465609","2.593304","3.820857","2.751453","3.946215","2.332248","2.851003","3.043705","2.443007","3.235210"
"2005-11-29","29 Nov 2005","3.465531","2.590735","3.821263","2.749370","3.946856","2.331654","2.849848","3.043416","2.441309","3.235052"
"2005-11-30","30 Nov 2005","3.503981","2.614986","3.835537","2.778222","3.950863","2.338137","2.882276","3.084805","2.456825","3.279419"
"2005-12-01","01 Dec 2005","3.427162","2.557036","3.779058","2.703304","3.902758","2.324914","2.802633","3.001125","2.423040","3.196066"
"2005-12-02","02 Dec 2005","3.460157","2.553423","3.811249","2.706752","3.933956","2.312111","2.812736","3.023173","2.414167","3.225306"
"2005-12-05","05 Dec 2005","3.459980","2.561478","3.808095","2.714183","3.929551","2.310989","2.817341","3.024874","2.417925","3.226166"
"2005-12-06","06 Dec 2005","3.425054","2.554137","3.789860","2.709266","3.919448","2.307641","2.809126","3.001234","2.411261","3.192388"
"2005-12-07","07 Dec 2005","3.417821","2.557893","3.777783","2.712815","3.905752","2.312436","2.811933","3.000955","2.415469","3.188784"
"2005-12-08","08 Dec 2005","3.422971","2.570638","3.781448","2.723971","3.908678","2.320148","2.820351","3.006770","2.426041","3.194177"
"2005-12-09","09 Dec 2005","3.469549","2.610369","3.810868","2.778500","3.931071","2.320169","2.877222","3.062707","2.444127","3.247343"
"2005-12-12","12 Dec 2005","3.457824","2.613482","3.799874","2.787728","3.921259","2.314876","2.885977","3.062825","2.441708","3.240059"
"2005-12-13","13 Dec 2005","3.436588","2.621872","3.776265","2.798302","3.897657","2.313605","2.892305","3.056660","2.444634","3.224889"
"2005-12-14","14 Dec 2005","3.403427","2.623418","3.749393","2.793182","3.874445","2.325727","2.881058","3.033476","2.452036","3.194406"
"2005-12-15","15 Dec 2005","3.405735","2.633077","3.745350","2.799946","3.867610","2.336912","2.886221","3.038016","2.462990","3.198574"
"2005-12-16","16 Dec 2005","3.378717","2.633730","3.703978","2.792212","3.820333","2.343842","2.873225","3.020213","2.468160","3.177431"
"2005-12-19","19 Dec 2005","3.384199","2.644275","3.702422","2.803929","3.815708","2.342065","2.883096","3.028365","2.472613","3.184957"
"2005-12-20","20 Dec 2005","3.396383","2.649773","3.704362","2.816840","3.813867","2.344505","2.901216","3.048868","2.475365","3.202679"
"2005-12-21","21 Dec 2005","3.422357","2.670425","3.722459","2.851714","3.829639","2.350799","2.942218","3.088277","2.486417","3.235771"
"2005-12-22","22 Dec 2005","3.412955","2.677599","3.707874","2.863227","3.813723","2.349757","2.952868","3.091657","2.488610","3.232299"
"2005-12-23","23 Dec 2005","3.416183","2.676395","3.684262","2.859415","3.778559","2.349982","2.951339","3.098882","2.489116","3.242211"
"2005-12-27","27 Dec 2005","3.376166","2.672774","3.676872","2.858168","3.787100","2.353858","2.945571","3.072028","2.487648","3.201684"
"2005-12-28","28 Dec 2005","3.338172","2.661145","3.661771","2.836865","3.782307","2.348662","2.915298","3.030521","2.480448","3.157974"
"2005-12-29","29 Dec 2005","3.362669","2.675291","3.670462","2.852803","3.782550","2.343288","2.930129","3.049633","2.485124","3.182181"
"2005-12-30","30 Dec 2005","3.287881","2.658794","3.638994","2.822528","3.773156","2.351995","2.887970","2.983956","2.482352","3.104218"
"2006-01-02","02 Jan 2006","3.408130","2.693089","3.749367","2.877050","3.875339","2.347018","2.955337","3.075927","2.494857","3.214201"
"2006-01-03","03 Jan 2006","3.417130","2.693183","3.747145","2.870308","3.866690","2.347791","2.946827","3.074824","2.496904","3.220631"
"2006-01-04","04 Jan 2006","3.348987","2.633545","3.655842","2.780346","3.764486","2.351666","2.855039","2.998759","2.474072","3.153973"
"2006-01-05","05 Jan 2006","3.321508","2.613207","3.639703","2.753216","3.753422","2.357218","2.827565","2.969922","2.467210","3.124167"
"2006-01-06","06 Jan 2006","3.320237","2.611378","3.634889","2.756801","3.747820","2.355848","2.834693","2.976555","2.464561","3.127042"
"2006-01-09","09 Jan 2006","3.287735","2.614073","3.589432","2.761037","3.698469","2.357828","2.836752","2.967341","2.466305","3.106153"
"2006-01-10","10 Jan 2006","3.306303","2.641284","3.598211","2.798551","3.704160","2.368516","2.876390","3.001476","2.483533","3.132763"
"2006-01-11","11 Jan 2006","3.323390","2.669735","3.598399","2.831204","3.697529","2.384171","2.908739","3.030562","2.505048","3.157394"
"2006-01-12","12 Jan 2006","3.297249","2.643246","3.578404","2.797149","3.680092","2.379267","2.874722","2.999499","2.490381","3.128534"
"2006-01-13","13 Jan 2006","3.290726","2.643931","3.576380","2.796678","3.679757","2.372308","2.870577","2.991177","2.487459","3.120060"
"2006-01-16","16 Jan 2006","3.294809","2.642309","3.593481","2.796932","3.703469","2.383530","2.874652","2.996033","2.491621","3.123056"
"2006-01-17","17 Jan 2006","3.293398","2.630720","3.592582","2.781625","3.702101","2.380549","2.860189","2.987013","2.485024","3.118540"
"2006-01-18","18 Jan 2006","3.313191","2.652888","3.604318","2.818257","3.712524","2.390111","2.903247","3.026581","2.498411","3.148577"
"2006-01-19","19 Jan 2006","3.378350","2.680051","3.663735","2.858567","3.768646","2.399783","2.951858","3.085466","2.515073","3.212367"
"2006-01-20","20 Jan 2006","3.374386","2.682149","3.668996","2.863211","3.778856","2.398839","2.956124","3.085143","2.515074","3.208584"
"2006-01-23","23 Jan 2006","3.419494","2.686588","3.723288","2.876067","3.836615","2.399448","2.977003","3.117402","2.516446","3.247590"
"2006-01-24","24 Jan 2006","3.418468","2.684828","3.704496","2.872064","3.808851","2.394523","2.972027","3.115636","2.513723","3.248597"
"2006-01-25","25 Jan 2006","3.448599","2.696214","3.749922","2.890256","3.861230","2.400619","2.994081","3.139977","2.521329","3.274288"
"2006-01-26","26 Jan 2006","3.483052","2.689412","3.797777","2.885593","3.914230","2.404687","2.996943","3.156779","2.519756","3.300198"
"2006-01-27","27 Jan 2006","3.492088","2.701498","3.808607","2.906307","3.927499","2.406608","3.020362","3.176304","2.525271","3.313796"
"2006-01-30","30 Jan 2006","3.500614","2.726211","3.830215","2.942336","3.959240","2.417253","3.058308","3.203764","2.540870","3.329383"
"2006-01-31","31 Jan 2006","3.504068","2.730820","3.832888","2.945175","3.961474","2.425376","3.060838","3.206769","2.547513","3.332783"
"2006-02-01","01 Feb 2006","3.508347","2.729684","3.809230","2.947432","3.924923","2.426603","3.068172","3.220281","2.547170","3.345454"
"2006-02-02","02 Feb 2006","3.562865","2.747337","3.850230","2.976594","3.957124","2.420549","3.102806","3.264473","2.551556","3.396983"
"2006-02-03","03 Feb 2006","3.545330","2.739052","3.837476","2.960853","3.946344","2.423395","3.083841","3.244080","2.549938","3.377404"
"2006-02-06","06 Feb 2006","3.504132","2.730659","3.801250","2.938050","3.911312","2.420773","3.049329","3.199583","2.546606","3.332759"
"2006-02-07","07 Feb 2006","3.514654","2.721193","3.822291","2.924164","3.936352","2.427354","3.038072","3.196787","2.545905","3.336609"
"2006-02-08","08 Feb 2006","3.536452","2.724719","3.839306","2.929602","3.951010","2.436479","3.048425","3.215145","2.552046","3.358268"
"2006-02-09","09 Feb 2006","3.536062","2.729945","3.835206","2.934575","3.945456","2.441420","3.052842","3.218164","2.557153","3.359831"
"2006-02-10","10 Feb 2006","3.477820","2.710256","3.782726","2.899167","3.896765","2.448050","3.009886","3.166717","2.552770","3.303615"
"2006-02-13","13 Feb 2006","3.524495","2.724807","3.824984","2.924505","3.936102","2.447430","3.041764","3.206971","2.558290","3.348407"
"2006-02-14","14 Feb 2006","3.541227","2.725509","3.847311","2.927263","3.960618","2.448818","3.047313","3.217199","2.559073","3.361840"
"2006-02-15","15 Feb 2006","3.541639","2.715829","3.813106","2.907308","3.909244","2.453027","3.027956","3.211472","2.558515","3.365109"
"2006-02-16","16 Feb 2006","3.547064","2.729012","3.845440","2.932658","3.955304","2.450428","3.054195","3.225660","2.561391","3.370033"
"2006-02-17","17 Feb 2006","3.511069","2.713254","3.816126","2.906979","3.929369","2.449939","3.023580","3.190393","2.554651","3.333247"
"2006-02-20","20 Feb 2006","3.474579","2.701028","3.782362","2.881834","3.897136","2.457930","2.992696","3.155251","2.554402","3.296822"
"2006-02-21","21 Feb 2006","3.495860","2.726749","3.812849","2.915683","3.932276","2.461982","3.025128","3.180157","2.567930","3.317773"
"2006-02-22","22 Feb 2006","3.463161","2.737264","3.755792","2.922329","3.864798","2.465970","3.024636","3.167501","2.575699","3.296218"
"2006-02-23","23 Feb 2006","3.493746","2.770366","3.781237","2.967632","3.888894","2.475224","3.071798","3.209379","2.594940","3.332187"
"2006-02-24","24 Feb 2006","3.517780","2.777032","3.801779","2.978978","3.907626","2.479168","3.087489","3.230855","2.599627","3.356016"
"2006-02-27","27 Feb 2006","3.537666","2.796533","3.828681","3.007169","3.938503","2.481877","3.116609","3.255310","2.609292","3.376716"
"2006-02-28","28 Feb 2006","3.523747","2.806517","3.795546","3.015660","3.896971","2.486592","3.121539","3.254165","2.616880","3.370526"
"2006-03-01","01 Mar 2006","3.533863","2.820317","3.809708","3.033067","3.913746","2.495194","3.139363","3.268791","2.627416","3.382038"
"2006-03-02","02 Mar 2006","3.589269","2.842705","3.860215","3.066437","3.961925","2.509745","3.181569","3.321054","2.644351","3.437595"
"2006-03-03","03 Mar 2006","3.634950","2.867486","3.875505","3.100080","3.962543","2.514786","3.220140","3.368342","2.658368","3.488488"
"2006-03-06","06 Mar 2006","3.617826","2.867960","3.868831","3.100380","3.961629","2.517618","3.218299","3.358484","2.659724","3.472762"
"2006-03-07","07 Mar 2006","3.628401","2.869324","3.878274","3.104788","3.970474","2.516067","3.224954","3.367802","2.659213","3.483140"
"2006-03-08","08 Mar 2006","3.664544","2.879783","3.935503","3.119306","4.036153","2.519119","3.241333","3.388129","2.665395","3.509378"
"2006-03-09","09 Mar 2006","3.678963","2.878049","3.960848","3.116307","4.065605","2.521554","3.239478","3.391023","2.666004","3.517403"
"2006-03-10","10 Mar 2006","3.718535","2.889800","4.010563","3.135960","4.119536","2.525243","3.264348","3.421921","2.672575","3.552163"
"2006-03-13","13 Mar 2006","3.721238","2.900927","4.009401","3.151341","4.117409","2.527648","3.279668","3.433005","2.678612","3.558918"
"2006-03-14","14 Mar 2006","3.683976","2.887050","3.964101","3.124428","4.067346","2.521899","3.244487","3.393744","2.670919","3.521115"
"2006-03-15","15 Mar 2006","3.687748","2.902962","3.958881","3.150997","4.060057","2.523764","3.273754","3.416590","2.677968","3.534551"
"2006-03-16","16 Mar 2006","3.694309","2.916840","3.955981","3.167367","4.053456","2.533242","3.290515","3.431330","2.689245","3.545995"
"2006-03-17","17 Mar 2006","3.721005","2.942577","3.985045","3.201196","4.083769","2.539005","3.324366","3.461022","2.703741","3.573240"
"2006-03-20","20 Mar 2006","3.689717","2.933021","3.961007","3.174139","4.062955","2.560807","3.291351","3.426067","2.712413","3.539337"
"2006-03-21","21 Mar 2006","3.707558","2.945706","3.976189","3.187153","4.076221","2.568816","3.304038","3.440285","2.722830","3.555797"
"2006-03-22","22 Mar 2006","3.669702","2.939698","3.916908","3.167570","4.006433","2.563604","3.274441","3.405565","2.719640","3.521524"
"2006-03-23","23 Mar 2006","3.683787","2.938695","3.938199","3.163845","4.030083","2.568930","3.271666","3.408391","2.722330","3.529915"
"2006-03-24","24 Mar 2006","3.692214","2.941480","3.946502","3.166713","4.038026","2.570084","3.274868","3.413587","2.724388","3.537024"
"2006-03-27","27 Mar 2006","3.665657","2.931565","3.927528","3.145009","4.022096","2.577475","3.247654","3.383136","2.724826","3.507361"
"2006-03-28","28 Mar 2006","3.751435","2.996722","3.995774","3.234395","4.083761","2.606020","3.346721","3.483937","2.768047","3.602591"
"2006-03-29","29 Mar 2006","3.784939","3.021174","4.024962","3.260474","4.110532","2.619625","3.372793","3.513002","2.787145","3.634866"
"2006-03-30","30 Mar 2006","3.813460","3.038210","4.052152","3.285662","4.137306","2.625062","3.401511","3.543166","2.797147","3.664423"
"2006-03-31","31 Mar 2006","3.816314","3.041208","4.066191","3.287425","4.155875","2.627187","3.401281","3.540730","2.799818","3.662989"
"2006-04-03","03 Apr 2006","3.889791","3.076586","4.117740","3.332851","4.197096","2.620702","3.450912","3.604774","2.814149","3.736794"
"2006-04-04","04 Apr 2006","3.877282","3.067292","4.110125","3.314662","4.191156","2.626897","3.430289","3.585715","2.813974","3.720779"
"2006-04-05","05 Apr 2006","3.892256","3.062144","4.157469","3.301888","4.250692","2.638892","3.415717","3.574900","2.818306","3.719368"
"2006-04-06","06 Apr 2006","3.904234","2.986200","4.210225","3.252031","4.320126","2.552580","3.384447","3.560409","2.732699","3.714709"
"2006-04-07","07 Apr 2006","3.957151","2.974129","4.287515","3.250240","4.407855","2.559915","3.398489","3.593877","2.728500","3.757337"
"2006-04-10","10 Apr 2006","3.937588","2.988258","4.257591","3.271587","4.375770","2.561737","3.418540","3.600554","2.735011","3.750305"
"2006-04-11","11 Apr 2006","3.914626","2.993443","4.212954","3.266031","4.320766","2.566643","3.404944","3.582630","2.742013","3.731967"
"2006-04-12","12 Apr 2006","3.908151","2.983466","4.196132","3.260175","4.300314","2.563599","3.404430","3.585272","2.734739","3.731598"
"2006-04-13","13 Apr 2006","3.995930","3.012205","4.286719","3.310185","4.391408","2.564548","3.467006","3.661705","2.746622","3.814881"
"2006-04-18","18 Apr 2006","3.997821","3.010840","4.285858","3.306080","4.388375","2.553780","3.459815","3.656106","2.741357","3.813709"
"2006-04-19","19 Apr 2006","3.989638","3.006130","4.290598","3.300282","4.399627","2.567267","3.456020","3.650506","2.745423","3.804957"
"2006-04-20","20 Apr 2006","3.984481","3.007352","4.276608","3.292806","4.381183","2.578941","3.445827","3.642753","2.753408","3.800029"
"2006-04-21","21 Apr 2006","3.971850","3.001138","4.271492","3.286064","4.379883","2.578359","3.438748","3.632523","2.749849","3.787274"
"2006-04-24","24 Apr 2006","3.991136","3.012744","4.279929","3.295008","4.382403","2.580042","3.445722","3.644298","2.757441","3.804892"
"2006-04-25","25 Apr 2006","4.066410","3.060687","4.316757","3.356108","4.402949","2.583173","3.512914","3.724749","2.782476","3.889696"
"2006-04-26","26 Apr 2006","4.080525","3.107470","4.351478","3.406416","4.446510","2.613331","3.554441","3.745148","2.819576","3.901165"
"2006-04-27","27 Apr 2006","4.038180","3.116252","4.321018","3.414354","4.423201","2.633041","3.556713","3.725825","2.832818","3.865690"
"2006-04-28","28 Apr 2006","4.024394","3.109990","4.310092","3.403921","4.413624","2.634919","3.544598","3.712129","2.831167","3.851455"
"2006-05-02","02 May 2006","4.029963","3.115821","4.326790","3.406362","4.435028","2.646436","3.545427","3.712144","2.840281","3.852889"
"2006-05-03","03 May 2006","4.042100","3.099406","4.337529","3.391595","4.444192","2.632740","3.535574","3.713210","2.825226","3.861064"
"2006-05-04","04 May 2006","4.063002","3.114701","4.362537","3.414719","4.471880","2.644208","3.562750","3.739504","2.837165","3.883917"
"2006-05-05","05 May 2006","4.032311","3.111606","4.354262","3.394949","4.472661","2.651613","3.530610","3.697665","2.841808","3.844042"
"2006-05-08","08 May 2006","4.037415","3.116856","4.355160","3.404522","4.473028","2.664607","3.544978","3.712779","2.850007","3.854684"
"2006-05-09","09 May 2006","4.060140","3.145672","4.367357","3.432078","4.479615","2.679319","3.568546","3.734620","2.872286","3.877969"
"2006-05-10","10 May 2006","4.041030","3.133767","4.351625","3.410109","4.464471","2.673952","3.541167","3.707062","2.865405","3.854433"
"2006-05-11","11 May 2006","4.104113","3.154584","4.410720","3.442630","4.520863","2.677890","3.581829","3.759979","2.876377","3.914361"
"2006-05-12","12 May 2006","4.091683","3.138329","4.424297","3.416799","4.545716","2.691510","3.555411","3.735237","2.876130","3.893013"
"2006-05-15","15 May 2006","4.101082","3.107429","4.435152","3.364075","4.553259","2.679697","3.499352","3.702168","2.859367","3.884668"
"2006-05-16","16 May 2006","4.054104","3.091159","4.390760","3.339237","4.510548","2.678009","3.468839","3.662689","2.851325","3.839975"
"2006-05-17","17 May 2006","4.102629","3.110586","4.460817","3.362874","4.588999","2.690903","3.494902","3.693820","2.866895","3.877844"
"2006-05-18","18 May 2006","4.065063","3.093357","4.432304","3.330889","4.564326","2.702168","3.457485","3.653094","2.865882","3.837334"
"2006-05-19","19 May 2006","4.032611","3.099276","4.398446","3.327162","4.530418","2.714447","3.445353","3.629709","2.876297","3.808262"
"2006-05-22","22 May 2006","3.966034","3.075032","4.336091","3.282697","4.469690","2.709701","3.388459","3.562956","2.864869","3.740164"
"2006-05-23","23 May 2006","3.951518","3.078651","4.342389","3.296877","4.488876","2.722323","3.407214","3.569547","2.870267","3.732025"
"2006-05-24","24 May 2006","3.918725","3.071195","4.306855","3.285143","4.452625","2.713998","3.390148","3.544396","2.862947","3.702402"
"2006-05-25","25 May 2006","3.906193","3.074541","4.299794","3.284781","4.448916","2.724152","3.387141","3.536285","2.870076","3.690931"
"2006-05-26","26 May 2006","3.905776","3.078504","4.292443","3.288355","4.437893","2.721452","3.388832","3.536722","2.870894","3.691510"
"2006-05-29","29 May 2006","3.927545","3.096339","4.315837","3.312670","4.461998","2.721661","3.413244","3.558987","2.879000","3.712988"
"2006-05-30","30 May 2006","3.969344","3.128166","4.345334","3.350181","4.484788","2.729778","3.450658","3.598441","2.898538","3.755169"
"2006-05-31","31 May 2006","3.995415","3.153201","4.356765","3.390949","4.491908","2.744418","3.499632","3.645894","2.915641","3.793197"
"2006-06-01","01 Jun 2006","4.026100","3.173562","4.396114","3.412825","4.535085","2.765484","3.523102","3.671467","2.936091","3.820609"
"2006-06-02","02 Jun 2006","3.967587","3.158636","4.334990","3.385287","4.472645","2.749030","3.483125","3.618379","2.922400","3.763626"
"2006-06-05","05 Jun 2006","3.971227","3.175051","4.334399","3.405195","4.471568","2.764550","3.503873","3.634367","2.937593","3.773299"
"2006-06-06","06 Jun 2006","4.029000","3.202634","4.390224","3.448927","4.526894","2.773890","3.556522","3.693148","2.953619","3.832371"
"2006-06-07","07 Jun 2006","4.049300","3.213654","4.409730","3.461183","4.545270","2.778684","3.569113","3.708313","2.961513","3.850480"
"2006-06-08","08 Jun 2006","4.024653","3.167491","4.387095","3.415381","4.523335","2.747404","3.529164","3.677507","2.922688","3.823669"
"2006-06-09","09 Jun 2006","3.966719","3.130842","4.337803","3.358282","4.477519","2.747968","3.465474","3.612832","2.907623","3.761530"
"2006-06-12","12 Jun 2006","3.952569","3.126572","4.323503","3.345906","4.462823","2.756079","3.450009","3.596766","2.910779","3.746453"
"2006-06-13","13 Jun 2006","3.924494","3.115980","4.300922","3.325518","4.442698","2.758722","3.424523","3.567397","2.908216","3.716759"
"2006-06-14","14 Jun 2006","3.926274","3.139957","4.295797","3.355325","4.435996","2.767398","3.452448","3.585537","2.923494","3.726232"
"2006-06-15","15 Jun 2006","3.979709","3.162050","4.342869","3.393608","4.480980","2.777819","3.501749","3.643027","2.937266","3.783282"
"2006-06-16","16 Jun 2006","3.968542","3.157728","4.334721","3.382018","4.473388","2.779465","3.486103","3.626347","2.937106","3.768935"
"2006-06-19","19 Jun 2006","3.998415","3.188618","4.350915","3.422713","4.484069","2.792405","3.529378","3.667552","2.957547","3.805613"
"2006-06-20","20 Jun 2006","4.003823","3.201494","4.353745","3.441065","4.486184","2.788486","3.546488","3.679347","2.961194","3.813768"
"2006-06-21","21 Jun 2006","4.047961","3.226675","4.395263","3.478741","4.526163","2.787140","3.587725","3.722444","2.971400","3.857734"
"2006-06-22","22 Jun 2006","4.063548","3.233215","4.413356","3.487995","4.545295","2.790961","3.598793","3.735569","2.976188","3.872038"
"2006-06-23","23 Jun 2006","4.109568","3.258285","4.451509","3.515519","4.577464","2.787561","3.624313","3.766931","2.987453","3.912384"
"2006-06-26","26 Jun 2006","4.119775","3.287397","4.460044","3.547011","4.585924","2.801932","3.651987","3.785918","3.008810","3.926068"
"2006-06-27","27 Jun 2006","4.121724","3.317480","4.449558","3.577982","4.571180","2.827028","3.680186","3.805172","3.036096","3.936945"
"2006-06-28","28 Jun 2006","4.122152","3.314169","4.437943","3.575044","4.553829","2.819190","3.677970","3.806236","3.030749","3.939546"
"2006-06-29","29 Jun 2006","4.088010","3.300789","4.407024","3.553419","4.524100","2.805578","3.649106","3.771159","3.018644","3.903952"
"2006-06-30","30 Jun 2006","4.103100","3.311947","4.407537","3.570850","4.518822","2.814980","3.671321","3.795822","3.027901","3.925715"
"2006-07-03","03 Jul 2006","4.100808","3.314795","4.401513","3.569528","4.510497","2.806752","3.665423","3.789348","3.026373","3.921945"
"2006-07-04","04 Jul 2006","4.101029","3.308870","4.410653","3.560766","4.522928","2.800694","3.655136","3.780565","3.020972","3.916908"
"2006-07-05","05 Jul 2006","4.148808","3.341055","4.438227","3.601660","4.541670","2.809690","3.700244","3.832162","3.040926","3.969935"
"2006-07-06","06 Jul 2006","4.136791","3.357553","4.434941","3.610974","4.542620","2.837081","3.703357","3.825011","3.063503","3.957952"
"2006-07-07","07 Jul 2006","4.102533","3.353583","4.403301","3.597461","4.512384","2.839335","3.682154","3.794907","3.064028","3.924470"
"2006-07-10","10 Jul 2006","4.107092","3.358629","4.410233","3.608287","4.520866","2.837567","3.694313","3.804076","3.064559","3.930521"
"2006-07-11","11 Jul 2006","4.091964","3.348837","4.405551","3.586192","4.519861","2.839846","3.666688","3.777023","3.062916","3.908553"
"2006-07-12","12 Jul 2006","4.109965","3.364265","4.427581","3.609761","4.544397","2.848651","3.693066","3.800548","3.073434","3.928267"
"2006-07-13","13 Jul 2006","4.076095","3.345888","4.402557","3.574447","4.522859","2.864984","3.652903","3.760000","3.074725","3.890138"
"2006-07-14","14 Jul 2006","4.024574","3.312855","4.367457","3.523937","4.494753","2.866973","3.596339","3.700656","3.061493","3.832609"
"2006-07-17","17 Jul 2006","4.025442","3.314859","4.380605","3.532492","4.515945","2.888906","3.611718","3.713446","3.071516","3.837533"
"2006-07-18","18 Jul 2006","4.042387","3.335469","4.385607","3.562472","4.516221","2.888644","3.643035","3.741329","3.080329","3.860758"
"2006-07-19","19 Jul 2006","4.041816","3.353891","4.394680","3.588336","4.532377","2.896295","3.668307","3.755549","3.091812","3.865189"
"2006-07-20","20 Jul 2006","4.017593","3.341538","4.362179","3.559170","4.494157","2.905413","3.633205","3.723124","3.093010","3.838217"
"2006-07-21","21 Jul 2006","3.982067","3.319388","4.325882","3.521432","4.456920","2.914968","3.591894","3.683528","3.088993","3.801096"
"2006-07-24","24 Jul 2006","3.978607","3.324442","4.316589","3.523372","4.445135","2.926433","3.592917","3.683734","3.097692","3.800049"
"2006-07-25","25 Jul 2006","3.977007","3.319108","4.315025","3.514483","4.442710","2.922377","3.582643","3.675770","3.093726","3.795596"
"2006-07-26","26 Jul 2006","4.017779","3.351640","4.356180","3.559805","4.484063","2.918475","3.628364","3.718157","3.106368","3.836620"
"2006-07-27","27 Jul 2006","3.974654","3.328423","4.326278","3.515952","4.460083","2.941917","3.579509","3.668733","3.109225","3.788990"
"2006-07-28","28 Jul 2006","3.958014","3.323495","4.297911","3.505158","4.425798","2.937602","3.565046","3.653436","3.105744","3.774322"
"2006-07-31","31 Jul 2006","3.972703","3.341757","4.307108","3.527715","4.432843","2.943778","3.587508","3.673454","3.117378","3.791962"
"2006-08-01","01 Aug 2006","3.994306","3.345759","4.320903","3.531167","4.441982","2.945810","3.592956","3.687054","3.120895","3.811548"
"2006-08-02","02 Aug 2006","3.983346","3.346839","4.312101","3.528100","4.434178","2.947614","3.586236","3.676623","3.122998","3.800225"
"2006-08-03","03 Aug 2006","4.007097","3.385192","4.324604","3.573810","4.442934","2.973172","3.632543","3.716449","3.153662","3.832361"
"2006-08-04","04 Aug 2006","3.958987","3.379582","4.244696","3.537675","4.347523","2.979067","3.581060","3.665813","3.159940","3.787748"
"2006-08-07","07 Aug 2006","3.967290","3.385538","4.260477","3.541971","4.366341","2.989053","3.584815","3.669657","3.168078","3.792943"
"2006-08-08","08 Aug 2006","3.962914","3.388440","4.258151","3.543008","4.365200","3.001585","3.585479","3.668062","3.175750","3.789344"
"2006-08-09","09 Aug 2006","3.989259","3.404073","4.284323","3.564582","4.391268","3.005273","3.609262","3.693545","3.184654","3.815460"
"2006-08-10","10 Aug 2006","3.982454","3.397646","4.270226","3.553915","4.373935","3.010280","3.599352","3.687174","3.184659","3.810275"
"2006-08-11","11 Aug 2006","4.017111","3.424282","4.299300","3.597023","4.401461","3.013235","3.647756","3.732982","3.196731","3.850506"
"2006-08-14","14 Aug 2006","4.056672","3.455914","4.337212","3.636244","4.438452","3.013199","3.686360","3.771102","3.212017","3.889599"
"2006-08-15","15 Aug 2006","4.022018","3.445855","4.304531","3.613000","4.406446","3.013523","3.655363","3.735223","3.209361","3.853759"
"2006-08-16","16 Aug 2006","3.994272","3.451806","4.277590","3.612187","4.380495","3.023629","3.647556","3.716451","3.218184","3.829050"
"2006-08-17","17 Aug 2006","3.958708","3.450446","4.237393","3.603364","4.339010","3.027389","3.632214","3.691576","3.220420","3.798270"
"2006-08-18","18 Aug 2006","3.962379","3.467346","4.230499","3.619291","4.327741","3.030050","3.644870","3.701295","3.230904","3.806040"
"2006-08-21","21 Aug 2006","3.916816","3.458933","4.177596","3.593298","4.271719","3.032957","3.608961","3.659560","3.231380","3.762972"
"2006-08-22","22 Aug 2006","3.871414","3.402792","4.140707","3.512681","4.237106","3.043276","3.528650","3.593254","3.211834","3.708164"
"2006-08-23","23 Aug 2006","3.859970","3.404305","4.165147","3.520549","4.278309","3.052471","3.535045","3.584450","3.214585","3.691311"
"2006-08-24","24 Aug 2006","3.863907","3.407596","4.152823","3.507419","4.257113","3.048389","3.515384","3.574763","3.218627","3.692411"
"2006-08-25","25 Aug 2006","3.867715","3.404452","4.153464","3.500869","4.256040","3.049761","3.509608","3.574203","3.218635","3.695242"
"2006-08-28","28 Aug 2006","3.873836","3.406261","4.156826","3.499874","4.258005","3.055136","3.509107","3.577516","3.222960","3.700910"
"2006-08-29","29 Aug 2006","3.881888","3.420590","4.164654","3.520187","4.266244","3.057228","3.529215","3.592378","3.230081","3.711577"
"2006-08-30","30 Aug 2006","3.856414","3.424380","4.146285","3.505755","4.257171","3.041538","3.520598","3.590424","3.238093","3.698884"
"2006-08-31","31 Aug 2006","3.818126","3.442014","4.117521","3.518157","4.236444","3.059894","3.522883","3.572049","3.255916","3.667356"
"2006-09-01","01 Sep 2006","3.802233","3.450239","4.109624","3.515112","4.232341","3.063303","3.512166","3.554978","3.265358","3.649399"
"2006-09-04","04 Sep 2006","3.801773","3.450331","4.090234","3.509535","4.203010","3.063146","3.507892","3.556330","3.268811","3.652498"
"2006-09-05","05 Sep 2006","3.825750","3.466615","4.112794","3.532045","4.225239","3.072439","3.532923","3.582166","3.280263","3.677620"
"2006-09-06","06 Sep 2006","3.882535","3.498529","4.159864","3.577238","4.267618","3.077365","3.584940","3.640316","3.297793","3.736753"
"2006-09-07","07 Sep 2006","3.898264","3.519952","4.175062","3.604196","4.283834","3.092012","3.612261","3.663561","3.314197","3.755853"
"2006-09-08","08 Sep 2006","3.820756","3.506281","4.091600","3.573244","4.199980","3.096886","3.569597","3.604892","3.312346","3.686844"
"2006-09-11","11 Sep 2006","3.837795","3.532346","4.097119","3.606363","4.201868","3.104072","3.604158","3.635835","3.328729","3.711729"
"2006-09-12","12 Sep 2006","3.868800","3.547996","4.122557","3.624780","4.223791","3.114966","3.626248","3.663676","3.342619","3.742313"
"2006-09-13","13 Sep 2006","3.864227","3.543022","4.123588","3.621037","4.227790","3.116066","3.622310","3.658363","3.339121","3.736626"
"2006-09-14","14 Sep 2006","3.833715","3.538618","4.088330","3.618493","4.193731","3.135986","3.619171","3.646331","3.343223","3.715061"
"2006-09-15","15 Sep 2006","3.794834","3.525935","4.044544","3.601495","4.149773","3.137981","3.599336","3.619743","3.337607","3.682275"
"2006-09-18","18 Sep 2006","3.856839","3.557725","4.079452","3.655010","4.172561","3.148700","3.665526","3.694306","3.355325","3.754257"
"2006-09-19","19 Sep 2006","3.813995","3.537920","4.040767","3.615825","4.134369","3.157748","3.618803","3.645273","3.353210","3.707610"
"2006-09-20","20 Sep 2006","3.794169","3.535086","4.029830","3.604588","4.127845","3.159774","3.602061","3.623688","3.354483","3.685502"
"2006-09-21","21 Sep 2006","3.804412","3.545561","4.042087","3.615601","4.141194","3.162966","3.612665","3.633654","3.361915","3.695337"
"2006-09-22","22 Sep 2006","3.736379","3.494787","3.981901","3.530849","4.080517","3.170815","3.519026","3.544532","3.347151","3.616304"
"2006-09-25","25 Sep 2006","3.716136","3.442201","3.969106","3.475819","4.068624","3.179755","3.468878","3.505709","3.319014","3.587082"
"2006-09-26","26 Sep 2006","3.703247","3.465239","3.925701","3.491713","4.012500","3.193551","3.482555","3.514921","3.342422","3.588154"
"2006-09-27","27 Sep 2006","3.690609","3.473548","3.919161","3.504149","4.011489","3.205467","3.492708","3.514762","3.349548","3.580041"
"2006-09-28","28 Sep 2006","3.722080","3.498389","3.955288","3.531733","4.049522","3.209508","3.520243","3.542747","3.365292","3.609308"
"2006-09-29","29 Sep 2006","3.724041","3.503859","3.939830","3.539553","4.026571","3.224766","3.531338","3.555173","3.374654","3.618513"
"2006-10-02","02 Oct 2006","3.748480","3.498031","3.985244","3.554693","4.082716","3.160595","3.549987","3.573103","3.337510","3.637374"
"2006-10-03","03 Oct 2006","3.701500","3.481300","3.918801","3.494780","4.002448","3.155318","3.480065","3.511842","3.346101","3.586332"
"2006-10-04","04 Oct 2006","3.688798","3.481111","3.901361","3.487310","3.982871","3.168602","3.470788","3.501699","3.354686","3.575371"
"2006-10-05","05 Oct 2006","3.680074","3.483111","3.896662","3.489452","3.980804","3.177802","3.470873","3.496870","3.357998","3.567609"
"2006-10-06","06 Oct 2006","3.722489","3.480261","3.942738","3.496982","4.026849","3.201035","3.486526","3.524693","3.359693","3.603597"
"2006-10-09","09 Oct 2006","3.737308","3.496907","3.939832","3.519625","4.016660","3.185029","3.512428","3.551330","3.363930","3.626349"
"2006-10-10","10 Oct 2006","3.765548","3.512022","3.962593","3.544799","4.037281","3.192017","3.542116","3.583187","3.372169","3.657186"
"2006-10-11","11 Oct 2006","3.773944","3.523447","3.966328","3.559346","4.039448","3.194175","3.557452","3.597138","3.379262","3.668700"
"2006-10-12","12 Oct 2006","3.775586","3.524553","3.965999","3.556316","4.037751","3.198691","3.554211","3.596176","3.383974","3.669549"
"2006-10-13","13 Oct 2006","3.797180","3.533940","3.982049","3.571600","4.051277","3.210266","3.573384","3.618856","3.392085","3.692667"
"2006-10-16","16 Oct 2006","3.803250","3.530606","3.988368","3.565693","4.056967","3.214413","3.568546","3.618652","3.392956","3.696146"
"2006-10-17","17 Oct 2006","3.772199","3.521720","3.956180","3.545431","4.024390","3.213639","3.543546","3.590002","3.392254","3.666081"
"2006-10-18","18 Oct 2006","3.789151","3.513911","3.967275","3.542710","4.032275","3.219887","3.546866","3.602231","3.388057","3.682377"
"2006-10-19","19 Oct 2006","3.817647","3.527774","4.004542","3.568929","4.073748","3.245936","3.576051","3.629902","3.399586","3.709133"
"2006-10-20","20 Oct 2006","3.811482","3.544515","3.996335","3.588383","4.066098","3.239217","3.592340","3.636727","3.406028","3.708564"
"2006-10-23","23 Oct 2006","3.847441","3.562362","4.021939","3.616719","4.087154","3.247065","3.626884","3.676242","3.416952","3.747957"
"2006-10-24","24 Oct 2006","3.843751","3.572492","4.013094","3.621337","4.076209","3.251774","3.629269","3.676695","3.427925","3.746741"
"2006-10-25","25 Oct 2006","3.856004","3.586311","4.022344","3.633459","4.084007","3.248807","3.641059","3.689266","3.437250","3.759611"
"2006-10-26","26 Oct 2006","3.836615","3.588403","3.996988","3.626703","4.056371","3.257542","3.631064","3.675927","3.446518","3.743587"
"2006-10-27","27 Oct 2006","3.782204","3.582435","3.936332","3.607707","3.994400","3.261455","3.604411","3.637287","3.450458","3.696429"
"2006-10-30","30 Oct 2006","3.763530","3.584981","3.917561","3.605534","3.976380","3.254386","3.598458","3.625175","3.452492","3.680372"
"2006-10-31","31 Oct 2006","3.790672","3.604325","3.947971","3.647498","4.010695","3.246931","3.644090","3.664421","3.448900","3.712453"
"2006-11-01","01 Nov 2006","3.746510","3.565707","3.914613","3.584457","3.979268","3.261940","3.574077","3.599301","3.437955","3.657234"
"2006-11-02","02 Nov 2006","3.748166","3.587615","3.910793","3.608973","3.974747","3.281801","3.597088","3.614894","3.457368","3.665653"
"2006-11-03","03 Nov 2006","3.779690","3.618656","3.965945","3.646357","4.041778","3.282238","3.630517","3.641371","3.471484","3.691398"
"2006-11-06","06 Nov 2006","3.808069","3.632144","3.972965","3.675809","4.040049","3.287227","3.668811","3.683510","3.477034","3.729330"
"2006-11-07","07 Nov 2006","3.764352","3.632201","3.930755","3.662549","3.999978","3.290642","3.645533","3.648712","3.481209","3.688832"
"2006-11-08","08 Nov 2006","3.761001","3.638044","3.922497","3.667930","3.990181","3.293980","3.650310","3.651317","3.486404","3.688797"
"2006-11-09","09 Nov 2006","3.768744","3.653550","3.932252","3.682507","4.001384","3.308686","3.662835","3.660898","3.501026","3.696975"
"2006-11-10","10 Nov 2006","3.747944","3.624724","3.915638","3.642128","3.981620","3.319938","3.615059","3.617095","3.486644","3.664468"
"2006-11-13","13 Nov 2006","3.759824","3.619642","3.925242","3.644361","3.991281","3.319007","3.625437","3.632760","3.483533","3.679034"
"2006-11-14","14 Nov 2006","3.738762","3.617119","3.902565","3.632792","3.968108","3.327977","3.610271","3.614599","3.488861","3.659322"
"2006-11-15","15 Nov 2006","3.763089","3.632504","3.926645","3.653635","3.992236","3.330326","3.633455","3.639192","3.497622","3.683944"
"2006-11-16","16 Nov 2006","3.757597","3.633707","3.921717","3.651738","3.987683","3.332833","3.630025","3.634390","3.500461","3.678608"
"2006-11-17","17 Nov 2006","3.764879","3.630891","3.917649","3.655569","3.978517","3.333864","3.638697","3.646559","3.497445","3.689899"
"2006-11-20","20 Nov 2006","3.740649","3.599367","3.901221","3.619609","3.964315","3.341012","3.601706","3.611828","3.481311","3.659779"
"2006-11-21","21 Nov 2006","3.739747","3.609734","3.897204","3.627515","3.959310","3.348888","3.607842","3.615367","3.491484","3.661183"
"2006-11-22","22 Nov 2006","3.740188","3.595876","3.903443","3.614616","3.967567","3.360765","3.597540","3.608800","3.487581","3.657843"
"2006-11-23","23 Nov 2006","3.760241","3.622824","3.920524","3.647069","3.984535","3.373614","3.630163","3.637371","3.506812","3.682048"
"2006-11-24","24 Nov 2006","3.732887","3.606769","3.906159","3.616257","3.974828","3.371499","3.592518","3.598385","3.500567","3.647368"
"2006-11-27","27 Nov 2006","3.751003","3.603677","3.937336","3.622681","4.013906","3.384113","3.606917","3.615999","3.502703","3.664188"
"2006-11-28","28 Nov 2006","3.726429","3.583031","3.905354","3.587176","3.976123","3.382155","3.568996","3.583485","3.495459","3.636987"
"2006-11-29","29 Nov 2006","3.725559","3.591901","3.904506","3.594866","3.975784","3.372033","3.574525","3.585897","3.497543","3.637450"
"2006-11-30","30 Nov 2006","3.731154","3.604012","3.907415","3.610016","3.978527","3.388139","3.590011","3.598407","3.509733","3.646493"
"2006-12-01","01 Dec 2006","3.721258","3.597386","3.902938","3.600311","3.976498","3.391813","3.578715","3.585990","3.507812","3.634642"
"2006-12-04","04 Dec 2006","3.704556","3.553279","3.893397","3.556533","3.968479","3.403245","3.539745","3.555382","3.485276","3.610999"
"2006-12-05","05 Dec 2006","3.698963","3.569761","3.886794","3.566404","3.961936","3.408658","3.544373","3.554503","3.499124","3.607350"
"2006-12-06","06 Dec 2006","3.714375","3.589399","3.893389","3.600855","3.967732","3.411792","3.583513","3.588816","3.507634","3.632728"
"2006-12-07","07 Dec 2006","3.727732","3.612130","3.893460","3.620941","3.961775","3.420818","3.603721","3.609329","3.527294","3.651134"
"2006-12-08","08 Dec 2006","3.723115","3.614514","3.880572","3.628208","3.947019","3.435427","3.613583","3.616781","3.533094","3.653262"
"2006-12-11","11 Dec 2006","3.767795","3.640677","3.929373","3.666613","3.998342","3.437339","3.655866","3.660618","3.545322","3.697256"
"2006-12-12","12 Dec 2006","3.764144","3.647559","3.923574","3.670263","3.991765","3.433108","3.657211","3.659700","3.549199","3.694992"
"2006-12-13","13 Dec 2006","3.758153","3.652937","3.909816","3.678576","3.976189","3.427641","3.665668","3.664659","3.549529","3.695054"
"2006-12-14","14 Dec 2006","3.805305","3.670350","3.952379","3.713292","4.017021","3.434206","3.708739","3.713208","3.556756","3.743939"
"2006-12-15","15 Dec 2006","3.801112","3.665057","3.952899","3.705539","4.019237","3.436184","3.700105","3.704918","3.554970","3.737204"
"2006-12-18","18 Dec 2006","3.845005","3.691870","3.999503","3.741219","4.066882","3.435685","3.738553","3.745754","3.568022","3.779498"
"2006-12-19","19 Dec 2006","3.881988","3.704479","4.037324","3.757100","4.102749","3.440660","3.757834","3.772258","3.577098","3.811731"
"2006-12-20","20 Dec 2006","3.893454","3.713531","4.050937","3.767628","4.117448","3.444994","3.768534","3.782895","3.583688","3.822552"
"2006-12-21","21 Dec 2006","3.905900","3.723955","4.064656","3.779915","4.132003","3.452966","3.781293","3.795503","3.592410","3.834941"
"2006-12-22","22 Dec 2006","3.904082","3.735415","4.063983","3.789683","4.132880","3.448344","3.788093","3.797939","3.597987","3.834758"
"2006-12-27","27 Dec 2006","3.933953","3.754406","4.093030","3.818392","4.162446","3.449585","3.820061","3.830599","3.606597","3.866227"
"2006-12-28","28 Dec 2006","3.969199","3.766309","4.121647","3.821923","4.182526","3.393942","3.823388","3.846115","3.599773","3.893310"
"2006-12-29","29 Dec 2006","3.976019","3.759463","4.130759","3.831612","4.191025","3.486439","3.833589","3.849840","3.617847","3.897095"
"2007-01-02","02 Jan 2007","3.955760","3.757088","4.112754","3.808853","4.175632","3.470209","3.809172","3.830570","3.620238","3.878181"
"2007-01-03","03 Jan 2007","3.952706","3.752796","4.105485","3.802713","4.166072","3.472074","3.803922","3.827373","3.619616","3.875721"
"2007-01-04","04 Jan 2007","3.965031","3.760389","4.120466","3.808755","4.181726","3.486450","3.810118","3.835363","3.630425","3.885772"
"2007-01-05","05 Jan 2007","3.999110","3.782029","4.154330","3.839849","4.215696","3.482087","3.843846","3.870099","3.638450","3.920286"
"2007-01-08","08 Jan 2007","4.001204","3.780352","4.154402","3.828150","4.213152","3.480665","3.831132","3.863109","3.641851","3.918711"
"2007-01-09","09 Jan 2007","4.013365","3.791143","4.173414","3.836373","4.234829","3.489729","3.837713","3.869756","3.652562","3.927384"
"2007-01-10","10 Jan 2007","4.032664","3.807836","4.194355","3.858374","4.256978","3.510053","3.860640","3.891157","3.667772","3.947360"
"2007-01-11","11 Jan 2007","4.030375","3.783049","4.202379","3.833227","4.268170","3.507823","3.837375","3.874191","3.651414","3.937272"
"2007-01-12","12 Jan 2007","4.070193","3.800414","4.238122","3.858053","4.301365","3.500824","3.866565","3.909806","3.657240","3.976142"
"2007-01-15","15 Jan 2007","4.066788","3.804367","4.232342","3.863773","4.295098","3.500876","3.871640","3.911818","3.658712","3.975352"
"2007-01-16","16 Jan 2007","4.049195","3.797268","4.208358","3.857115","4.269012","3.510547","3.865172","3.902459","3.657870","3.962238"
"2007-01-17","17 Jan 2007","4.050212","3.797534","4.207658","3.859062","4.267675","3.510750","3.867808","3.905046","3.657527","3.964213"
"2007-01-18","18 Jan 2007","4.098293","3.815861","4.256642","3.887789","4.316408","3.518544","3.902566","3.946772","3.668590","4.009730"
"2007-01-19","19 Jan 2007","4.052390","3.815858","4.193893","3.879044","4.248161","3.525558","3.889195","3.923338","3.675004","3.975852"
"2007-01-22","22 Jan 2007","4.044329","3.813153","4.182668","3.875369","4.235701","3.525655","3.885032","3.918159","3.673680","3.969475"
"2007-01-23","23 Jan 2007","4.030138","3.811716","4.161523","3.868687","4.211572","3.535378","3.876767","3.908549","3.678534","3.958226"
"2007-01-24","24 Jan 2007","4.047738","3.822962","4.177441","3.884742","4.226713","3.520011","3.893884","3.926532","3.677847","3.976294"
"2007-01-25","25 Jan 2007","4.068530","3.825402","4.200444","3.891236","4.250127","3.537817","3.904009","3.941468","3.684874","3.994413"
"2007-01-26","26 Jan 2007","4.116143","3.839536","4.250981","3.921930","4.301904","3.550240","3.942739","3.985612","3.692818","4.040434"
"2007-01-29","29 Jan 2007","4.113817","3.837851","4.272454","3.926670","4.335846","3.559965","3.946669","3.982030","3.692616","4.033997"
"2007-01-30","30 Jan 2007","4.098518","3.836149","4.262175","3.918449","4.327795","3.549629","3.933381","3.965110","3.688901","4.017016"
"2007-01-31","31 Jan 2007","4.099260","3.838482","4.261310","3.922699","4.326759","3.553835","3.938433","3.969256","3.691442","4.019545"
"2007-02-01","01 Feb 2007","4.059283","3.819827","4.218191","3.882171","4.280366","3.562340","3.890971","3.922735","3.690987","3.976793"
"2007-02-02","02 Feb 2007","4.092116","3.802206","4.248082","3.869474","4.306678","3.561881","3.889103","3.939053","3.680847","4.003639"
"2007-02-05","05 Feb 2007","4.042083","3.790745","4.219131","3.841406","4.287743","3.566551","3.848706","3.886011","3.679446","3.948464"
"2007-02-06","06 Feb 2007","4.042239","3.803279","4.211953","3.854655","4.278087","3.573820","3.861163","3.895042","3.689565","3.953501"
"2007-02-07","07 Feb 2007","4.029130","3.819759","4.193805","3.867250","4.258965","3.574045","3.868263","3.893513","3.700154","3.945870"
"2007-02-08","08 Feb 2007","4.039218","3.839063","4.188624","3.894117","4.248462","3.583685","3.897515","3.919565","3.713274","3.965264"
"2007-02-09","09 Feb 2007","4.067013","3.845486","4.231256","3.911393","4.299029","3.590590","3.919619","3.943149","3.716521","3.989528"
"2007-02-12","12 Feb 2007","4.095455","3.838690","4.266687","3.913679","4.336854","3.598148","3.929622","3.961659","3.713382","4.013057"
"2007-02-13","13 Feb 2007","4.103507","3.849291","4.277232","3.923742","4.348374","3.593052","3.937640","3.968298","3.717446","4.020000"
"2007-02-14","14 Feb 2007","4.096155","3.851999","4.247379","3.914140","4.305997","3.588707","3.925813","3.961509","3.722532","4.015890"
"2007-02-15","15 Feb 2007","4.043192","3.838769","4.214378","3.885814","4.283512","3.601955","3.886481","3.909177","3.723007","3.959790"
"2007-02-16","16 Feb 2007","4.037844","3.843503","4.206653","3.888216","4.274987","3.595612","3.886755","3.907074","3.724138","3.956099"
"2007-02-19","19 Feb 2007","4.060224","3.862552","4.231646","3.917026","4.302968","3.600868","3.917877","3.935558","3.734241","3.981033"
"2007-02-20","20 Feb 2007","4.071940","3.863479","4.243851","3.921665","4.315224","3.605314","3.925185","3.945418","3.735551","3.992010"
"2007-02-21","21 Feb 2007","4.055010","3.860495","4.222215","3.914861","4.291982","3.608008","3.916505","3.933993","3.736092","3.978091"
"2007-02-22","22 Feb 2007","4.066814","3.864697","4.229827","3.924085","4.298102","3.620987","3.929370","3.948765","3.742478","3.992025"
"2007-02-23","23 Feb 2007","4.038796","3.869312","4.199687","3.917140","4.267689","3.622796","3.915028","3.927083","3.749374","3.966722"
"2007-02-26","26 Feb 2007","3.999054","3.853000","4.165539","3.881437","4.234602","3.629722","3.871080","3.880330","3.748327","3.922558"
"2007-02-27","27 Feb 2007","3.979315","3.834901","4.144313","3.854743","4.211346","3.631916","3.843250","3.855322","3.741658","3.900598"
"2007-02-28","28 Feb 2007","3.957389","3.796814","4.132264","3.809094","4.201388","3.634459","3.797452","3.815994","3.721643","3.869520"
"2007-03-01","01 Mar 2007","3.948041","3.793278","4.128387","3.809938","4.201771","3.634920","3.798753","3.812732","3.718074","3.862169"
"2007-03-02","02 Mar 2007","3.954262","3.782352","4.143434","3.794018","4.218920","3.640750","3.783664","3.804138","3.715889","3.860666"
"2007-03-05","05 Mar 2007","3.924842","3.767169","4.122544","3.770756","4.201957","3.646474","3.755863","3.772163","3.711047","3.828606"
"2007-03-06","06 Mar 2007","3.933778","3.796126","4.123060","3.804086","4.200446","3.650545","3.786880","3.795606","3.727839","3.844965"
"2007-03-07","07 Mar 2007","3.942096","3.805749","4.138014","3.812766","4.218614","3.654955","3.794076","3.801488","3.735418","3.851243"
"2007-03-08","08 Mar 2007","3.942540","3.833945","4.139660","3.831249","4.221283","3.669146","3.805037","3.805560","3.760435","3.852739"
"2007-03-09","09 Mar 2007","3.965411","3.862524","4.163013","3.859089","4.245059","3.672942","3.830830","3.829525","3.779454","3.875952"
"2007-03-12","12 Mar 2007","3.946742","3.861261","4.143001","3.856091","4.226310","3.674073","3.826246","3.819911","3.779974","3.861545"
"2007-03-13","13 Mar 2007","3.933243","3.864610","4.127897","3.852624","4.210807","3.675228","3.819241","3.809646","3.785027","3.849541"
"2007-03-14","14 Mar 2007","3.913721","3.849457","4.111498","3.830201","4.194974","3.674485","3.794588","3.785390","3.778044","3.827327"
"2007-03-15","15 Mar 2007","3.929814","3.859593","4.125314","3.844349","4.207927","3.681177","3.810853","3.802858","3.785693","3.844473"
"2007-03-16","16 Mar 2007","3.934774","3.863001","4.120273","3.855603","4.199472","3.670228","3.825416","3.817215","3.781347","3.855222"
"2007-03-19","19 Mar 2007","3.949599","3.882255","4.133759","3.882146","4.214382","3.672313","3.852604","3.840573","3.790838","3.874183"
"2007-03-20","20 Mar 2007","3.931941","3.879212","4.118948","3.873473","4.201483","3.674787","3.840398","3.824608","3.791494","3.856741"
"2007-03-21","21 Mar 2007","3.947260","3.884761","4.139072","3.882279","4.223603","3.676645","3.850423","3.836066","3.794308","3.869747"
"2007-03-22","22 Mar 2007","3.944248","3.873107","4.150040","3.857972","4.237504","3.683022","3.822494","3.812779","3.793979","3.855392"
"2007-03-23","23 Mar 2007","4.011704","3.887757","4.229501","3.897126","4.322939","3.699251","3.873436","3.871915","3.800639","3.918210"
"2007-03-26","26 Mar 2007","4.023061","3.898242","4.241899","3.908673","4.335703","3.692328","3.884307","3.882461","3.803808","3.929018"
"2007-03-27","27 Mar 2007","4.033206","3.905893","4.248968","3.920172","4.341971","3.699632","3.897730","3.896101","3.810196","3.941288"
"2007-03-28","28 Mar 2007","4.049414","3.907279","4.268590","3.923462","4.362055","3.702139","3.903057","3.905402","3.811600","3.954012"
"2007-03-29","29 Mar 2007","4.060971","3.921144","4.275318","3.942636","4.368146","3.716658","3.924354","3.925112","3.824072","3.970081"
"2007-03-30","30 Mar 2007","4.062165","3.930689","4.274417","3.955978","4.368396","3.718306","3.937916","3.935013","3.829152","3.975624"
"2007-04-02","02 Apr 2007","4.069809","3.949909","4.276878","3.976175","4.369495","3.713090","3.956271","3.949802","3.838241","3.987107"
"2007-04-03","03 Apr 2007","4.096631","3.952918","4.309767","3.986679","4.404785","3.722902","3.971682","3.970129","3.841680","4.010495"
"2007-04-04","04 Apr 2007","4.083415","3.945008","4.307642","3.969877","4.406747","3.731229","3.950897","3.948370","3.842693","3.991675"
"2007-04-05","05 Apr 2007","4.091481","3.947933","4.312679","3.974704","4.410346","3.740222","3.957877","3.957211","3.847778","4.000630"
"2007-04-10","10 Apr 2007","4.133882","3.975063","4.350706","4.015409","4.447366","3.742824","4.003426","4.004236","3.860669","4.046000"
"2007-04-11","11 Apr 2007","4.144570","3.985681","4.362536","4.027018","4.460369","3.756146","4.015631","4.016108","3.872141","4.057177"
"2007-04-12","12 Apr 2007","4.181186","3.996596","4.404151","4.046625","4.503691","3.761075","4.040292","4.046107","3.878208","4.090440"
"2007-04-13","13 Apr 2007","4.216794","4.004436","4.438491","4.059361","4.534755","3.761095","4.057543","4.071580","3.881930","4.121748"
"2007-04-16","16 Apr 2007","4.212845","4.005636","4.433044","4.061339","4.529269","3.755584","4.058878","4.071079","3.880060","4.119541"
"2007-04-17","17 Apr 2007","4.194946","4.000405","4.417190","4.052144","4.515291","3.758596","4.047243","4.056040","3.879167","4.102584"
"2007-04-18","18 Apr 2007","4.158970","4.001391","4.376071","4.047372","4.475079","3.759105","4.036877","4.035669","3.881249","4.074201"
"2007-04-19","19 Apr 2007","4.180881","4.007978","4.395967","4.060589","4.494315","3.772934","4.055084","4.057707","3.889153","4.096787"
"2007-04-20","20 Apr 2007","4.208717","4.017928","4.414644","4.075176","4.506489","3.771822","4.073539","4.082292","3.893767","4.124399"
"2007-04-23","23 Apr 2007","4.194062","4.009924","4.390008","4.068325","4.478765","3.780815","4.069004","4.077256","3.892747","4.115670"
"2007-04-24","24 Apr 2007","4.168357","4.003961","4.363802","4.054581","4.453011","3.787201","4.051256","4.055310","3.893982","4.091537"
"2007-04-25","25 Apr 2007","4.185263","4.013877","4.378947","4.070445","4.467485","3.777113","4.068624","4.073299","3.893888","4.109236"
"2007-04-26","26 Apr 2007","4.193571","4.025806","4.391411","4.079945","4.481609","3.783298","4.075921","4.079245","3.904003","4.115773"
"2007-04-27","27 Apr 2007","4.223735","4.036776","4.416490","4.102011","4.505252","3.795661","4.104913","4.112556","3.912616","4.148541"
"2007-04-30","30 Apr 2007","4.170781","4.025674","4.372889","4.073511","4.467490","3.804821","4.065652","4.062617","3.914061","4.095169"
"2007-05-02","02 May 2007","4.201491","4.040986","4.405076","4.099095","4.501559","3.808294","4.095564","4.094395","3.921462","4.126529"
"2007-05-03","03 May 2007","4.225376","4.055058","4.434827","4.116106","4.532342","3.790511","4.111284","4.110917","3.921207","4.146055"
"2007-05-04","04 May 2007","4.190979","4.034366","4.398347","4.085116","4.493925","3.801362","4.077403","4.075941","3.916498","4.111392"
"2007-05-07","07 May 2007","4.221073","4.056627","4.397576","4.117872","4.477970","3.796857","4.116090","4.119079","3.925463","4.151620"
"2007-05-08","08 May 2007","4.191887","4.046391","4.400794","4.100555","4.499952","3.804207","4.091698","4.084966","3.923217","4.115883"
"2007-05-09","09 May 2007","4.218481","4.055230","4.418086","4.111131","4.509594","3.802600","4.105406","4.105786","3.927996","4.141031"
"2007-05-10","10 May 2007","4.218456","4.052281","4.417118","4.106473","4.507944","3.820508","4.102360","4.104786","3.934444","4.140805"
"2007-05-11","11 May 2007","4.187630","4.041510","4.392288","4.085985","4.486474","3.823092","4.076513","4.074114","3.931690","4.108999"
"2007-05-14","14 May 2007","4.263055","4.069160","4.462389","4.139985","4.554856","3.823332","4.143763","4.150437","3.940792","4.186357"
"2007-05-15","15 May 2007","4.288477","4.093457","4.485183","4.168725","4.576142","3.820189","4.171768","4.177245","3.952032","4.212589"
"2007-05-16","16 May 2007","4.307716","4.123657","4.498717","4.201593","4.587178","3.808095","4.201041","4.202018","3.963375","4.234746"
"2007-05-17","17 May 2007","4.300734","4.131844","4.485784","4.205956","4.571883","3.810076","4.202627","4.200549","3.970145","4.230884"
"2007-05-18","18 May 2007","4.308591","4.137365","4.493107","4.212358","4.578799","3.812637","4.209502","4.208044","3.974262","4.238667"
"2007-05-21","21 May 2007","4.325895","4.146489","4.514261","4.223487","4.601155","3.814582","4.221266","4.221230","3.979805","4.253602"
"2007-05-22","22 May 2007","4.329544","4.146154","4.515694","4.226680","4.602175","3.823809","4.226775","4.227375","3.982259","4.258822"
"2007-05-23","23 May 2007","4.338040","4.165056","4.518192","4.253180","4.603014","3.830223","4.251811","4.245642","3.992290","4.272079"
"2007-05-24","24 May 2007","4.359227","4.159006","4.541923","4.253888","4.627240","3.844875","4.259861","4.260932","3.993642","4.290671"
"2007-05-25","25 May 2007","4.361210","4.171839","4.540680","4.267147","4.625347","3.843385","4.270834","4.268234","3.999973","4.295353"
"2007-05-28","28 May 2007","4.365875","4.178851","4.544139","4.270542","4.628239","3.875111","4.275083","4.273345","4.018695","4.300427"
"2007-05-29","29 May 2007","4.377341","4.190249","4.550750","4.291989","4.633812","3.845934","4.296530","4.291652","4.009619","4.315585"
"2007-05-30","30 May 2007","4.381828","4.190084","4.559376","4.292126","4.644075","3.848646","4.297081","4.292980","4.010566","4.318098"
"2007-05-31","31 May 2007","4.404033","4.207933","4.571762","4.320268","4.652788","3.854610","4.328634","4.323647","4.020345","4.345420"
"2007-06-01","01 Jun 2007","4.424028","4.225752","4.595303","4.342369","4.678134","3.848951","4.349629","4.342858","4.026587","4.364475"
"2007-06-04","04 Jun 2007","4.432626","4.225193","4.605882","4.353937","4.684910","3.855949","4.362375","4.349004","4.024661","4.369546"
"2007-06-05","05 Jun 2007","4.455536","4.228256","4.625519","4.363394","4.702298","3.858977","4.377282","4.369602","4.026528","4.392131"
"2007-06-06","06 Jun 2007","4.457501","4.213481","4.636259","4.343255","4.715522","3.865764","4.359260","4.358769","4.023095","4.387491"
"2007-06-07","07 Jun 2007","4.508308","4.232131","4.691534","4.371397","4.772269","3.878661","4.394473","4.401983","4.037340","4.434818"
"2007-06-08","08 Jun 2007","4.548621","4.226089","4.744800","4.371442","4.830101","3.883288","4.403681","4.424843","4.035405","4.466431"
"2007-06-11","11 Jun 2007","4.541254","4.224248","4.734505","4.369829","4.818985","3.883137","4.402007","4.421618","4.034236","4.461278"
"2007-06-12","12 Jun 2007","4.594712","4.246521","4.788771","4.408674","4.874178","3.887279","4.449486","4.474645","4.044775","4.514937"
"2007-06-13","13 Jun 2007","4.634630","4.253135","4.830946","4.428352","4.917500","3.886294","4.478059","4.510923","4.045385","4.553534"
"2007-06-14","14 Jun 2007","4.611306","4.238848","4.817222","4.401156","4.906997","3.890676","4.445765","4.478299","4.042425","4.524536"
"2007-06-15","15 Jun 2007","4.655184","4.253006","4.871736","4.423225","4.965850","3.893296","4.472532","4.511467","4.049773","4.562614"
"2007-06-18","18 Jun 2007","4.655118","4.251028","4.879038","4.418324","4.976121","3.893671","4.466223","4.505590","4.049486","4.558925"
"2007-06-19","19 Jun 2007","4.612697","4.226804","4.837059","4.379311","4.933399","3.899912","4.422681","4.460821","4.042442","4.515109"
"2007-06-20","20 Jun 2007","4.640302","4.256747","4.844758","4.429900","4.933897","3.891001","4.477861","4.510070","4.049791","4.554810"
"2007-06-21","21 Jun 2007","4.626546","4.246456","4.815118","4.406176","4.893203","3.900270","4.451360","4.489409","4.051724","4.539811"
"2007-06-22","22 Jun 2007","4.657915","4.254872","4.851278","4.420493","4.931023","3.901910","4.469855","4.513615","4.055972","4.567699"
"2007-06-25","25 Jun 2007","4.602436","4.233477","4.790677","4.376261","4.866596","3.906000","4.415252","4.455447","4.051188","4.511206"
"2007-06-26","26 Jun 2007","4.596923","4.238314","4.784319","4.378880","4.860395","3.914534","4.416274","4.453667","4.058099","4.507371"
"2007-06-27","27 Jun 2007","4.539292","4.229713","4.731805","4.356222","4.811757","3.910790","4.381533","4.404542","4.054166","4.452054"
"2007-06-28","28 Jun 2007","4.557639","4.249236","4.741140","4.384826","4.817952","3.913309","4.412276","4.432815","4.063813","4.476009"
"2007-06-29","29 Jun 2007","4.553456","4.262703","4.735595","4.396084","4.812440","3.917951","4.419202","4.433863","4.073485","4.474026"
"2007-07-02","02 Jul 2007","4.532933","4.268389","4.707562","4.384628","4.778927","3.903112","4.396035","4.408319","4.074129","4.451899"
"2007-07-03","03 Jul 2007","4.536773","4.254859","4.714051","4.373112","4.786284","3.908735","4.389596","4.407535","4.068924","4.453657"
"2007-07-04","04 Jul 2007","4.591169","4.280501","4.764990","4.419828","4.836612","3.907090","4.445379","4.466730","4.077460","4.511064"
"2007-07-05","05 Jul 2007","4.637639","4.301447","4.811621","4.451316","4.883152","3.917727","4.483214","4.510300","4.091580","4.556623"
"2007-07-06","06 Jul 2007","4.675796","4.317419","4.833480","4.483857","4.897980","3.922591","4.525411","4.557598","4.099007","4.601470"
"2007-07-09","09 Jul 2007","4.666663","4.306687","4.827549","4.467949","4.892887","3.924529","4.508974","4.543321","4.095306","4.589670"
"2007-07-10","10 Jul 2007","4.601267","4.288561","4.772852","4.426824","4.842936","3.918913","4.452763","4.475591","4.087532","4.520906"
"2007-07-11","11 Jul 2007","4.567087","4.283260","4.749462","4.398304","4.826619","3.918291","4.415966","4.438546","4.091482","4.485003"
"2007-07-12","12 Jul 2007","4.615968","4.307707","4.796937","4.446872","4.875645","3.919957","4.473345","4.495874","4.099273","4.538173"
"2007-07-13","13 Jul 2007","4.610165","4.312133","4.783229","4.452524","4.859454","3.938020","4.480028","4.499674","4.109181","4.537665"
"2007-07-16","16 Jul 2007","4.600488","4.299871","4.775127","4.445873","4.853363","3.936791","4.476561","4.494680","4.100210","4.529877"
"2007-07-17","17 Jul 2007","4.600080","4.305716","4.768677","4.454347","4.844649","3.936478","4.484903","4.500534","4.102537","4.532948"
"2007-07-18","18 Jul 2007","4.595950","4.310967","4.766746","4.457055","4.843490","3.927167","4.483299","4.495560","4.101667","4.527862"
"2007-07-19","19 Jul 2007","4.584550","4.318224","4.747072","4.459505","4.820554","3.952351","4.484137","4.492646","4.117915","4.521122"
"2007-07-20","20 Jul 2007","4.483599","4.290975","4.637076","4.391404","4.700776","3.965219","4.392845","4.387099","4.117130","4.416770"
"2007-07-23","23 Jul 2007","4.462614","4.285865","4.630186","4.380433","4.701625","3.969133","4.377430","4.365632","4.117067","4.393471"
"2007-07-24","24 Jul 2007","4.461078","4.281375","4.631451","4.373878","4.704386","3.988310","4.373272","4.363310","4.123830","4.391346"
"2007-07-25","25 Jul 2007","4.453919","4.273174","4.624367","4.363424","4.697309","3.996873","4.364316","4.355916","4.123847","4.384163"
"2007-07-26","26 Jul 2007","4.415293","4.243027","4.594920","4.309059","4.668522","3.991654","4.300829","4.296259","4.110653","4.334576"
"2007-07-27","27 Jul 2007","4.408173","4.231820","4.583466","4.275945","4.654875","3.969458","4.267043","4.278301","4.103954","4.325203"
"2007-07-30","30 Jul 2007","4.402385","4.214512","4.582857","4.258405","4.655984","3.976844","4.251721","4.266211","4.096929","4.315976"
"2007-07-31","31 Jul 2007","4.434363","4.240718","4.604704","4.299367","4.674667","3.984455","4.297380","4.310147","4.110861","4.354798"
"2007-08-01","01 Aug 2007","4.409463","4.225189","4.586934","4.284747","4.662415","3.979556","4.282543","4.290793","4.099396","4.331556"
"2007-08-02","02 Aug 2007","4.442941","4.261083","4.604080","4.325125","4.672151","3.979403","4.323791","4.332794","4.119431","4.371189"
"2007-08-03","03 Aug 2007","4.401977","4.230799","4.573657","4.282435","4.645620","4.001526","4.277361","4.284369","4.114036","4.325018"
"2007-08-06","06 Aug 2007","4.398385","4.213467","4.575425","4.268387","4.649563","3.983375","4.265695","4.275687","4.095605","4.318599"
"2007-08-07","07 Aug 2007","4.416764","4.230149","4.587978","4.292752","4.660587","3.994163","4.292939","4.301779","4.107631","4.341331"
"2007-08-08","08 Aug 2007","4.473639","4.269254","4.640819","4.359235","4.714746","4.013360","4.369222","4.374498","4.130561","4.405939"
"2007-08-09","09 Aug 2007","4.430199","4.213326","4.608339","4.275934","4.681544","4.017250","4.282437","4.300539","4.108545","4.347245"
"2007-08-10","10 Aug 2007","4.426498","4.144746","4.627358","4.209833","4.708647","3.987397","4.229186","4.268000","4.057886","4.328765"
"2007-08-13","13 Aug 2007","4.441893","4.154002","4.641414","4.218246","4.721390","3.999950","4.238515","4.280166","4.068967","4.342977"
"2007-08-14","14 Aug 2007","4.462106","4.168288","4.662308","4.240856","4.743305","3.997630","4.263079","4.303537","4.073733","4.364533"
"2007-08-15","15 Aug 2007","4.404240","4.085919","4.618521","4.129623","4.700697","3.992546","4.151729","4.210219","4.033890","4.289204"
"2007-08-16","16 Aug 2007","4.358248","3.991317","4.591919","3.996352","4.677680","3.991854","4.020434","4.111265","3.992402","4.218895"
"2007-08-17","17 Aug 2007","4.360018","3.941463","4.620560","3.961181","4.719680","3.936942","3.997251","4.099907","3.937728","4.212724"
"2007-08-20","20 Aug 2007","4.380020","3.951198","4.658384","3.977514","4.766346","3.932641","4.014311","4.115108","3.939394","4.228166"
"2007-08-21","21 Aug 2007","4.341576","3.877063","4.634791","3.875273","4.741484","3.891035","3.904250","4.023046","3.886486","4.163154"
"2007-08-22","22 Aug 2007","4.379140","3.993246","4.644782","4.033984","4.746238","3.910445","4.059761","4.135144","3.947092","4.235242"
"2007-08-23","23 Aug 2007","4.382869","4.028277","4.634400","4.036594","4.726413","3.977790","4.048340","4.125259","4.003876","4.234324"
"2007-08-24","24 Aug 2007","4.349226","4.006363","4.604846","4.026925","4.700074","3.924146","4.037318","4.103396","3.964151","4.204641"
"2007-08-27","27 Aug 2007","4.367025","4.038125","4.612415","4.072425","4.704887","3.928996","4.084055","4.140958","3.980187","4.232181"
"2007-08-28","28 Aug 2007","4.350005","3.984207","4.618857","4.020072","4.723853","3.916861","4.044476","4.115248","3.946242","4.210086"
"2007-08-29","29 Aug 2007","4.322318","3.968506","4.603198","3.991981","4.710472","3.890108","4.004019","4.069231","3.927360","4.171126"
"2007-08-30","30 Aug 2007","4.348705","3.981637","4.625026","4.011660","4.730245","3.897012","4.027889","4.096638","3.936401","4.198873"
"2007-08-31","31 Aug 2007","4.395376","3.999630","4.653324","4.061323","4.752882","3.881500","4.093219","4.165468","3.932570","4.258792"
"2007-09-03","03 Sep 2007","4.375018","4.003688","4.642764","4.056086","4.747107","3.891671","4.080560","4.144897","3.941018","4.236423"
"2007-09-04","04 Sep 2007","4.359197","3.998891","4.634922","4.039886","4.742390","3.903939","4.059675","4.122798","3.946456","4.216557"
"2007-09-05","05 Sep 2007","4.347377","3.988310","4.614712","4.021789","4.721298","3.938046","4.048784","4.120802","3.959097","4.212268"
"2007-09-06","06 Sep 2007","4.341198","3.964915","4.619626","3.992771","4.729760","3.926710","4.020153","4.098942","3.942694","4.197861"
"2007-09-07","07 Sep 2007","4.314492","3.915971","4.591724","3.922282","4.697900","3.926769","3.950400","4.047136","3.921822","4.161085"
"2007-09-10","10 Sep 2007","4.256326","3.893774","4.553201","3.884307","4.669135","3.920117","3.901440","3.986907","3.909606","4.098640"
"2007-09-11","11 Sep 2007","4.242711","3.918234","4.545456","3.904220","4.662472","3.922693","3.908032","3.975469","3.923723","4.082779"
"2007-09-12","12 Sep 2007","4.262898","3.935683","4.560694","3.937054","4.676977","3.912748","3.944541","4.007836","3.925070","4.108985"
"2007-09-13","13 Sep 2007","4.290654","3.955123","4.566381","3.987172","4.678612","3.901078","4.009565","4.071849","3.924052","4.157495"
"2007-09-14","14 Sep 2007","4.264739","3.937902","4.540269","3.967622","4.652412","3.884980","3.987889","4.047515","3.907712","4.132059"
"2007-09-17","17 Sep 2007","4.291904","3.961559","4.557929","3.998009","4.663616","3.887496","4.017652","4.075100","3.919859","4.159654"
"2007-09-18","18 Sep 2007","4.326647","3.984284","4.582809","4.034825","4.685478","3.893910","4.061425","4.120679","3.932260","4.201098"
"2007-09-19","19 Sep 2007","4.370994","3.965291","4.649112","4.034486","4.764915","3.866566","4.076984","4.153276","3.906378","4.239847"
"2007-09-20","20 Sep 2007","4.420894","3.992634","4.709252","4.078377","4.826602","3.847618","4.120625","4.193018","3.908154","4.282181"
"2007-09-21","21 Sep 2007","4.438759","3.968656","4.728921","4.047344","4.845257","3.857593","4.097849","4.190831","3.902445","4.292508"
"2007-09-24","24 Sep 2007","4.440602","3.966197","4.731335","4.041233","4.847466","3.864299","4.092120","4.188385","3.905168","4.292596"
"2007-09-25","25 Sep 2007","4.414409","3.951779","4.696185","4.011794","4.807211","3.879322","4.059820","4.159567","3.907812","4.266647"
"2007-09-26","26 Sep 2007","4.480353","3.982687","4.763898","4.068599","4.875312","3.863672","4.124629","4.225769","3.911558","4.332148"
"2007-09-27","27 Sep 2007","4.475917","3.988978","4.743475","4.081335","4.846268","3.844136","4.134445","4.228940","3.904029","4.331980"
"2007-09-28","28 Sep 2007","4.432243","3.969799","4.707841","4.055977","4.815242","3.828812","4.103190","4.189252","3.887568","4.288529"
"2007-10-01","01 Oct 2007","4.431935","3.953169","4.718177","4.030938","4.827408","3.818167","4.075026","4.166955","3.875476","4.276631"
"2007-10-02","02 Oct 2007","4.413944","3.949856","4.694330","4.021596","4.801610","3.830471","4.064637","4.155323","3.880767","4.262449"
"2007-10-03","03 Oct 2007","4.375030","3.921421","4.658283","3.992213","4.767875","3.804319","4.034075","4.121177","3.853500","4.225274"
"2007-10-04","04 Oct 2007","4.375767","3.925940","4.655129","3.996651","4.762970","3.808300","4.038167","4.124429","3.857760","4.227573"
"2007-10-05","05 Oct 2007","4.421339","3.934810","4.696484","4.013029","4.802187","3.821624","4.064582","4.164322","3.867833","4.272438"
"2007-10-08","08 Oct 2007","4.422541","3.939832","4.686571","4.025121","4.788166","3.816278","4.078976","4.176712","3.866553","4.280168"
"2007-10-09","09 Oct 2007","4.385556","3.943328","4.654932","4.025980","4.761649","3.815911","4.073001","4.155725","3.868236","4.249006"
"2007-10-10","10 Oct 2007","4.433038","3.968644","4.691963","4.071476","4.794784","3.812031","4.127044","4.212365","3.875917","4.302318"
"2007-10-11","11 Oct 2007","4.458479","3.979576","4.714574","4.099630","4.817426","3.795595","4.161129","4.245946","3.870525","4.331970"
"2007-10-12","12 Oct 2007","4.470372","4.031315","4.725504","4.149849","4.829121","3.833153","4.202765","4.271664","3.915230","4.348902"
"2007-10-15","15 Oct 2007","4.492421","4.075710","4.748309","4.206332","4.853699","3.836334","4.254370","4.307754","3.937105","4.375819"
"2007-10-16","16 Oct 2007","4.501984","4.056782","4.776522","4.178836","4.888274","3.838161","4.228199","4.292792","3.930000","4.372479"
"2007-10-17","17 Oct 2007","4.485729","4.047917","4.761266","4.156457","4.872282","3.854539","4.202543","4.269576","3.935818","4.352995"
"2007-10-18","18 Oct 2007","4.405693","4.012864","4.682763","4.081232","4.790555","3.870345","4.109291","4.172303","3.932440","4.263753"
"2007-10-19","19 Oct 2007","4.361785","3.972062","4.647109","4.027267","4.757984","3.856527","4.052763","4.118944","3.907097","4.214762"
"2007-10-22","22 Oct 2007","4.285187","3.948525","4.575177","3.992778","4.692974","3.856461","4.012116","4.064553","3.896509","4.147791"
"2007-10-23","23 Oct 2007","4.294247","3.957872","4.584401","4.007034","4.702989","3.856329","4.027164","4.077556","3.900338","4.158555"
"2007-10-24","24 Oct 2007","4.257216","3.922314","4.550207","3.955916","4.671511","3.863759","3.977220","4.036047","3.888649","4.120712"
"2007-10-25","25 Oct 2007","4.248681","3.910539","4.544306","3.935254","4.665306","3.868330","3.955004","4.017922","3.886472","4.107583"
"2007-10-26","26 Oct 2007","4.278155","3.934768","4.565850","3.967334","4.680252","3.866426","3.985707","4.045460","3.896514","4.135797"
"2007-10-29","29 Oct 2007","4.266396","3.936812","4.544890","3.965697","4.655600","3.876424","3.982958","4.040974","3.903049","4.128561"
"2007-10-30","30 Oct 2007","4.295616","3.979713","4.570183","4.010287","4.676148","3.882627","4.017842","4.065533","3.927629","4.154075"
"2007-10-31","31 Oct 2007","4.336072","4.022515","4.594747","4.079567","4.696064","3.877590","4.092942","4.131908","3.942354","4.207918"
"2007-11-01","01 Nov 2007","4.310920","4.003301","4.580526","4.042698","4.685279","3.887243","4.050601","4.092145","3.940297","4.174709"
"2007-11-02","02 Nov 2007","4.267606","3.970577","4.547093","3.988952","4.654706","3.888557","3.990129","4.033993","3.927835","4.123354"
"2007-11-05","05 Nov 2007","4.259523","3.963430","4.543564","3.980330","4.653185","3.882523","3.980468","4.023664","3.921460","4.113586"
"2007-11-06","06 Nov 2007","4.298442","3.975635","4.588119","4.006482","4.700790","3.876857","4.013467","4.060862","3.922619","4.151435"
"2007-11-07","07 Nov 2007","4.268022","3.956775","4.551422","3.961809","4.657193","3.876318","3.956744","4.008247","3.917573","4.111322"
"2007-11-08","08 Nov 2007","4.259974","3.926597","4.554748","3.926595","4.664785","3.869442","3.925219","3.986197","3.899703","4.096184"
"2007-11-09","09 Nov 2007","4.220303","3.894092","4.541254","3.869621","4.661434","3.877994","3.860290","3.923570","3.891399","4.042656"
"2007-11-12","12 Nov 2007","4.225830","3.910472","4.541012","3.887675","4.659124","3.888438","3.877236","3.936539","3.904522","4.052040"
"2007-11-13","13 Nov 2007","4.229962","3.910710","4.533978","3.892683","4.647734","3.891293","3.886849","3.948696","3.905221","4.061679"
"2007-11-14","14 Nov 2007","4.272862","3.939807","4.569547","3.949132","4.681888","3.875093","3.951313","4.008909","3.907398","4.113213"
"2007-11-15","15 Nov 2007","4.251878","3.921855","4.559116","3.902888","4.672776","3.889155","3.894535","3.958753","3.910296","4.077633"
"2007-11-16","16 Nov 2007","4.238822","3.904426","4.559607","3.875207","4.678141","3.885401","3.863459","3.930695","3.901405","4.056070"
"2007-11-19","19 Nov 2007","4.224669","3.886390","4.552190","3.841416","4.672216","3.893787","3.826402","3.900278","3.899191","4.034091"
"2007-11-20","20 Nov 2007","4.220777","3.874774","4.556613","3.828667","4.680107","3.889082","3.814617","3.890649","3.891096","4.026630"
"2007-11-21","21 Nov 2007","4.199402","3.850523","4.565963","3.779701","4.700673","3.898425","3.756808","3.837528","3.887634","3.986810"
"2007-11-22","22 Nov 2007","4.212961","3.848523","4.599270","3.770653","4.741258","3.899802","3.745039","3.830413","3.888755","3.988537"
"2007-11-23","23 Nov 2007","4.219308","3.842598","4.602885","3.788195","4.746943","3.889246","3.776121","3.859968","3.875937","4.006186"
"2007-11-26","26 Nov 2007","4.219970","3.843979","4.596369","3.797778","4.738005","3.877344","3.788024","3.869723","3.869381","4.011846"
"2007-11-27","27 Nov 2007","4.193070","3.818176","4.569274","3.759770","4.710343","3.882890","3.749814","3.837095","3.861048","3.982946"
"2007-11-28","28 Nov 2007","4.275635","3.849250","4.658744","3.825986","4.806682","3.881476","3.835644","3.931258","3.870330","4.071595"
"2007-11-29","29 Nov 2007","4.260122","3.842890","4.638315","3.814243","4.784040","3.885394","3.822450","3.917845","3.869919","4.057730"
"2007-11-30","30 Nov 2007","4.283520","3.869183","4.653819","3.860004","4.798357","3.877254","3.872407","3.960626","3.875898","4.090703"
"2007-12-03","03 Dec 2007","4.260493","3.853403","4.642531","3.827812","4.789694","3.878853","3.832158","3.920074","3.871391","4.057462"
"2007-12-04","04 Dec 2007","4.204821","3.845896","4.585514","3.792093","4.728462","3.881233","3.775902","3.852105","3.873458","3.994302"
"2007-12-05","05 Dec 2007","4.216083","3.845257","4.589989","3.802245","4.730452","3.867371","3.791256","3.869325","3.864548","4.009409"
"2007-12-06","06 Dec 2007","4.246919","3.877576","4.616081","3.838530","4.754081","3.880929","3.825896","3.901512","3.887115","4.041113"
"2007-12-07","07 Dec 2007","4.327592","3.926163","4.675588","3.925813","4.805521","3.862926","3.926072","4.001863","3.896668","4.133546"
"2007-12-10","10 Dec 2007","4.372103","3.963021","4.705464","3.968988","4.827689","3.856836","3.966538","4.043486","3.912204","4.178615"
"2007-12-11","11 Dec 2007","4.370987","3.979716","4.691087","3.988173","4.807899","3.847634","3.981620","4.052471","3.916187","4.183480"
"2007-12-12","12 Dec 2007","4.420169","3.989786","4.715352","4.023546","4.821885","3.828278","4.031521","4.112854","3.907854","4.242168"
"2007-12-13","13 Dec 2007","4.412318","4.013869","4.721173","4.050718","4.834736","3.824838","4.050084","4.113845","3.917668","4.234920"
"2007-12-14","14 Dec 2007","4.395178","4.012295","4.688100","4.048102","4.795267","3.825183","4.046912","4.108357","3.917221","4.225184"
"2007-12-17","17 Dec 2007","4.397161","3.994466","4.698763","4.039115","4.810339","3.820452","4.045944","4.110742","3.903669","4.226406"
"2007-12-18","18 Dec 2007","4.409733","3.981935","4.692586","4.046346","4.796488","3.783363","4.063387","4.133867","3.875913","4.246848"
"2007-12-19","19 Dec 2007","4.392391","3.961592","4.673862","4.008624","4.775846","3.795415","4.023529","4.103038","3.874704","4.224379"
"2007-12-20","20 Dec 2007","4.386272","3.964761","4.660443","4.016259","4.759912","3.789687","4.031281","4.106699","3.872664","4.223404"
"2007-12-21","21 Dec 2007","4.401575","3.970883","4.684183","4.023926","4.787235","3.798726","4.040572","4.117457","3.879836","4.235560"
"2007-12-24","24 Dec 2007","4.401490","3.980980","4.684096","4.026436","4.787087","3.823953","4.040781","4.117000","3.898546","4.235281"
"2007-12-27","27 Dec 2007","4.452884","3.994107","4.721895","4.069103","4.819543","3.789393","4.095546","4.177172","3.883580","4.292970"
"2007-12-28","28 Dec 2007","4.428518","3.986788","4.711662","4.049994","4.815716","3.812369","4.072626","4.150220","3.892617","4.265160"
"2007-12-31","31 Dec 2007","4.430709","3.995015","4.713331","4.048850","4.817104","3.848159","4.071241","4.151238","3.915796","4.267172"
"2008-01-02","02 Jan 2008","4.383924","3.942171","4.702104","3.974695","4.818698","3.798050","3.984455","4.066883","3.868519","4.198392"
"2008-01-03","03 Jan 2008","4.320834","3.893861","4.656472","3.893462","4.779021","3.810372","3.894354","3.981520","3.855442","4.123154"
"2008-01-04","04 Jan 2008","4.275757","3.876849","4.625245","3.838272","4.751565","3.825712","3.822226","3.910824","3.861666","4.064707"
"2008-01-07","07 Jan 2008","4.274770","3.903042","4.628847","3.866536","4.758311","3.841992","3.845727","3.921474","3.882201","4.067288"
"2008-01-08","08 Jan 2008","4.276483","3.910508","4.645734","3.895061","4.785780","3.855076","3.883329","3.947241","3.887229","4.077204"
"2008-01-09","09 Jan 2008","4.251168","3.882679","4.626278","3.841598","4.765857","3.863440","3.822996","3.896384","3.881904","4.039931"
"2008-01-10","10 Jan 2008","4.248072","3.890901","4.632513","3.855150","4.778016","3.868626","3.836783","3.902593","3.887299","4.039427"
"2008-01-11","11 Jan 2008","4.245319","3.874046","4.635283","3.823299","4.780849","3.874527","3.802577","3.878474","3.884524","4.026801"
"2008-01-14","14 Jan 2008","4.202015","3.823917","4.617604","3.769605","4.776827","3.866567","3.754687","3.833375","3.855049","3.980140"
"2008-01-15","15 Jan 2008","4.183527","3.798838","4.603684","3.738761","4.764166","3.854236","3.723660","3.806499","3.837264","3.957504"
"2008-01-16","16 Jan 2008","4.175717","3.766713","4.595550","3.703093","4.754445","3.838113","3.692102","3.786249","3.813814","3.944891"
"2008-01-17","17 Jan 2008","4.168918","3.735234","4.591747","3.636920","4.745890","3.846321","3.617144","3.731843","3.808616","3.916918"
"2008-01-18","18 Jan 2008","4.150171","3.700698","4.585866","3.587578","4.744532","3.856721","3.569498","3.695115","3.798545","3.889174"
"2008-01-21","21 Jan 2008","4.106636","3.607579","4.569685","3.483289","4.741382","3.830808","3.478236","3.628339","3.740449","3.834550"
"2008-01-22","22 Jan 2008","4.148790","3.535385","4.592148","3.427914","4.751693","3.764331","3.448072","3.640854","3.669283","3.869214"
"2008-01-23","23 Jan 2008","4.132536","3.482311","4.607003","3.383444","4.779829","3.697279","3.407313","3.605002","3.607944","3.840190"
"2008-01-24","24 Jan 2008","4.183199","3.635751","4.665342","3.561081","4.851679","3.783672","3.573583","3.721864","3.723268","3.917449"
"2008-01-25","25 Jan 2008","4.211341","3.689039","4.664926","3.633175","4.842419","3.805916","3.649604","3.787037","3.757982","3.966016"
"2008-01-28","28 Jan 2008","4.156090","3.606095","4.620245","3.501574","4.792744","3.808737","3.509370","3.672175","3.725840","3.882579"
"2008-01-29","29 Jan 2008","4.170558","3.640627","4.635854","3.549409","4.812374","3.816066","3.557171","3.707525","3.744504","3.905980"
"2008-01-30","30 Jan 2008","4.208552","3.645760","4.679783","3.573412","4.860281","3.795630","3.590059","3.745348","3.734028","3.943830"
"2008-01-31","31 Jan 2008","4.126370","3.568234","4.602379","3.467042","4.780409","3.764297","3.475432","3.637927","3.684158","3.849244"
"2008-02-01","01 Feb 2008","4.120599","3.583721","4.584969","3.481531","4.758597","3.779187","3.487752","3.644611","3.699415","3.850326"
"2008-02-04","04 Feb 2008","4.106767","3.591890","4.562983","3.480186","4.732645","3.800389","3.481780","3.635125","3.715513","3.839175"
"2008-02-05","05 Feb 2008","4.049318","3.500828","4.521829","3.344911","4.692401","3.792630","3.341103","3.521480","3.673358","3.755437"
"2008-02-06","06 Feb 2008","4.069546","3.494343","4.539528","3.352159","4.709010","3.768788","3.355685","3.541602","3.656180","3.776415"
"2008-02-07","07 Feb 2008","4.066425","3.413006","4.571380","3.248957","4.752270","3.741365","3.257878","3.477351","3.605700","3.743427"
"2008-02-08","08 Feb 2008","4.069266","3.363209","4.572078","3.202000","4.750911","3.704361","3.221747","3.462342","3.562213","3.740379"
"2008-02-11","11 Feb 2008","4.054384","3.366302","4.567162","3.176405","4.749917","3.756658","3.187970","3.432210","3.594353","3.717811"
"2008-02-12","12 Feb 2008","4.131403","3.403023","4.651505","3.235033","4.836754","3.758386","3.255166","3.504002","3.610297","3.791476"
"2008-02-13","13 Feb 2008","4.160922","3.430974","4.686041","3.263375","4.873267","3.783761","3.282859","3.530876","3.636886","3.818945"
"2008-02-14","14 Feb 2008","4.201108","3.455039","4.702961","3.306871","4.880474","3.782865","3.335708","3.586906","3.645558","3.869787"
"2008-02-15","15 Feb 2008","4.176047","3.440149","4.674933","3.263995","4.819456","3.780024","3.271443","3.514135","3.640844","3.815064"
"2008-02-18","18 Feb 2008","4.225096","3.490689","4.720273","3.336226","4.866228","3.794266","3.348923","3.584055","3.669767","3.874051"
"2008-02-19","19 Feb 2008","4.229371","3.497577","4.715302","3.341768","4.856353","3.804422","3.354620","3.590694","3.678521","3.880537"
"2008-02-20","20 Feb 2008","4.232440","3.531987","4.713172","3.383279","4.855413","3.821559","3.393880","3.616805","3.702979","3.894324"
"2008-02-21","21 Feb 2008","4.259867","3.601114","4.729327","3.481989","4.876503","3.836653","3.495713","3.695936","3.740158","3.946807"
"2008-02-22","22 Feb 2008","4.217680","3.583727","4.700512","3.455590","4.858812","3.829092","3.463268","3.656531","3.728946","3.904504"
"2008-02-25","25 Feb 2008","4.242436","3.572352","4.747354","3.442704","4.911454","3.822353","3.452448","3.655207","3.720258","3.914563"
"2008-02-26","26 Feb 2008","4.298512","3.604337","4.793012","3.487710","4.952701","3.839752","3.505293","3.714467","3.743069","3.974053"
"2008-02-27","27 Feb 2008","4.298171","3.567930","4.807308","3.430536","4.962505","3.839325","3.445250","3.670468","3.728099","3.951180"
"2008-02-28","28 Feb 2008","4.257784","3.543344","4.772503","3.388293","4.927653","3.839223","3.395528","3.619558","3.718444","3.904664"
"2008-02-29","29 Feb 2008","4.158473","3.459650","4.699612","3.267690","4.884789","3.826787","3.268755","3.504540","3.676288","3.799709"
"2008-03-03","03 Mar 2008","4.117093","3.479644","4.685849","3.290051","4.887459","3.821258","3.278487","3.484396","3.682605","3.762387"
"2008-03-04","04 Mar 2008","4.129852","3.520572","4.703113","3.335513","4.909630","3.847451","3.320310","3.513232","3.715237","3.781288"
"2008-03-05","05 Mar 2008","4.174169","3.552499","4.744155","3.378839","4.918384","3.846484","3.360613","3.544418","3.728731","3.813877"
"2008-03-06","06 Mar 2008","4.182815","3.580780","4.752961","3.394460","4.875578","3.879446","3.363852","3.535039","3.760999","3.807260"
"2008-03-07","07 Mar 2008","4.179493","3.578455","4.777716","3.409165","4.883008","3.843191","3.379060","3.537313","3.738806","3.800783"
"2008-03-10","10 Mar 2008","4.159421","3.554568","4.769179","3.362019","4.869059","3.853090","3.323940","3.487435","3.735458","3.764220"
"2008-03-11","11 Mar 2008","4.163344","3.627840","4.769922","3.451138","4.887731","3.893452","3.410498","3.547570","3.789408","3.795615"
"2008-03-12","12 Mar 2008","4.128753","3.629512","4.729124","3.464994","4.856780","3.873170","3.424872","3.548175","3.778014","3.779055"
"2008-03-13","13 Mar 2008","4.102255","3.589878","4.713953","3.411411","4.838482","3.854467","3.367274","3.496529","3.751072","3.738641"
"2008-03-14","14 Mar 2008","4.118696","3.600323","4.744947","3.437144","4.886671","3.842632","3.398310","3.524959","3.747982","3.760483"
"2008-03-17","17 Mar 2008","4.124924","3.515748","4.782859","3.334867","4.953463","3.797732","3.300898","3.461903","3.686539","3.732862"
"2008-03-18","18 Mar 2008","4.162805","3.567483","4.802462","3.420103","4.978531","3.799847","3.396758","3.547553","3.708170","3.796838"
"2008-03-19","19 Mar 2008","4.129639","3.614160","4.706298","3.486386","4.870110","3.812940","3.464472","3.591985","3.734719","3.807812"
"2008-03-20","20 Mar 2008","4.098286","3.672146","4.631777","3.574130","4.809403","3.821251","3.555831","3.653895","3.762871","3.827578"
"2008-03-25","25 Mar 2008","4.150182","3.746981","4.649536","3.666337","4.823538","3.871705","3.653878","3.745290","3.822778","3.903100"
"2008-03-26","26 Mar 2008","4.173151","3.764592","4.704964","3.695104","4.825864","3.868281","3.683301","3.766481","3.827966","3.919341"
"2008-03-27","27 Mar 2008","4.219913","3.730398","4.794602","3.657574","4.912056","3.844389","3.650304","3.754455","3.799730","3.932806"
"2008-03-28","28 Mar 2008","4.237432","3.747295","4.783544","3.688902","4.895450","3.843689","3.688709","3.793876","3.805663","3.964876"
"2008-03-31","31 Mar 2008","4.212172","3.741549","4.758269","3.673875","4.865575","3.848164","3.667960","3.768130","3.806362","3.938408"
"2008-04-01","01 Apr 2008","4.225046","3.771024","4.750570","3.718360","4.867967","3.857392","3.718015","3.813614","3.823373","3.970907"
"2008-04-02","02 Apr 2008","4.215077","3.787218","4.709829","3.730495","4.804336","3.877546","3.726952","3.817251","3.842096","3.969421"
"2008-04-03","03 Apr 2008","4.262085","3.775587","4.761095","3.723390","4.838625","3.865383","3.726885","3.833649","3.829759","4.000867"
"2008-04-04","04 Apr 2008","4.218431","3.753529","4.711327","3.689563","4.776428","3.856863","3.686291","3.788097","3.816187","3.955438"
"2008-04-07","07 Apr 2008","4.263302","3.776931","4.735433","3.734302","4.800552","3.855285","3.742650","3.850413","3.823955","4.012714"
"2008-04-08","08 Apr 2008","4.285465","3.780395","4.761991","3.733766","4.815914","3.865523","3.741926","3.855124","3.831494","4.025187"
"2008-04-09","09 Apr 2008","4.308177","3.771657","4.774088","3.719910","4.799364","3.867101","3.729168","3.852955","3.828861","4.035454"
"2008-04-10","10 Apr 2008","4.245310","3.753655","4.731710","3.678427","4.763979","3.874788","3.673128","3.784404","3.827076","3.966082"
"2008-04-11","11 Apr 2008","4.202430","3.733284","4.696309","3.644176","4.727236","3.870264","3.630826","3.736293","3.816649","3.918753"
"2008-04-14","14 Apr 2008","4.232931","3.763862","4.752646","3.681019","4.718713","3.887889","3.667086","3.765455","3.839631","3.943877"
"2008-04-15","15 Apr 2008","4.292635","3.796403","4.784068","3.731702","4.738141","3.900526","3.728809","3.835659","3.859604","4.012642"
"2008-04-16","16 Apr 2008","4.316328","3.818231","4.815050","3.768081","4.797694","3.903559","3.771517","3.877559","3.869810","4.046905"
"2008-04-17","17 Apr 2008","4.378922","3.842043","4.873506","3.830359","4.904980","3.882401","3.854622","3.970724","3.865459","4.130420"
"2008-04-18","18 Apr 2008","4.408419","3.913253","4.879189","3.931745","5.006648","3.914504","3.967931","4.074979","3.912441","4.205781"
"2008-04-21","21 Apr 2008","4.392514","3.900647","4.866059","3.912438","4.971877","3.909534","3.944941","4.050502","3.904639","4.183958"
"2008-04-22","22 Apr 2008","4.411716","3.986031","4.853086","3.999304","4.990321","3.989341","4.028360","4.118359","3.986805","4.231644"
"2008-04-23","23 Apr 2008","4.405788","3.941040","4.862067","3.949831","4.955466","3.951907","3.979104","4.078067","3.946386","4.205290"
"2008-04-24","24 Apr 2008","4.423018","3.935864","4.887522","3.943862","4.963952","3.949012","3.974196","4.078507","3.942542","4.212755"
"2008-04-25","25 Apr 2008","4.422589","3.938978","4.897748","3.948504","4.994756","3.949808","3.979135","4.082087","3.944244","4.214251"
"2008-04-28","28 Apr 2008","4.461509","3.931793","4.942047","3.943849","5.008219","3.942655","3.978984","4.093801","3.936858","4.238315"
"2008-04-29","29 Apr 2008","4.428299","3.908256","4.903292","3.909825","4.936298","3.931169","3.939190","4.051260","3.920890","4.198760"
"2008-04-30","30 Apr 2008","4.383248","3.908312","4.834274","3.900894","4.848432","3.939355","3.922933","4.023851","3.926216","4.163155"
"2008-05-02","02 May 2008","4.444126","3.920088","4.859213","3.935114","4.856890","3.928376","3.972463","4.088911","3.923459","4.231105"
"2008-05-05","05 May 2008","4.403467","3.925441","4.817741","3.929934","4.821094","3.943134","3.958700","4.062600","3.934926","4.196815"
"2008-05-06","06 May 2008","4.359120","3.877478","4.806198","3.856452","4.773637","3.925811","3.872614","3.975363","3.906110","4.124300"
"2008-05-07","07 May 2008","4.410946","3.891231","4.851385","3.883769","4.817143","3.925977","3.909461","4.022967","3.911177","4.175927"
"2008-05-08","08 May 2008","4.359825","3.875609","4.809456","3.845768","4.757370","3.935030","3.857980","3.961372","3.911128","4.115940"
"2008-05-09","09 May 2008","4.294878","3.851027","4.771549","3.793743","4.717062","3.940771","3.789491","3.880802","3.905677","4.038037"
"2008-05-12","12 May 2008","4.294733","3.874272","4.769814","3.835194","4.766111","3.939317","3.837402","3.921895","3.913716","4.061996"
"2008-05-13","13 May 2008","4.352599","3.923101","4.819662","3.914191","4.884036","3.952243","3.931751","4.019725","3.940091","4.145929"
"2008-05-14","14 May 2008","4.412245","3.947680","4.867311","3.954990","4.938590","3.960111","3.983372","4.081897","3.954022","4.209845"
"2008-05-15","15 May 2008","4.449679","3.988864","4.903338","4.006772","5.019024","3.988560","4.040285","4.138708","3.987244","4.259711"
"2008-05-16","16 May 2008","4.433384","3.993942","4.851966","4.018212","4.973210","3.985474","4.054079","4.149143","3.987247","4.260789"
"2008-05-19","19 May 2008","4.427362","3.987111","4.851441","4.004320","4.940902","3.986764","4.036452","4.130690","3.985523","4.246349"
"2008-05-20","20 May 2008","4.417602","4.002568","4.843161","4.019189","4.962234","4.001293","4.049269","4.137054","4.000516","4.245464"
"2008-05-21","21 May 2008","4.490694","4.054707","4.881310","4.086052","4.997595","4.038255","4.125763","4.221752","4.042977","4.328899"
"2008-05-22","22 May 2008","4.514748","4.086312","4.885273","4.127268","5.046129","4.058809","4.171954","4.268262","4.067627","4.368253"
"2008-05-23","23 May 2008","4.488188","4.102972","4.846505","4.136387","5.007383","4.081750","4.174393","4.259586","4.088411","4.350966"
"2008-05-26","26 May 2008","4.505911","4.104847","4.862521","4.141817","5.018535","4.080509","4.182776","4.272373","4.088255","4.366572"
"2008-05-27","27 May 2008","4.522878","4.093998","4.882487","4.136474","5.034920","4.064947","4.182145","4.279158","4.074323","4.378617"
"2008-05-28","28 May 2008","4.572125","4.101778","4.916690","4.159402","5.089177","4.058205","4.216182","4.326156","4.072752","4.430021"
"2008-05-29","29 May 2008","4.684995","4.140901","4.996227","4.216722","5.114774","4.081294","4.288445","4.419995","4.101427","4.536445"
"2008-05-30","30 May 2008","4.616891","4.141413","4.936899","4.202610","5.084548","4.094408","4.261952","4.374521","4.110176","4.478333"
"2008-06-02","02 Jun 2008","4.595324","4.122929","4.935085","4.181502","5.102785","4.078460","4.238987","4.349759","4.093324","4.453789"
"2008-06-03","03 Jun 2008","4.676880","4.163639","5.001347","4.231955","5.142047","4.110627","4.297494","4.420059","4.128464","4.531195"
"2008-06-04","04 Jun 2008","4.609248","4.137319","4.951461","4.195589","5.122006","4.093136","4.252850","4.363384","4.107899","4.467404"
"2008-06-05","05 Jun 2008","4.687812","4.321044","4.952371","4.372716","5.165027","4.279805","4.420953","4.508476","4.293800","4.586019"
"2008-06-06","06 Jun 2008","4.649540","4.514604","4.890327","4.627293","4.979942","4.044127","4.577193","4.500866","4.264146","4.534483"
"2008-06-09","09 Jun 2008","4.698885","4.552771","4.907171","4.718060","4.987348","4.036246","4.691343","4.607030","4.270084","4.613768"
"2008-06-10","10 Jun 2008","4.764571","4.498834","4.960832","4.650142","5.032812","4.058058","4.647889","4.623482","4.257183","4.664659"
"2008-06-11","11 Jun 2008","4.776664","4.452786","5.011234","4.587313","5.097698","4.081683","4.594065","4.594625","4.248206","4.654992"
"2008-06-12","12 Jun 2008","4.828837","4.465018","5.045981","4.624690","5.126412","4.081264","4.649405","4.661301","4.250121","4.717518"
"2008-06-13","13 Jun 2008","4.863844","4.479823","5.040946","4.656698","5.106184","4.097123","4.697858","4.721869","4.262844","4.771466"
"2008-06-16","16 Jun 2008","4.882445","4.559675","5.013204","4.769203","5.063218","4.120649","4.813666","4.810006","4.308907","4.826083"
"2008-06-17","17 Jun 2008","4.848775","4.517942","4.992866","4.701410","5.047153","4.133965","4.743125","4.752006","4.298797","4.780765"
"2008-06-18","18 Jun 2008","4.820740","4.507066","4.932679","4.683996","4.973504","4.124095","4.723394","4.734652","4.289933","4.762650"
"2008-06-19","19 Jun 2008","4.835062","4.535805","4.928118","4.746501","4.964830","4.124622","4.799199","4.797478","4.298479","4.800910"
"2008-06-20","20 Jun 2008","4.815993","4.510100","4.924472","4.672468","4.963115","4.135147","4.705395","4.719948","4.299796","4.754403"
"2008-06-23","23 Jun 2008","4.800894","4.480584","4.932656","4.632837","4.980255","4.142593","4.667161","4.687614","4.289837","4.728474"
"2008-06-24","24 Jun 2008","4.826623","4.455104","4.981767","4.588663","5.036762","4.156835","4.625328","4.669735","4.287624","4.733272"
"2008-06-25","25 Jun 2008","4.839486","4.479745","5.009923","4.623576","5.071836","4.162211","4.658432","4.689696","4.300492","4.745591"
"2008-06-26","26 Jun 2008","4.796486","4.464229","5.009995","4.586185","5.090211","4.188471","4.610914","4.632536","4.308550","4.689249"
"2008-06-27","27 Jun 2008","4.787722","4.437082","5.060842","4.549446","5.166206","4.178999","4.570122","4.591814","4.291443","4.657743"
"2008-06-30","30 Jun 2008","4.860787","4.513248","5.085467","4.664437","5.171360","4.177864","4.693329","4.705244","4.323137","4.754659"
"2008-07-01","01 Jul 2008","4.784094","4.501763","5.043301","4.633133","5.148147","4.204637","4.650436","4.641964","4.333041","4.678768"
"2008-07-02","02 Jul 2008","4.860263","4.540964","5.064912","4.703442","5.146408","4.208388","4.739202","4.743522","4.350061","4.775014"
"2008-07-03","03 Jul 2008","4.816332","4.468183","5.052467","4.582811","5.140082","4.186550","4.601360","4.625160","4.310976","4.693170"
"2008-07-04","04 Jul 2008","4.782358","4.432431","5.062877","4.527561","5.169420","4.196312","4.542030","4.567773","4.300593","4.642848"
"2008-07-07","07 Jul 2008","4.708546","4.408433","5.008204","4.489544","5.123664","4.178284","4.489981","4.497241","4.281392","4.566254"
"2008-07-08","08 Jul 2008","4.700020","4.403855","5.003158","4.485221","5.121126","4.179127","4.486704","4.492873","4.279357","4.559377"
"2008-07-09","09 Jul 2008","4.679277","4.419024","4.969951","4.506232","5.085278","4.184997","4.506531","4.500009","4.288679","4.552479"
"2008-07-10","10 Jul 2008","4.657077","4.399977","4.952341","4.481616","5.072679","4.196674","4.486428","4.484634","4.285698","4.534469"
"2008-07-11","11 Jul 2008","4.649145","4.382903","4.955313","4.463990","5.082402","4.191669","4.472407","4.475039","4.274717","4.525527"
"2008-07-14","14 Jul 2008","4.662012","4.363840","4.975131","4.450173","5.104257","4.168880","4.463746","4.475297","4.253135","4.532309"
"2008-07-15","15 Jul 2008","4.631366","4.320803","4.951987","4.377295","5.080040","4.177753","4.385154","4.410945","4.240904","4.485807"
"2008-07-16","16 Jul 2008","4.665881","4.331753","4.969063","4.411391","5.093586","4.172225","4.434574","4.467710","4.240096","4.534767"
"2008-07-17","17 Jul 2008","4.722489","4.354269","4.985924","4.450594","5.089872","4.171266","4.483814","4.528540","4.248642","4.598589"
"2008-07-18","18 Jul 2008","4.804777","4.418261","5.045671","4.548612","5.140864","4.177390","4.592184","4.633621","4.278494","4.693815"
"2008-07-21","21 Jul 2008","4.866839","4.498795","5.057204","4.658067","5.129546","4.177945","4.700680","4.727232","4.314829","4.774624"
"2008-07-22","22 Jul 2008","4.859635","4.469019","5.063183","4.616693","5.140397","4.181894","4.661961","4.701119","4.303773","4.758313"
"2008-07-23","23 Jul 2008","4.889014","4.478307","5.077662","4.639221","5.150079","4.190009","4.696135","4.743401","4.310430","4.796924"
"2008-07-24","24 Jul 2008","4.821666","4.409195","5.022281","4.514679","5.094481","4.196179","4.554762","4.620448","4.288230","4.703631"
"2008-07-25","25 Jul 2008","4.788891","4.401632","5.036449","4.506175","5.133596","4.214887","4.546860","4.599529","4.293011","4.670050"
"2008-07-28","28 Jul 2008","4.781691","4.378130","5.019004","4.451269","5.105496","4.226352","4.482346","4.551485","4.292512","4.645688"
"2008-07-29","29 Jul 2008","4.745748","4.368022","5.008950","4.439940","5.109357","4.226274","4.468575","4.525738","4.287054","4.610512"
"2008-07-30","30 Jul 2008","4.694197","4.344736","4.957256","4.409501","5.056959","4.199293","4.429382","4.476426","4.262944","4.558701"
"2008-07-31","31 Jul 2008","4.645712","4.341188","4.912552","4.379008","5.010717","4.199540","4.377274","4.411652","4.265675","4.500102"
"2008-08-01","01 Aug 2008","4.617614","4.340493","4.901941","4.367234","5.007619","4.207959","4.356465","4.380549","4.270997","4.467214"
"2008-08-04","04 Aug 2008","4.606662","4.340274","4.884642","4.364207","4.988201","4.217274","4.353453","4.376583","4.275889","4.460449"
"2008-08-05","05 Aug 2008","4.577436","4.331426","4.862820","4.344194","4.969359","4.220751","4.326735","4.344578","4.274824","4.428426"
"2008-08-06","06 Aug 2008","4.576497","4.327370","4.875106","4.342846","4.988481","4.221278","4.327786","4.344783","4.272429","4.426471"
"2008-08-07","07 Aug 2008","4.529611","4.239111","4.882231","4.206565","5.013240","4.211583","4.180962","4.221913","4.231281","4.338996"
"2008-08-08","08 Aug 2008","4.506094","4.206639","4.898643","4.163773","5.050264","4.224733","4.142368","4.189350","4.222859","4.308001"
"2008-08-11","11 Aug 2008","4.527517","4.231649","4.911141","4.192188","5.057692","4.235128","4.169028","4.212893","4.240084","4.330749"
"2008-08-12","12 Aug 2008","4.487883","4.214924","4.865368","4.164811","5.009218","4.233615","4.136731","4.177111","4.232550","4.293435"
"2008-08-13","13 Aug 2008","4.494893","4.198380","4.882422","4.137010","5.028623","4.240078","4.109173","4.161179","4.229447","4.289395"
"2008-08-14","14 Aug 2008","4.484960","4.189939","4.876552","4.120771","5.024452","4.248311","4.091859","4.146380","4.230541","4.277074"
"2008-08-15","15 Aug 2008","4.470844","4.191286","4.864880","4.128237","5.016941","4.245176","4.101003","4.148977","4.228486","4.270541"
"2008-08-18","18 Aug 2008","4.437925","4.174603","4.841674","4.094051","4.996284","4.248749","4.058065","4.103528","4.224608","4.229954"
"2008-08-19","19 Aug 2008","4.406740","4.143367","4.833024","4.037124","4.994913","4.255961","3.992642","4.043298","4.216633","4.182541"
"2008-08-20","20 Aug 2008","4.405406","4.167463","4.814892","4.071948","4.970735","4.254137","4.026190","4.065008","4.225970","4.192915"
"2008-08-21","21 Aug 2008","4.474073","4.215185","4.871376","4.166921","5.027984","4.238886","4.139541","4.173607","4.234752","4.282399"
"2008-08-22","22 Aug 2008","4.499044","4.237238","4.869910","4.216249","5.017495","4.220631","4.198469","4.228568","4.232408","4.324648"
"2008-08-25","25 Aug 2008","4.431856","4.196899","4.821045","4.136577","4.974355","4.240819","4.104789","4.136441","4.228380","4.243555"
"2008-08-26","26 Aug 2008","4.409137","4.162375","4.829903","4.081694","4.995163","4.238987","4.044185","4.082491","4.213408","4.202751"
"2008-08-27","27 Aug 2008","4.499849","4.223855","4.889629","4.192431","5.041626","4.212561","4.168638","4.201636","4.223407","4.309377"
"2008-08-28","28 Aug 2008","4.498737","4.255278","4.837756","4.257380","4.973883","4.199397","4.244800","4.264661","4.227124","4.344583"
"2008-08-29","29 Aug 2008","4.486537","4.229044","4.792131","4.210672","4.909238","4.216106","4.198897","4.237535","4.225929","4.330910"
"2008-09-01","01 Sep 2008","4.431191","4.183857","4.769894","4.126056","4.899167","4.235027","4.101992","4.146515","4.218892","4.255277"
"2008-09-02","02 Sep 2008","4.501090","4.219601","4.837472","4.189095","4.967387","4.233945","4.177154","4.225510","4.232068","4.330292"
"2008-09-03","03 Sep 2008","4.467138","4.212653","4.836854","4.162194","4.981256","4.248294","4.137880","4.177037","4.238633","4.284453"
"2008-09-04","04 Sep 2008","4.447635","4.216610","4.837956","4.139394","4.984731","4.253216","4.092667","4.121472","4.247337","4.242534"
"2008-09-05","05 Sep 2008","4.351364","4.174646","4.781050","4.051360","4.942983","4.266987","3.980734","3.997826","4.240116","4.127093"
"2008-09-08","08 Sep 2008","4.421607","4.197363","4.832210","4.098575","4.986590","4.268375","4.044648","4.075705","4.248600","4.204904"
"2008-09-09","09 Sep 2008","4.448778","4.197371","4.859575","4.104148","5.013837","4.268827","4.056781","4.096982","4.248094","4.230257"
"2008-09-10","10 Sep 2008","4.439054","4.182579","4.852475","4.082751","5.008651","4.279112","4.038246","4.084971","4.246832","4.220261"
"2008-09-11","11 Sep 2008","4.410413","4.151665","4.855310","4.029344","5.024841","4.291189","3.979779","4.032109","4.240842","4.177193"
"2008-09-12","12 Sep 2008","4.468120","4.173040","4.910084","4.082540","5.082467","4.277759","4.049485","4.107328","4.239930","4.244939"
"2008-09-15","15 Sep 2008","4.418855","4.057141","4.908315","3.929412","5.101208","4.250981","3.900057","3.994773","4.174844","4.164918"
"2008-09-16","16 Sep 2008","4.391513","3.986363","4.847558","3.858589","5.021643","4.197377","3.839672","3.956975","4.113090","4.138484"
"2008-09-17","17 Sep 2008","4.475395","4.062561","4.904349","3.950643","5.060147","4.215355","3.927588","4.037996","4.157970","4.221412"
"2008-09-18","18 Sep 2008","4.506019","4.065070","5.006560","3.984503","5.200794","4.178142","3.971133","4.071851","4.135267","4.244959"
"2008-09-19","19 Sep 2008","4.595131","4.152074","5.050891","4.107294","5.234909","4.229624","4.113093","4.215204","4.199029","4.367513"
"2008-09-22","22 Sep 2008","4.667635","4.178172","5.117865","4.180458","5.312211","4.197859","4.209233","4.318241","4.189089","4.458291"
"2008-09-23","23 Sep 2008","4.632273","4.138047","5.087127","4.132256","5.282091","4.171369","4.159298","4.272072","4.157086","4.417443"
"2008-09-24","24 Sep 2008","4.580012","4.050928","5.008092","4.027664","5.180415","4.122248","4.056758","4.191206","4.092054","4.355285"
"2008-09-25","25 Sep 2008","4.596789","4.024228","5.014568","4.045802","5.187645","4.033089","4.093839","4.231676","4.027294","4.385627"
"2008-09-26","26 Sep 2008","4.572387","3.917986","5.002425","3.940712","5.174530","3.938542","3.999243","4.164565","3.927184","4.341259"
"2008-09-29","29 Sep 2008","4.550188","3.768209","4.974199","3.783490","5.130386","3.826793","3.858539","4.073922","3.798440","4.290341"
"2008-09-30","30 Sep 2008","4.500794","3.680896","4.890565","3.741705","5.035234","3.678316","3.837109","4.057159","3.673655","4.261462"
"2008-10-01","01 Oct 2008","4.496691","3.677676","4.807340","3.727483","4.915325","3.718158","3.831867","4.072319","3.694081","4.278531"
"2008-10-02","02 Oct 2008","4.473888","3.592626","4.777331","3.610134","4.880347","3.734052","3.727235","4.012100","3.665050","4.244535"
"2008-10-03","03 Oct 2008","4.361211","3.441647","4.598108","3.468983","4.677346","3.679957","3.624650","3.945529","3.560161","4.167249"
"2008-10-06","06 Oct 2008","4.290650","3.331055","4.546524","3.320794","4.632045","3.687585","3.483903","3.836763","3.514080","4.079918"
"2008-10-07","07 Oct 2008","4.258262","3.272068","4.468324","3.362019","4.538430","3.413744","3.544663","3.873056","3.333649","4.082690"
"2008-10-08","08 Oct 2008","4.235019","3.150471","4.405142","3.188831","4.461850","2.752750","3.494341","3.896409","3.283334","4.089250"
"2008-10-09","09 Oct 2008","4.397822","3.179934","4.603238","3.275300","4.671713","3.019192","3.563346","3.994789","3.245507","4.222250"
"2008-10-10","10 Oct 2008","4.454348","3.098419","4.682609","3.221210","4.758700","2.835667","3.534643","4.007536","3.122220","4.259355"
"2008-10-13","13 Oct 2008","4.560792","3.136152","4.792647","3.299017","4.869937","2.763826","3.624781","4.106885","3.101756","4.362729"
"2008-10-14","14 Oct 2008","4.528658","3.141964","4.825221","3.437279","4.929560","3.043281","3.708927","4.084246","3.047452","4.314781"
"2008-10-15","15 Oct 2008","4.553887","3.128019","4.994237","3.410170","5.177231","3.176903","3.691386","4.068800","3.102699","4.305557"
"2008-10-16","16 Oct 2008","4.569320","3.058582","4.997792","3.304275","5.155773","3.009298","3.570882","3.994598","3.000302","4.283558"
"2008-10-17","17 Oct 2008","4.423551","2.949701","4.863200","3.210214","5.029447","2.906867","3.476218","3.875775","2.889442","4.146143"
"2008-10-20","20 Oct 2008","4.474465","2.980804","4.889343","3.249910","5.039115","2.811112","3.503868","3.907546","2.860398","4.191400"
"2008-10-21","21 Oct 2008","4.419222","2.954648","4.865966","3.190726","5.035703","2.934864","3.450163","3.857291","2.911201","4.135914"
"2008-10-22","22 Oct 2008","4.325405","2.874616","4.814135","3.107107","5.005690","2.938169","3.368702","3.763713","2.868492","4.035352"
"2008-10-23","23 Oct 2008","4.300073","2.868798","4.704348","3.089463","4.849810","3.007540","3.354580","3.756782","2.898695","4.027768"
"2008-10-24","24 Oct 2008","4.292429","2.862174","4.649938","3.072156","4.772954","2.874186","3.325320","3.742565","2.839529","4.025914"
"2008-10-27","27 Oct 2008","4.315675","2.815578","4.722279","3.029013","4.863441","2.887121","3.292104","3.722702","2.818541","4.022601"
"2008-10-28","28 Oct 2008","4.338528","2.822271","4.737319","2.997134","4.872941","2.885007","3.250350","3.708694","2.832288","4.033638"
"2008-10-29","29 Oct 2008","4.369653","2.833358","4.797146","3.038246","4.944329","2.793910","3.286707","3.730513","2.788480","4.054564"
"2008-10-30","30 Oct 2008","4.413910","2.830638","4.844352","3.039912","4.990733","2.765419","3.290794","3.749077","2.773188","4.087822"
"2008-10-31","31 Oct 2008","4.459830","2.791097","4.915708","3.015150","5.070920","2.712984","3.279184","3.759830","2.725302","4.115840"
"2008-11-03","03 Nov 2008","4.468928","2.829890","4.886305","3.044003","5.027294","2.792191","3.312149","3.796782","2.785734","4.144316"
"2008-11-04","04 Nov 2008","4.439306","2.812174","4.870606","3.023228","5.016780","2.762727","3.283974","3.760344","2.762576","4.108504"
"2008-11-05","05 Nov 2008","4.406243","2.816031","4.855014","3.024530","5.008284","2.743427","3.272217","3.728537","2.755002","4.071212"
"2008-11-06","06 Nov 2008","4.389558","2.727173","4.851416","2.954939","5.009178","2.634754","3.216464","3.690892","2.653573","4.044585"
"2008-11-07","07 Nov 2008","4.328190","2.690908","4.797865","2.897340","4.958321","2.629087","3.149805","3.621385","2.635829","3.978173"
"2008-11-10","10 Nov 2008","4.319441","2.696492","4.779731","2.901120","4.936750","2.638525","3.152674","3.621640","2.643568","3.974751"
"2008-11-11","11 Nov 2008","4.320261","2.627058","4.816003","2.843881","4.986036","2.550722","3.103083","3.586491","2.563322","3.955019"
"2008-11-12","12 Nov 2008","4.295248","2.442622","4.822120","2.829499","5.011689","2.644293","3.149283","3.609841","2.417756","3.944362"
"2008-11-13","13 Nov 2008","4.303828","2.414396","4.884690","2.808199","5.096088","2.602468","3.118880","3.578865","2.369097","3.927346"
"2008-11-14","14 Nov 2008","4.283236","2.454783","4.886904","2.824067","5.108452","2.588468","3.110010","3.551785","2.386938","3.899408"
"2008-11-17","17 Nov 2008","4.288129","2.388629","4.862754","2.798121","5.071453","2.545096","3.109052","3.567416","2.318703","3.914294"
"2008-11-18","18 Nov 2008","4.271741","2.402291","4.850591","2.775740","5.061034","2.384083","3.075303","3.540115","2.286752","3.893572"
"2008-11-19","19 Nov 2008","4.225197","2.349704","4.765934","2.755092","4.961146","2.417649","3.068107","3.527779","2.254509","3.867123"
"2008-11-20","20 Nov 2008","4.130121","2.218936","4.634762","2.662541","4.818403","2.335145","3.005571","3.472172","2.142263","3.795975"
"2008-11-21","21 Nov 2008","4.118434","2.250878","4.609192","2.701380","4.785459","2.318695","3.023909","3.470819","2.131038","3.788914"
"2008-11-24","24 Nov 2008","4.092735","2.325308","4.599873","2.769409","4.784026","2.393952","3.054406","3.458387","2.171610","3.763303"
"2008-11-25","25 Nov 2008","4.054620","2.386845","4.524581","2.797698","4.694374","2.344136","3.065834","3.454366","2.205095","3.745061"
"2008-11-26","26 Nov 2008","4.017848","2.353151","4.460022","2.759727","4.616767","2.364532","3.032061","3.425927","2.198436","3.716084"
"2008-11-27","27 Nov 2008","4.030987","2.338633","4.449559","2.767515","4.596834","2.348149","3.053062","3.453608","2.178511","3.739717"
"2008-11-28","28 Nov 2008","4.002677","2.293762","4.397104","2.717782","4.534393","2.296326","3.017640","3.433486","2.152209","3.719987"
"2008-12-01","01 Dec 2008","3.954473","2.302610","4.341650","2.696062","4.476434","2.244192","2.984771","3.394050","2.156026","3.676537"
"2008-12-02","02 Dec 2008","3.908191","2.304238","4.291043","2.723653","4.426321","2.249614","3.000147","3.378580","2.127678","3.642267"
"2008-12-03","03 Dec 2008","3.822763","2.220374","4.120288","2.700700","4.222396","2.256215","2.997214","3.365411","2.047404","3.600801"
"2008-12-04","04 Dec 2008","3.825347","2.199923","4.102579","2.671895","4.196846","2.151422","2.985845","3.374464","2.025056","3.611333"
"2008-12-05","05 Dec 2008","3.888944","2.267488","4.222470","2.732668","4.339941","2.205790","3.031375","3.408271","2.079523","3.652279"
"2008-12-08","08 Dec 2008","3.943614","2.323602","4.251602","2.824057","4.361126","2.231701","3.130300","3.497509","2.105819","3.725762"
"2008-12-09","09 Dec 2008","4.017623","2.406632","4.372727","2.897658","4.501325","2.243745","3.182299","3.540001","2.138226","3.778112"
"2008-12-10","10 Dec 2008","4.027814","2.345315","4.427303","2.853530","4.576329","2.232867","3.150217","3.520483","2.094642","3.770095"
"2008-12-11","11 Dec 2008","4.029047","2.298043","4.364823","2.810547","4.485037","2.225218","3.142224","3.543832","2.100251","3.792450"
"2008-12-12","12 Dec 2008","4.036403","2.278666","4.381216","2.757497","4.502935","2.169841","3.095754","3.522370","2.098936","3.787498"
"2008-12-15","15 Dec 2008","4.087148","2.308844","4.466538","2.775977","4.601603","2.107707","3.104624","3.538388","2.091963","3.818438"
"2008-12-16","16 Dec 2008","4.010405","2.255635","4.365552","2.713088","4.490167","2.045275","3.042951","3.476895","2.045966","3.751969"
"2008-12-17","17 Dec 2008","3.893671","2.120189","4.275414","2.556610","4.408692","1.920991","2.885332","3.330142","1.928149","3.618509"
"2008-12-18","18 Dec 2008","3.925836","2.081993","4.254112","2.508426","4.011642","1.917458","2.819625","3.268882","1.888529","3.592750"
"2008-12-19","19 Dec 2008","3.911741","2.055133","4.295249","2.467068","4.081442","1.824842","2.768741","3.221537","1.835149","3.557733"
"2008-12-22","22 Dec 2008","3.894379","2.018541","4.264774","2.473982","4.065463","1.811386","2.786525","3.232780","1.782436","3.556186"
"2008-12-23","23 Dec 2008","3.903234","1.998827","4.290551","2.424057","4.067085","1.716666","2.731157","3.195127","1.747339","3.540384"
"2008-12-24","24 Dec 2008","3.902843","2.000986","4.290101","2.423232","4.067397","1.741070","2.731012","3.195240","1.763159","3.540309"
"2008-12-29","29 Dec 2008","3.904935","1.981098","4.273088","2.427278","4.040319","1.703233","2.741479","3.206818","1.720310","3.548805"
"2008-12-30","30 Dec 2008","3.922767","1.990252","4.286081","2.413125","4.031317","1.745449","2.728789","3.205466","1.765645","3.557547"
"2008-12-31","31 Dec 2008","3.923222","1.993903","4.284863","2.410256","4.030893","1.787778","2.728581","3.207029","1.794472","3.558926"
"2009-01-02","02 Jan 2009","3.933960","1.951114","4.266183","2.389870","3.981561","1.748345","2.722135","3.214085","1.745918","3.570737"
"2009-01-05","05 Jan 2009","3.942196","1.936111","4.314602","2.366715","4.057223","1.741639","2.700479","3.199897","1.741499","3.565338"
"2009-01-06","06 Jan 2009","4.089705","1.940768","4.507066","2.413725","4.259756","1.705911","2.768403","3.297663","1.709010","3.686269"
"2009-01-07","07 Jan 2009","4.054671","1.795676","4.571124","2.306590","4.433955","1.695809","2.692911","3.241576","1.614129","3.636829"
"2009-01-08","08 Jan 2009","4.011499","1.731059","4.526883","2.252939","4.417667","1.748499","2.659805","3.216270","1.602242","3.604748"
"2009-01-09","09 Jan 2009","3.970770","1.614082","4.492526","2.147371","4.371672","1.637901","2.569401","3.148203","1.488199","3.551114"
"2009-01-12","12 Jan 2009","3.976947","1.606240","4.540523","2.158753","4.466707","1.618700","2.579799","3.152286","1.462120","3.553263"
"2009-01-13","13 Jan 2009","3.990097","1.580004","4.578583","2.176337","4.554079","1.619725","2.609242","3.178609","1.423423","3.572219"
"2009-01-14","14 Jan 2009","4.002111","1.573954","4.653505","2.132705","4.658034","1.599411","2.560213","3.143482","1.433822","3.556484"
"2009-01-15","15 Jan 2009","3.972425","1.542899","4.583719","2.136236","4.568625","1.564203","2.568382","3.142984","1.380075","3.543999"
"2009-01-16","16 Jan 2009","4.045469","1.552223","4.666307","2.161367","4.652738","1.600201","2.608942","3.200074","1.398315","3.609607"
"2009-01-19","19 Jan 2009","4.093302","1.517493","4.688530","2.153654","4.631631","1.572226","2.620403","3.232745","1.358749","3.652602"
"2009-01-20","20 Jan 2009","4.122059","1.479048","4.694491","2.184114","4.643394","1.565436","2.673326","3.287511","1.298277","3.697203"
"2009-01-21","21 Jan 2009","4.204019","1.447560","4.747255","2.182473","4.628143","1.504347","2.691961","3.336088","1.245294","3.765269"
"2009-01-22","22 Jan 2009","4.251112","1.398889","4.766409","2.142196","4.584434","1.445990","2.670305","3.346739","1.198041","3.797174"
"2009-01-23","23 Jan 2009","4.299011","1.356028","4.895391","1.965908","5.101057","1.248815","2.542929","3.350759","1.202287","3.848459"
"2009-01-26","26 Jan 2009","4.422238","1.504321","4.957832","2.182809","5.140836","1.255524","2.764162","3.541690","1.266025","4.008228"
"2009-01-27","27 Jan 2009","4.331542","1.512332","4.767189","2.191146","4.913488","1.296575","2.783156","3.547973","1.292923","3.975551"
"2009-01-28","28 Jan 2009","4.201852","1.444592","4.645849","2.116946","4.795653","1.249175","2.689861","3.426274","1.230019","3.845399"
"2009-01-29","29 Jan 2009","4.181428","1.419486","4.616441","2.048067","4.762388","1.259546","2.626460","3.393550","1.239811","3.824401"
"2009-01-30","30 Jan 2009","4.211254","1.396330","4.670874","2.024768","4.825457","1.259567","2.609615","3.392263","1.227332","3.837688"
"2009-02-02","02 Feb 2009","4.184810","1.417241","4.705349","1.961963","4.881304","1.243480","2.502164","3.290425","1.253016","3.769843"
"2009-02-03","03 Feb 2009","4.145632","1.352146","4.614675","1.921299","4.771764","1.242272","2.491532","3.294639","1.213048","3.759277"
"2009-02-04","04 Feb 2009","4.193179","1.378229","4.696837","1.955848","4.866745","1.230174","2.519673","3.316515","1.218252","3.788948"
"2009-02-05","05 Feb 2009","4.149729","1.292048","4.693230","1.871116","4.878236","1.169023","2.437038","3.239700","1.142016","3.724580"
"2009-02-06","06 Feb 2009","4.185305","1.282101","4.718446","1.876295","4.898770","1.108874","2.452105","3.270506","1.107664","3.761176"
"2009-02-09","09 Feb 2009","4.163584","1.279664","4.681598","1.892011","4.856781","1.090910","2.469266","3.273682","1.092559","3.751379"
"2009-02-10","10 Feb 2009","4.141438","1.298749","4.684834","1.888218","4.869904","1.103354","2.446032","3.236727","1.112821","3.717634"
"2009-02-11","11 Feb 2009","4.068439","1.267770","4.625129","1.852089","4.816566","1.126706","2.401535","3.171827","1.104193","3.644187"
"2009-02-12","12 Feb 2009","4.024688","1.227496","4.579480","1.808209","4.770067","1.103383","2.358121","3.129129","1.072446","3.601224"
"2009-02-13","13 Feb 2009","4.088967","1.243328","4.609564","1.838527","4.785759","1.102805","2.407849","3.202762","1.080912","3.677038"
"2009-02-16","16 Feb 2009","4.155612","1.204011","4.615793","1.822438","4.308070","1.162173","2.358739","3.123251","1.053014","3.645353"
"2009-02-17","17 Feb 2009","4.134366","1.174229","4.628243","1.777674","4.341183","1.131211","2.311765","3.082109","1.029937","3.612071"
"2009-02-18","18 Feb 2009","4.097515","1.196909","4.639874","1.812811","4.415422","1.172445","2.334169","3.072844","1.047426","3.583773"
"2009-02-19","19 Feb 2009","4.179630","1.249494","4.733390","1.921357","4.527465","1.179691","2.443697","3.168224","1.046633","3.670684"
"2009-02-20","20 Feb 2009","4.134156","1.218631","4.714612","1.871903","4.529449","1.157745","2.389600","3.113666","1.029078","3.618744"
"2009-02-23","23 Feb 2009","4.118586","1.227173","4.702494","1.867835","4.471458","1.131185","2.372819","3.089022","1.024402","3.596045"
"2009-02-24","24 Feb 2009","4.148518","1.200715","4.704687","1.844062","4.433969","1.102648","2.361968","3.099937","1.002458","3.619523"
"2009-02-25","25 Feb 2009","4.111348","1.157871","4.680645","1.785604","4.418404","1.084726","2.306213","3.051997","0.980837","3.576709"
"2009-02-26","26 Feb 2009","4.230742","1.182180","4.770468","1.898002","4.490729","1.095829","2.441027","3.189359","0.953560","3.707612"
"2009-02-27","27 Feb 2009","4.143665","1.146442","4.695986","1.888384","4.489969","1.131261","2.432460","3.155094","0.929711","3.646512"
"2009-03-02","02 Mar 2009","4.167935","1.122584","4.738290","1.812990","4.482172","1.074813","2.356842","3.111917","0.927304","3.635952"
"2009-03-03","03 Mar 2009","4.162092","1.105810","4.745347","1.850677","4.525203","1.058629","2.398207","3.135656","0.875155","3.643607"
"2009-03-04","04 Mar 2009","4.210559","1.081404","4.831075","1.821995","4.615797","1.032057","2.379465","3.140384","0.858338","3.668549"
"2009-03-05","05 Mar 2009","4.113968","1.068132","4.729330","1.819681","4.551057","1.043797","2.366129","3.095237","0.841290","3.597113"
"2009-03-06","06 Mar 2009","4.076014","1.088245","4.674460","1.845711","4.500426","1.037296","2.379877","3.087529","0.838362","3.574347"
"2009-03-09","09 Mar 2009","4.051372","1.134096","4.629591","1.910418","4.474476","1.063691","2.432649","3.110906","0.853949","3.574085"
"2009-03-10","10 Mar 2009","4.100267","1.121504","4.659276","1.928850","4.484851","1.066871","2.467670","3.158381","0.835931","3.624573"
"2009-03-11","11 Mar 2009","4.171900","1.180870","4.747490","1.993599","4.583546","1.097455","2.530453","3.221490","0.876962","3.690654"
"2009-03-12","12 Mar 2009","4.114657","1.128318","4.719251","1.920216","4.583039","1.089299","2.457982","3.153221","0.860124","3.626393"
"2009-03-13","13 Mar 2009","4.146996","1.127311","4.790446","1.938375","4.695042","1.084497","2.480455","3.177250","0.845375","3.652368"
"2009-03-16","16 Mar 2009","4.141017","1.107462","4.801472","1.942240","4.744256","1.099273","2.491858","3.184817","0.827459","3.652713"
"2009-03-17","17 Mar 2009","4.194316","1.094899","4.854429","1.934256","4.772293","1.086548","2.495787","3.209716","0.819263","3.692591"
"2009-03-18","18 Mar 2009","4.166451","1.088811","4.814445","1.950011","4.748984","1.087757","2.511360","3.211703","0.799798","3.680457"
"2009-03-19","19 Mar 2009","4.056911","1.079720","4.715431","1.934819","4.710870","1.107111","2.481190","3.149430","0.797712","3.593232"
"2009-03-20","20 Mar 2009","3.954373","1.037651","4.665446","1.813098","4.675820","1.042323","2.335879","3.005587","0.789952","3.465223"
"2009-03-23","23 Mar 2009","3.980734","1.063605","4.653771","1.801242","4.582859","1.026014","2.318234","3.002910","0.822528","3.478864"
"2009-03-24","24 Mar 2009","4.084020","1.103555","4.737723","1.874446","4.646761","1.073635","2.407528","3.104330","0.851558","3.583458"
"2009-03-25","25 Mar 2009","4.124735","1.128990","4.763797","1.873916","4.617634","1.020534","2.399019","3.109306","0.857539","3.606531"
"2009-03-26","26 Mar 2009","4.092204","1.140454","4.730446","1.892522","4.607070","1.034752","2.410823","3.103704","0.860219","3.587031"
"2009-03-27","27 Mar 2009","4.103220","1.089524","4.667145","1.846765","4.454340","1.015241","2.385742","3.105384","0.833401","3.599705"
"2009-03-30","30 Mar 2009","4.103055","1.086764","4.676033","1.826868","4.450060","0.987649","2.361065","3.085907","0.829513","3.588840"
"2009-03-31","31 Mar 2009","4.096488","1.066482","4.670872","1.803971","4.444209","0.988271","2.343086","3.074097","0.823096","3.580027"
"2009-04-01","01 Apr 2009","4.087588","1.051730","4.685666","1.799097","4.477602","0.938422","2.333603","3.060008","0.782899","3.566426"
"2009-04-02","02 Apr 2009","4.147684","1.121446","4.737878","1.904293","4.543452","0.997202","2.438847","3.149891","0.820880","3.641585"
"2009-04-03","03 Apr 2009","4.157813","1.176041","4.732169","1.964702","4.533969","0.996702","2.486933","3.181083","0.837794","3.662262"
"2009-04-06","06 Apr 2009","4.155016","1.195455","4.774330","1.998134","4.626080","0.940601","2.507369","3.184248","0.800822","3.658430"
"2009-04-07","07 Apr 2009","4.172883","1.161209","4.791992","1.950385","4.614598","0.913357","2.467609","3.166843","0.786887","3.659291"
"2009-04-08","08 Apr 2009","4.175984","1.148216","4.771191","1.926348","4.559795","0.907352","2.447640","3.158348","0.789458","3.658562"
"2009-04-09","09 Apr 2009","4.218573","1.160874","4.825797","1.922183","4.602435","0.918721","2.445995","3.171541","0.816742","3.685922"
"2009-04-14","14 Apr 2009","4.160360","1.128769","4.777766","1.865058","4.562387","0.911032","2.384048","3.108740","0.811898","3.624592"
"2009-04-15","15 Apr 2009","4.121379","1.127159","4.768641","1.827384","4.568315","0.886548","2.331989","3.053125","0.817837","3.574447"
"2009-04-16","16 Apr 2009","4.153292","1.155866","4.781206","1.863523","4.567431","0.924407","2.371754","3.093321","0.847614","3.612006"
"2009-04-17","17 Apr 2009","4.166458","1.197484","4.773938","1.899647","4.550090","0.980830","2.405586","3.121347","0.898757","3.633822"
"2009-04-20","20 Apr 2009","4.117680","1.207922","4.731024","1.869343","4.505766","0.965377","2.358178","3.066646","0.917498","3.580691"
"2009-04-21","21 Apr 2009","4.100518","1.186100","4.678797","1.857828","4.432178","0.966893","2.353816","3.064113","0.903405","3.573753"
"2009-04-22","22 Apr 2009","4.136705","1.195327","4.700403","1.884162","4.442650","0.974772","2.387334","3.102394","0.903982","3.612439"
"2009-04-23","23 Apr 2009","4.088920","1.177123","4.662105","1.865525","4.421109","0.952208","2.362083","3.066040","0.879408","3.569167"
"2009-04-24","24 Apr 2009","4.123792","1.143483","4.671283","1.840331","4.391471","0.922454","2.352397","3.079721","0.852107","3.596429"
"2009-04-27","27 Apr 2009","4.066142","1.113056","4.638781","1.774767","4.373257","0.902582","2.278832","3.007046","0.847238","3.529293"
"2009-04-28","28 Apr 2009","4.063843","1.105486","4.642875","1.768512","4.380182","0.877055","2.270979","2.999603","0.829875","3.523873"
"2009-04-29","29 Apr 2009","4.072482","1.094345","4.629796","1.752727","4.337196","0.845738","2.257950","2.996836","0.815693","3.528622"
"2009-04-30","30 Apr 2009","4.078550","1.100104","4.602800","1.769589","4.290245","0.858402","2.279253","3.017722","0.819437","3.544667"
"2009-05-04","04 May 2009","4.086488","1.072886","4.658320","1.755415","4.383477","0.856856","2.271336","3.013235","0.796859","3.543417"
"2009-05-05","05 May 2009","4.058210","1.072948","4.632614","1.744397","4.361406","0.841630","2.252380","2.987781","0.793447","3.515844"
"2009-05-06","06 May 2009","4.054647","1.041725","4.621523","1.707746","4.336884","0.830355","2.223722","2.972066","0.780009","3.507527"
"2009-05-07","07 May 2009","4.138098","1.011126","4.734697","1.704056","4.459386","0.817282","2.242684","3.019071","0.750886","3.572471"
"2009-05-08","08 May 2009","4.146510","0.981358","4.780975","1.652973","4.519991","0.799153","2.196263","2.990885","0.742948","3.560811"
"2009-05-11","11 May 2009","4.103549","0.967441","4.716189","1.652331","4.463490","0.828159","2.198412","2.981473","0.739436","3.536312"
"2009-05-12","12 May 2009","4.160136","0.991015","4.765335","1.684649","4.495658","0.825183","2.234551","3.025940","0.748392","3.587552"
"2009-05-13","13 May 2009","4.127130","0.948285","4.780286","1.619838","4.539088","0.776524","2.165876","2.964247","0.715519","3.536981"
"2009-05-14","14 May 2009","4.153448","0.951654","4.794166","1.642983","4.546823","0.794758","2.197187","2.997891","0.716271","3.568237"
"2009-05-15","15 May 2009","4.160746","0.932501","4.795008","1.640553","4.546720","0.802399","2.204542","3.009818","0.702206","3.578940"
"2009-05-18","18 May 2009","4.163806","0.913763","4.792476","1.614875","4.528769","0.774368","2.182068","2.998101","0.686032","3.575442"
"2009-05-19","19 May 2009","4.210835","0.952685","4.825819","1.646210","4.550570","0.845437","2.220079","3.044554","0.746222","3.623952"
"2009-05-20","20 May 2009","4.198389","1.009502","4.797981","1.686144","4.677580","0.866377","2.255328","3.073706","0.798672","3.639029"
"2009-05-21","21 May 2009","4.168471","0.980716","4.779679","1.633034","4.666833","0.875971","2.204706","3.033066","0.800005","3.603931"
"2009-05-22","22 May 2009","4.261165","1.003449","4.843860","1.655767","4.695390","0.861768","2.239946","3.097371","0.812918","3.686598"
"2009-05-25","25 May 2009","4.303852","1.055200","4.895988","1.758916","4.766589","0.893750","2.339587","3.169441","0.826048","3.740969"
"2009-05-26","26 May 2009","4.306837","1.040886","4.899865","1.746370","4.770364","0.914743","2.334593","3.170927","0.828252","3.743759"
"2009-05-27","27 May 2009","4.335937","1.048636","4.892812","1.771017","4.743606","0.937488","2.369986","3.212371","0.837128","3.782586"
"2009-05-28","28 May 2009","4.408560","1.045898","4.953193","1.771231","4.715448","0.922189","2.379388","3.244242","0.831133","3.834449"
"2009-05-29","29 May 2009","4.412529","0.993985","4.953066","1.713019","4.704169","0.894570","2.335614","3.225500","0.798733","3.829378"
"2009-06-01","01 Jun 2009","4.400121","1.002694","5.012033","1.718385","4.704292","0.907775","2.321550","3.188248","0.801234","3.793115"
"2009-06-02","02 Jun 2009","4.411807","0.981944","5.035548","1.689482","4.731752","0.914216","2.301045","3.182845","0.799654","3.796625"
"2009-06-03","03 Jun 2009","4.343007","0.972761","4.929269","1.658585","4.604420","0.902054","2.260863","3.134009","0.797976","3.740115"
"2009-06-04","04 Jun 2009","4.449240","1.053592","4.996890","1.795368","4.655730","0.985428","2.408666","3.272237","0.852259","3.864697"
"2009-06-05","05 Jun 2009","4.445778","1.143523","4.942106","1.916612","4.738833","0.991239","2.519366","3.351087","0.885285","3.909909"
"2009-06-08","08 Jun 2009","4.418124","1.172811","4.886279","1.959588","4.678242","1.024292","2.554495","3.363295","0.902461","3.902948"
"2009-06-09","09 Jun 2009","4.409050","1.154290","4.873508","1.942688","4.662902","1.015204","2.541122","3.353417","0.888823","3.894076"
"2009-06-10","10 Jun 2009","4.410924","1.131471","4.904508","1.911263","4.703318","0.978092","2.509444","3.330238","0.865571","3.881464"
"2009-06-11","11 Jun 2009","4.468531","1.129808","4.958744","1.961173","4.761329","0.959884","2.571308","3.393962","0.827528","3.942771"
"2009-06-12","12 Jun 2009","4.404144","1.095032","4.905684","1.907256","4.717829","0.918553","2.509140","3.327163","0.798685","3.875968"
"2009-06-15","15 Jun 2009","4.337680","1.067139","4.880385","1.864155","4.730173","0.924967","2.457755","3.263721","0.790302","3.807228"
"2009-06-16","16 Jun 2009","4.335871","1.063717","4.899076","1.855120","4.762822","0.930641","2.447868","3.254468","0.793862","3.800186"
"2009-06-17","17 Jun 2009","4.305993","1.028558","4.890354","1.793021","4.761642","0.900614","2.384706","3.201563","0.778812","3.757788"
"2009-06-18","18 Jun 2009","4.342390","1.010992","4.891877","1.817708","4.908994","0.858539","2.442927","3.283800","0.745936","3.830149"
"2009-06-19","19 Jun 2009","4.323074","1.002759","4.957208","1.771371","5.015213","0.852316","2.382157","3.222370","0.754315","3.782113"
"2009-06-22","22 Jun 2009","4.273604","0.980197","4.887740","1.734574","4.725601","0.858719","2.322815","3.142529","0.736910","3.707967"
"2009-06-23","23 Jun 2009","4.275081","0.996485","4.916094","1.750522","4.774116","0.843357","2.329284","3.140040","0.734667","3.704656"
"2009-06-24","24 Jun 2009","4.255611","0.920601","4.925215","1.674960","4.792497","0.757546","2.260955","3.088699","0.658392","3.668079"
"2009-06-25","25 Jun 2009","4.246079","0.885158","4.916235","1.584632","4.752734","0.679512","2.168835","3.026438","0.641092","3.633386"
"2009-06-26","26 Jun 2009","4.234509","0.906047","4.886645","1.581117","4.702188","0.664026","2.155329","3.011793","0.657822","3.621164"
"2009-06-29","29 Jun 2009","4.176819","0.951198","4.843813","1.624246","4.692966","0.725203","2.178307","2.996442","0.700700","3.581153"
"2009-06-30","30 Jun 2009","4.217828","0.961393","4.839393","1.651368","4.643627","0.657569","2.206890","3.032577","0.669100","3.623108"
"2009-07-01","01 Jul 2009","4.201313","0.937044","4.836379","1.622872","4.652516","0.693595","2.185769","3.015828","0.676087","3.606063"
"2009-07-02","02 Jul 2009","4.152390","0.841558","4.816727","1.526827","4.534421","0.638498","2.092769","2.930148","0.597218","3.533064"
"2009-07-03","03 Jul 2009","4.157119","0.826257","4.809442","1.510752","4.512311","0.622983","2.081633","2.927845","0.584916","3.535658"
"2009-07-06","06 Jul 2009","4.128586","0.815935","4.777279","1.480471","4.472280","0.593461","2.045046","2.892432","0.576300","3.503792"
"2009-07-07","07 Jul 2009","4.137342","0.795504","4.797132","1.493436","4.516722","0.610740","2.068983","2.914030","0.555377","3.518686"
"2009-07-08","08 Jul 2009","4.163902","0.800966","4.826646","1.503943","4.534866","0.565353","2.076753","2.925330","0.535412","3.537011"
"2009-07-09","09 Jul 2009","4.167188","0.810204","4.809711","1.523924","4.504741","0.554308","2.095231","2.939085","0.528332","3.546629"
"2009-07-10","10 Jul 2009","4.141109","0.801562","4.793475","1.509826","4.493750","0.528202","2.074298","2.912357","0.512097","3.518913"
"2009-07-13","13 Jul 2009","4.124302","0.802394","4.730521","1.505253","4.399078","0.528460","2.070421","2.909149","0.517524","3.512392"
"2009-07-14","14 Jul 2009","4.154948","0.818816","4.753362","1.561439","4.427952","0.542041","2.131465","2.961182","0.506915","3.554073"
"2009-07-15","15 Jul 2009","4.161878","0.826311","4.773030","1.563374","4.450483","0.518946","2.128172","2.957745","0.501795","3.554558"
"2009-07-16","16 Jul 2009","4.163761","0.789505","4.775916","1.522584","4.441732","0.479096","2.093989","2.938518","0.471141","3.546533"
"2009-07-17","17 Jul 2009","4.178498","0.790745","4.823349","1.541020","4.516981","0.475093","2.112356","2.951908","0.456429","3.557992"
"2009-07-20","20 Jul 2009","4.179889","0.814806","4.849972","1.582890","4.577548","0.488062","2.148019","2.970640","0.456681","3.565488"
"2009-07-21","21 Jul 2009","4.155073","0.799694","4.845682","1.549112","4.584299","0.476979","2.109809","2.933691","0.454685","3.533020"
"2009-07-22","22 Jul 2009","4.123911","0.802149","4.824619","1.543823","4.579901","0.478950","2.097124","2.911159","0.457582","3.504977"
"2009-07-23","23 Jul 2009","4.093562","0.805291","4.823317","1.545329","4.612788","0.488053","2.090811","2.891075","0.458517","3.477072"
"2009-07-24","24 Jul 2009","4.128244","0.830408","4.826191","1.577442","4.586024","0.491048","2.125400","2.929219","0.470307","3.515813"
"2009-07-27","27 Jul 2009","4.132166","0.861093","4.852978","1.625421","4.647391","0.491977","2.165850","2.952001","0.466992","3.526815"
"2009-07-28","28 Jul 2009","4.073358","0.841894","4.781569","1.587148","4.572697","0.506131","2.123013","2.903678","0.475594","3.473926"
"2009-07-29","29 Jul 2009","4.041933","0.837975","4.773391","1.581108","4.595399","0.501658","2.110382","2.880288","0.467790","3.444497"
"2009-07-30","30 Jul 2009","4.040992","0.837990","4.742052","1.581970","4.536220","0.495767","2.112800","2.884752","0.466027","3.448405"
"2009-07-31","31 Jul 2009","3.937787","0.812591","4.636828","1.532421","4.449269","0.495848","2.050375","2.804561","0.462341","3.356133"
"2009-08-03","03 Aug 2009","3.940485","0.838227","4.643971","1.585233","4.483152","0.523306","2.101652","2.838208","0.465409","3.373598"
"2009-08-04","04 Aug 2009","3.959618","0.866150","4.631950","1.607712","4.438338","0.511199","2.120808","2.858614","0.476973","3.395264"
"2009-08-05","05 Aug 2009","3.970900","0.930528","4.598843","1.682644","4.387234","0.519022","2.186963","2.906715","0.499601","3.427262"
"2009-08-06","06 Aug 2009","3.959787","0.938607","4.588257","1.716532","4.406433","0.536895","2.221423","2.926177","0.491550","3.431396"
"2009-08-07","07 Aug 2009","3.987110","0.978953","4.629024","1.788662","4.484075","0.531238","2.291262","2.979592","0.481608","3.470590"
"2009-08-10","10 Aug 2009","3.989642","0.976252","4.653974","1.781890","4.526902","0.527596","2.283424","2.973018","0.480655","3.467079"
"2009-08-11","11 Aug 2009","3.947687","0.928837","4.618640","1.706956","4.479421","0.515669","2.208015","2.908252","0.472489","3.413366"
"2009-08-12","12 Aug 2009","3.995705","0.918100","4.672157","1.716382","4.530712","0.513928","2.229539","2.942622","0.458898","3.454998"
"2009-08-13","13 Aug 2009","3.984406","0.869552","4.659217","1.653148","4.494929","0.493298","2.172923","2.903965","0.441033","3.430705"
"2009-08-14","14 Aug 2009","3.933333","0.844943","4.622052","1.600277","4.462511","0.470982","2.111834","2.842159","0.434146","3.372906"
"2009-08-17","17 Aug 2009","3.909962","0.844474","4.580804","1.611460","4.429495","0.494994","2.123959","2.844643","0.436795","3.363824"
"2009-08-18","18 Aug 2009","3.916740","0.856705","4.575238","1.610588","4.403735","0.484097","2.119799","2.843962","0.446492","3.367551"
"2009-08-19","19 Aug 2009","3.892953","0.831997","4.544710","1.591991","4.375939","0.503127","2.106104","2.829535","0.441340","3.349228"
"2009-08-20","20 Aug 2009","3.881288","0.827341","4.558482","1.576587","4.409778","0.496932","2.086530","2.808966","0.441173","3.331201"
"2009-08-21","21 Aug 2009","3.882569","0.855592","4.553606","1.638938","4.434170","0.525200","2.148558","2.850963","0.441289","3.353081"
"2009-08-24","24 Aug 2009","3.931066","0.850107","4.584420","1.629680","4.423984","0.509018","2.148197","2.871745","0.441073","3.389581"
"2009-08-25","25 Aug 2009","3.901612","0.826831","4.590783","1.588030","4.456844","0.498500","2.102227","2.826875","0.435003","3.349867"
"2009-08-26","26 Aug 2009","3.847603","0.823330","4.557224","1.575476","4.456375","0.495588","2.078948","2.787643","0.430579","3.301163"
"2009-08-27","27 Aug 2009","3.827562","0.817712","4.541399","1.578475","4.456895","0.490128","2.080259","2.780829","0.416594","3.287316"
"2009-08-28","28 Aug 2009","3.855821","0.810924","4.567810","1.594203","4.485297","0.490942","2.105051","2.810293","0.401996","3.316877"
"2009-08-31","31 Aug 2009","3.872030","0.791280","4.566459","1.588769","4.468714","0.524024","2.112973","2.827723","0.405930","3.335743"
"2009-09-01","01 Sep 2009","3.918879","0.783662","4.605838","1.576388","4.477060","0.512594","2.109541","2.845148","0.407324","3.369076"
"2009-09-02","02 Sep 2009","3.902917","0.786486","4.606311","1.555294","4.482662","0.497330","2.080008","2.815640","0.414602","3.344786"
"2009-09-03","03 Sep 2009","3.955990","0.733748","4.674125","1.519240","4.543181","0.477654","2.066151","2.831677","0.379951","3.380037"
"2009-09-04","04 Sep 2009","3.926825","0.722070","4.637651","1.489607","4.495590","0.470371","2.032899","2.799301","0.382028","3.349606"
"2009-09-07","07 Sep 2009","3.942512","0.684102","4.688492","1.456863","4.569100","0.459652","2.010552","2.791049","0.359052","3.351827"
"2009-09-08","08 Sep 2009","3.965001","0.680745","4.735005","1.452303","4.629255","0.458245","2.008954","2.796703","0.359264","3.364576"
"2009-09-09","09 Sep 2009","3.980740","0.699286","4.772705","1.469639","4.687177","0.471626","2.023459","2.808585","0.374202","3.376722"
"2009-09-10","10 Sep 2009","3.947520","0.689094","4.737315","1.407647","4.624054","0.451482","1.952436","2.747630","0.393395","3.329469"
"2009-09-11","11 Sep 2009","3.908649","0.689630","4.681405","1.398832","4.560069","0.454283","1.937381","2.723756","0.398038","3.298785"
"2009-09-14","14 Sep 2009","3.885082","0.709911","4.635634","1.424466","4.510090","0.462053","1.955703","2.726752","0.404112","3.289328"
"2009-09-15","15 Sep 2009","3.890085","0.719961","4.639029","1.453920","4.528210","0.487240","1.987630","2.750636","0.407481","3.303925"
"2009-09-16","16 Sep 2009","3.940876","0.735039","4.671930","1.475657","4.536431","0.500011","2.017414","2.792089","0.422228","3.351850"
"2009-09-17","17 Sep 2009","3.956337","0.772323","4.684048","1.498389","4.541280","0.515567","2.032909","2.805009","0.456268","3.365815"
"2009-09-18","18 Sep 2009","3.940837","0.763580","4.699395","1.496828","4.594819","0.522329","2.030144","2.794914","0.447503","3.350823"
"2009-09-21","21 Sep 2009","3.951782","0.740730","4.733873","1.469217","4.639694","0.513046","2.008048","2.784353","0.437863","3.349973"
"2009-09-22","22 Sep 2009","3.951261","0.729683","4.720053","1.464981","4.611525","0.486757","2.005459","2.783940","0.416176","3.350459"
"2009-09-23","23 Sep 2009","3.951806","0.720693","4.702743","1.463042","4.579622","0.485969","2.008069","2.789173","0.408706","3.354835"
"2009-09-24","24 Sep 2009","3.909038","0.703629","4.686604","1.410112","4.577060","0.474083","1.946522","2.728996","0.415160","3.301234"
"2009-09-25","25 Sep 2009","3.857701","0.733659","4.596734","1.427472","4.466716","0.473947","1.947641","2.709190","0.431258","3.266994"
"2009-09-28","28 Sep 2009","3.840162","0.727461","4.563079","1.414027","4.418228","0.471640","1.933313","2.695017","0.431962","3.252203"
"2009-09-29","29 Sep 2009","3.877934","0.750772","4.551816","1.446979","4.360646","0.463933","1.970008","2.737452","0.437486","3.295901"
"2009-09-30","30 Sep 2009","3.855316","0.757852","4.520179","1.446439","4.325757","0.469212","1.964034","2.724622","0.446013","3.278392"
"2009-10-01","01 Oct 2009","3.891223","0.770265","4.581184","1.474986","4.414127","0.505770","1.998759","2.759933","0.460464","3.312642"
"2009-10-02","02 Oct 2009","3.814637","0.753188","4.534105","1.429810","4.396129","0.481826","1.937652","2.685118","0.450688","3.233898"
"2009-10-05","05 Oct 2009","3.811036","0.747015","4.519549","1.415670","4.365119","0.478557","1.924483","2.676620","0.452797","3.228696"
"2009-10-06","06 Oct 2009","3.836899","0.770623","4.550045","1.442339","4.371799","0.488554","1.948324","2.698004","0.465555","3.250908"
"2009-10-07","07 Oct 2009","3.815441","0.804531","4.526741","1.441328","4.342206","0.499269","1.932243","2.674683","0.505927","3.227747"
"2009-10-08","08 Oct 2009","3.792557","0.800073","4.507583","1.432889","4.331079","0.487478","1.919228","2.656310","0.498014","3.206588"
"2009-10-09","09 Oct 2009","3.865684","0.898306","4.567695","1.553460","4.395299","0.516188","2.032375","2.753706","0.540320","3.292033"
"2009-10-12","12 Oct 2009","3.845994","0.875812","4.575998","1.521271","4.423895","0.502764","1.998415","2.721593","0.528303","3.264215"
"2009-10-13","13 Oct 2009","3.850458","0.847975","4.594659","1.482287","4.439146","0.492827","1.964242","2.701170","0.521566","3.255749"
"2009-10-14","14 Oct 2009","3.905086","0.870026","4.642324","1.497980","4.462341","0.496442","1.983656","2.734339","0.543210","3.300464"
"2009-10-15","15 Oct 2009","3.975469","0.901360","4.669777","1.543836","4.436939","0.498588","2.037887","2.800346","0.556021","3.371943"
"2009-10-16","16 Oct 2009","3.943901","0.918143","4.648375","1.577101","4.451411","0.524483","2.064713","2.804056","0.558232","3.356603"
"2009-10-19","19 Oct 2009","3.941382","0.917531","4.644058","1.578079","4.446558","0.515364","2.065046","2.803312","0.551783","3.355042"
"2009-10-20","20 Oct 2009","3.881386","0.915402","4.602270","1.535210","4.416316","0.501138","2.006147","2.736740","0.564582","3.289625"
"2009-10-21","21 Oct 2009","3.907299","0.917896","4.670113","1.562057","4.530832","0.501310","2.036580","2.763265","0.548012","3.313178"
"2009-10-22","22 Oct 2009","3.882097","0.911768","4.631411","1.558349","4.489141","0.501579","2.031373","2.751986","0.541977","3.295711"
"2009-10-23","23 Oct 2009","3.935764","0.916824","4.692069","1.592896","4.554551","0.528710","2.077985","2.804528","0.542567","3.348917"
"2009-10-26","26 Oct 2009","3.979899","0.899944","4.721869","1.571688","4.544456","0.495267","2.066118","2.816114","0.528976","3.378500"
"2009-10-27","27 Oct 2009","3.908708","0.850891","4.642820","1.496306","4.459993","0.487522","1.988541","2.741269","0.519572","3.306200"
"2009-10-28","28 Oct 2009","3.846354","0.832742","4.600499","1.482549","4.460957","0.499068","1.969144","2.703891","0.507022","3.254584"
"2009-10-29","29 Oct 2009","3.931613","0.893494","4.640962","1.548884","4.447501","0.505986","2.038579","2.783245","0.541101","3.340078"
"2009-10-30","30 Oct 2009","3.891306","0.873570","4.593618","1.511015","4.391797","0.503881","1.997440","2.742019","0.541873","3.299658"
"2009-11-02","02 Nov 2009","3.844097","0.875042","4.588891","1.506839","4.442971","0.513989","1.982284","2.708459","0.542872","3.255661"
"2009-11-03","03 Nov 2009","3.835905","0.859899","4.602849","1.487166","4.473677","0.507926","1.962579","2.690814","0.535342","3.241314"
"2009-11-04","04 Nov 2009","3.889447","0.878842","4.654564","1.522305","4.519236","0.508966","2.003793","2.738366","0.537333","3.292339"
"2009-11-05","05 Nov 2009","3.917163","0.866056","4.674973","1.526749","4.529937","0.502383","2.017880","2.761197","0.520930","3.318725"
"2009-11-06","06 Nov 2009","3.931730","0.852265","4.694130","1.522507","4.549517","0.489455","2.019168","2.768573","0.503934","3.329761"
"2009-11-09","09 Nov 2009","3.885164","0.818684","4.654877","1.465680","4.512438","0.488671","1.960503","2.713169","0.502927","3.278348"
"2009-11-10","10 Nov 2009","3.841958","0.819852","4.609904","1.447403","4.466612","0.479926","1.931780","2.675777","0.507449","3.237446"
"2009-11-11","11 Nov 2009","3.855517","0.818990","4.614963","1.460550","4.469025","0.492488","1.950694","2.695802","0.505843","3.255142"
"2009-11-12","12 Nov 2009","3.875695","0.811389","4.630249","1.451547","4.469065","0.486834","1.946971","2.702580","0.504195","3.269367"
"2009-11-13","13 Nov 2009","3.905555","0.802821","4.628319","1.424577","4.412607","0.467682","1.926710","2.704783","0.510516","3.288254"
"2009-11-16","16 Nov 2009","3.906478","0.798226","4.621377","1.428798","4.404725","0.487481","1.936040","2.714136","0.513234","3.294229"
"2009-11-17","17 Nov 2009","3.868955","0.816139","4.565048","1.423027","4.335460","0.475095","1.916659","2.685154","0.527282","3.261468"
"2009-11-18","18 Nov 2009","3.878501","0.815744","4.555634","1.427201","4.310061","0.479422","1.925118","2.697411","0.528579","3.273996"
"2009-11-19","19 Nov 2009","3.827899","0.811018","4.523059","1.425815","4.317717","0.500615","1.917380","2.671513","0.528066","3.234037"
"2009-11-20","20 Nov 2009","3.872848","0.855167","4.549165","1.489926","4.331815","0.502612","1.980040","2.728512","0.536936","3.285976"
"2009-11-23","23 Nov 2009","3.868629","0.879273","4.552015","1.506633","4.343459","0.502948","1.988413","2.728746","0.549585","3.282909"
"2009-11-24","24 Nov 2009","3.844356","0.881366","4.549216","1.471894","4.344481","0.480968","1.941908","2.683586","0.561139","3.246150"
"2009-11-25","25 Nov 2009","3.831218","0.915207","4.558319","1.515455","4.395466","0.500820","1.976216","2.696401","0.572540","3.243666"
"2009-11-26","26 Nov 2009","3.809523","0.865019","4.558073","1.425547","4.382971","0.469028","1.886645","2.628332","0.563931","3.197747"
"2009-11-27","27 Nov 2009","3.805467","0.858898","4.559802","1.442078","4.403269","0.476515","1.906499","2.640702","0.548037","3.201528"
"2009-11-30","30 Nov 2009","3.814634","0.880532","4.520851","1.441024","4.306183","0.458937","1.901372","2.643053","0.567362","3.210409"
"2009-12-01","01 Dec 2009","3.785555","0.868905","4.514935","1.402574","4.305065","0.448697","1.855331","2.597724","0.572069","3.171072"
"2009-12-02","02 Dec 2009","3.800666","0.868824","4.522252","1.410675","4.305179","0.444808","1.867141","2.612677","0.566485","3.186880"
"2009-12-03","03 Dec 2009","3.817350","0.858216","4.520433","1.447435","4.310049","0.434617","1.915007","2.655685","0.526058","3.218573"
"2009-12-04","04 Dec 2009","3.821971","0.881598","4.541877","1.516186","4.383535","0.451829","1.984218","2.701653","0.509022","3.242445"
"2009-12-07","07 Dec 2009","3.738044","0.863415","4.483286","1.477774","4.362794","0.448007","1.932154","2.631897","0.503238","3.163047"
"2009-12-08","08 Dec 2009","3.740570","0.825795","4.470650","1.400326","4.294747","0.412874","1.857955","2.586163","0.502586","3.142984"
"2009-12-09","09 Dec 2009","3.775698","0.850707","4.504385","1.442697","4.332776","0.426221","1.903249","2.629061","0.509832","3.182161"
"2009-12-10","10 Dec 2009","3.810040","0.870868","4.540716","1.455110","4.360804","0.444504","1.916881","2.649984","0.536452","3.209828"
"2009-12-11","11 Dec 2009","3.829388","0.876246","4.578972","1.466983","4.415342","0.449355","1.930419","2.664392","0.537214","3.225514"
"2009-12-14","14 Dec 2009","3.776198","0.861870","4.545024","1.453341","4.416343","0.443369","1.909840","2.628721","0.520448","3.179289"
"2009-12-15","15 Dec 2009","3.786307","0.877630","4.540839","1.466055","4.398237","0.458737","1.922198","2.641409","0.538476","3.191614"
"2009-12-16","16 Dec 2009","3.775625","0.844149","4.524812","1.429588","4.366716","0.422677","1.889312","2.617783","0.509166","3.175126"
"2009-12-17","17 Dec 2009","3.733287","0.818589","4.478085","1.377188","4.305758","0.403008","1.831904","2.564164","0.504748","3.127268"
"2009-12-18","18 Dec 2009","3.739544","0.815138","4.456901","1.397265","4.271480","0.419378","1.859360","2.589506","0.497571","3.145254"
"2009-12-21","21 Dec 2009","3.784986","0.830750","4.503874","1.413379","4.308213","0.414603","1.878929","2.618887","0.505784","3.182879"
"2009-12-22","22 Dec 2009","3.820477","0.842559","4.547948","1.430635","4.354792","0.415739","1.899413","2.644833","0.510417","3.213266"
"2009-12-23","23 Dec 2009","3.849739","0.833419","4.573782","1.420253","4.364886","0.408205","1.895660","2.655080","0.508456","3.233864"
"2009-12-24","24 Dec 2009","3.849964","0.832642","4.573498","1.418507","4.364515","0.421956","1.895110","2.655350","0.516334","3.234236"
"2009-12-28","28 Dec 2009","3.876515","0.856908","4.599710","1.468465","4.403535","0.422266","1.946524","2.698695","0.509073","3.269118"
"2009-12-29","29 Dec 2009","3.892007","0.878736","4.611657","1.518905","4.431432","0.436218","1.998790","2.739344","0.504923","3.297314"
"2009-12-30","30 Dec 2009","3.901193","0.902568","4.623948","1.561711","4.463816","0.462131","2.041192","2.770031","0.513658","3.316841"
"2009-12-31","31 Dec 2009","3.901929","0.904145","4.623765","1.560759","4.461757","0.468097","2.040144","2.769649","0.519370","3.317087"
"2010-01-04","04 Jan 2010","3.924702","0.908302","4.611021","1.594831","4.426842","0.459890","2.082165","2.810997","0.499726","3.351905"
"2010-01-05","05 Jan 2010","3.903039","0.868807","4.605343","1.551213","4.429161","0.437715","2.041027","2.776056","0.473676","3.322782"
"2010-01-06","06 Jan 2010","3.914613","0.852202","4.636393","1.546100","4.476907","0.427210","2.040915","2.780041","0.454164","3.329596"
"2010-01-07","07 Jan 2010","3.891833","0.811685","4.624103","1.508935","4.472711","0.408931","2.007903","2.751198","0.424634","3.303391"
"2010-01-08","08 Jan 2010","3.868928","0.803224","4.614324","1.472770","4.462370","0.392885","1.964912","2.711437","0.429857","3.270879"
"2010-01-11","11 Jan 2010","3.855932","0.776612","4.618227","1.442512","4.476848","0.381456","1.936516","2.687568","0.414700","3.251506"
"2010-01-12","12 Jan 2010","3.840135","0.780374","4.596961","1.444966","4.456327","0.378214","1.935444","2.680696","0.413519","3.240280"
"2010-01-13","13 Jan 2010","3.864751","0.783178","4.640760","1.434272","4.500808","0.364292","1.924414","2.679923","0.418958","3.251047"
"2010-01-14","14 Jan 2010","3.893525","0.763965","4.646686","1.422282","4.475312","0.365812","1.924388","2.696114","0.413442","3.275953"
"2010-01-15","15 Jan 2010","3.878124","0.741467","4.618741","1.390891","4.427806","0.341508","1.894052","2.672379","0.398446","3.257401"
"2010-01-18","18 Jan 2010","3.863238","0.751360","4.603182","1.408784","4.423951","0.350920","1.908511","2.675584","0.398816","3.251210"
"2010-01-19","19 Jan 2010","3.890431","0.776532","4.615822","1.442930","4.425779","0.353371","1.943222","2.709081","0.406471","3.282518"
"2010-01-20","20 Jan 2010","3.884327","0.802411","4.631890","1.468389","4.470864","0.357980","1.960390","2.713282","0.415546","3.279403"
"2010-01-21","21 Jan 2010","3.900061","0.788488","4.654590","1.449121","4.486851","0.357080","1.945755","2.710042","0.415860","3.285589"
"2010-01-22","22 Jan 2010","3.859751","0.775812","4.619120","1.424998","4.459173","0.355533","1.916248","2.674567","0.413610","3.247011"
"2010-01-25","25 Jan 2010","3.846007","0.761907","4.594883","1.408952","4.424643","0.354448","1.901649","2.661758","0.408889","3.234548"
"2010-01-26","26 Jan 2010","3.828185","0.765293","4.576995","1.389160","4.397905","0.347172","1.875022","2.635619","0.420947","3.212203"
"2010-01-27","27 Jan 2010","3.822019","0.797972","4.569643","1.423794","4.400962","0.357399","1.902010","2.648533","0.435163","3.214981"
"2010-01-28","28 Jan 2010","3.869422","0.838870","4.575020","1.509360","4.393614","0.390785","1.995967","2.733357","0.442848","3.284238"
"2010-01-29","29 Jan 2010","3.872030","0.892315","4.555600","1.552726","4.365343","0.450903","2.031781","2.757145","0.502156","3.298347"
"2010-02-01","01 Feb 2010","3.835645","0.859748","4.534430","1.500721","4.347443","0.421414","1.976172","2.705460","0.484043","3.253160"
"2010-02-02","02 Feb 2010","3.837332","0.852880","4.528494","1.507934","4.339593","0.411764","1.986648","2.714738","0.466895","3.259285"
"2010-02-03","03 Feb 2010","3.887105","0.865889","4.565231","1.533081","4.357176","0.416756","2.019480","2.757118","0.472331","3.306732"
"2010-02-04","04 Feb 2010","3.867908","0.880777","4.546994","1.528788","4.334375","0.438874","2.007586","2.739675","0.500376","3.287694"
"2010-02-05","05 Feb 2010","3.842887","0.890485","4.511196","1.522594","4.292858","0.453756","1.995095","2.721753","0.520916","3.266607"
"2010-02-08","08 Feb 2010","3.863947","0.863743","4.489606","1.494899","4.219577","0.413533","1.977561","2.725059","0.497460","3.282720"
"2010-02-09","09 Feb 2010","3.843063","0.843598","4.519508","1.452415","4.283616","0.399926","1.929466","2.679770","0.493651","3.245974"
"2010-02-10","10 Feb 2010","3.857505","0.806282","4.522623","1.400021","4.251805","0.367848","1.885264","2.659677","0.478146","3.244831"
"2010-02-11","11 Feb 2010","3.865144","0.801413","4.527412","1.392441","4.248118","0.352348","1.879015","2.658918","0.471588","3.248656"
"2010-02-12","12 Feb 2010","3.866302","0.772246","4.542944","1.360923","4.266740","0.334303","1.852170","2.642115","0.453153","3.240300"
"2010-02-15","15 Feb 2010","3.902807","0.754748","4.563066","1.359647","4.268273","0.339360","1.865424","2.670383","0.444042","3.274908"
"2010-02-16","16 Feb 2010","3.893842","0.762117","4.575911","1.350249","4.291953","0.324075","1.847546","2.650202","0.448048","3.258288"
"2010-02-17","17 Feb 2010","3.879973","0.757374","4.571835","1.317283","4.281127","0.302788","1.808102","2.616252","0.453567","3.233485"
"2010-02-18","18 Feb 2010","3.906709","0.757530","4.607110","1.322400","4.318788","0.306475","1.818167","2.633115","0.454639","3.255081"
"2010-02-19","19 Feb 2010","3.934639","0.771724","4.620537","1.334286","4.312202","0.300703","1.831363","2.653010","0.463150","3.280199"
"2010-02-22","22 Feb 2010","3.927544","0.764040","4.621639","1.323917","4.318338","0.292539","1.820147","2.642122","0.456640","3.270590"
"2010-02-23","23 Feb 2010","3.848649","0.735831","4.554813","1.262720","4.260924","0.278030","1.747097","2.561872","0.452638","3.189503"
"2010-02-24","24 Feb 2010","3.822332","0.730009","4.511891","1.266876","4.218208","0.273298","1.750278","2.556247","0.438598","3.174533"
"2010-02-25","25 Feb 2010","3.828464","0.724507","4.514881","1.255176","4.211840","0.265418","1.740013","2.552478","0.438351","3.176177"
"2010-02-26","26 Feb 2010","3.826407","0.711591","4.455910","1.232029","4.253759","0.300184","1.711882","2.533652","0.438923","3.171238"
"2010-03-01","01 Mar 2010","3.813841","0.700274","4.466934","1.203493","4.265817","0.310954","1.675580","2.497378","0.441264","3.143653"
"2010-03-02","02 Mar 2010","3.816889","0.685838","4.457141","1.177421","4.306165","0.320194","1.650341","2.485892","0.440723","3.143685"
"2010-03-03","03 Mar 2010","3.843793","0.702480","4.484008","1.209596","4.341153","0.316023","1.689199","2.525125","0.444586","3.177609"
"2010-03-04","04 Mar 2010","3.838616","0.692113","4.471133","1.196153","4.375661","0.315653","1.678243","2.521888","0.439864","3.177367"
"2010-03-05","05 Mar 2010","3.849774","0.703566","4.477437","1.231511","4.395490","0.293380","1.722390","2.561925","0.430732","3.204529"
"2010-03-08","08 Mar 2010","3.843914","0.689824","4.472309","1.206437","4.420400","0.300508","1.696297","2.544291","0.429334","3.194980"
"2010-03-09","09 Mar 2010","3.813896","0.684623","4.466790","1.191432","4.425329","0.303568","1.673473","2.512176","0.429589","3.160585"
"2010-03-10","10 Mar 2010","3.820603","0.695743","4.461690","1.217230","4.424072","0.294138","1.704675","2.540427","0.428148","3.179776"
"2010-03-11","11 Mar 2010","3.823046","0.711110","4.470775","1.234973","4.440211","0.303776","1.721422","2.551672","0.440192","3.185855"
"2010-03-12","12 Mar 2010","3.847747","0.730178","4.479396","1.262840","4.444433","0.312466","1.753990","2.586242","0.452770","3.217521"
"2010-03-15","15 Mar 2010","3.815981","0.722031","4.466554","1.253204","4.403851","0.298500","1.738172","2.557319","0.441677","3.182387"
"2010-03-16","16 Mar 2010","3.808298","0.711980","4.457634","1.233791","4.385490","0.301706","1.715469","2.536898","0.439722","3.167795"
"2010-03-17","17 Mar 2010","3.787721","0.682559","4.443785","1.177323","4.351459","0.310736","1.649538","2.477655","0.433764","3.125735"
"2010-03-18","18 Mar 2010","3.810721","0.701443","4.462472","1.205422","4.373670","0.317464","1.681672","2.509928","0.445166","3.154311"
"2010-03-19","19 Mar 2010","3.821099","0.710286","4.471209","1.221711","4.386720","0.316150","1.700950","2.528568","0.447783","3.169402"
"2010-03-22","22 Mar 2010","3.790307","0.707210","4.438461","1.213805","4.355684","0.316538","1.688397","2.508154","0.447051","3.143396"
"2010-03-23","23 Mar 2010","3.765731","0.692262","4.411806","1.188437","4.322990","0.315252","1.658302","2.477064","0.440514","3.115103"
"2010-03-24","24 Mar 2010","3.798159","0.696442","4.414477","1.196278","4.338329","0.323421","1.673996","2.507671","0.446426","3.152177"
"2010-03-25","25 Mar 2010","3.813708","0.693723","4.423228","1.194551","4.341490","0.322552","1.675170","2.515613","0.444599","3.165018"
"2010-03-26","26 Mar 2010","3.829610","0.699919","4.430217","1.206339","4.346284","0.322956","1.690612","2.534292","0.447104","3.183640"
"2010-03-29","29 Mar 2010","3.800633","0.689534","4.411189","1.181976","4.328052","0.329372","1.658723","2.498007","0.447181","3.149231"
"2010-03-30","30 Mar 2010","3.817879","0.699727","4.411832","1.194364","4.320976","0.339155","1.673801","2.517128","0.456915","3.169375"
"2010-03-31","31 Mar 2010","3.778586","0.697385","4.359575","1.175959","4.292263","0.360459","1.648822","2.488726","0.468850","3.138253"
"2010-04-01","01 Apr 2010","3.781651","0.712023","4.347128","1.186200","4.272813","0.381886","1.657447","2.496679","0.487563","3.145178"
"2010-04-06","06 Apr 2010","3.814826","0.724653","4.363295","1.209864","4.283204","0.383246","1.688438","2.534411","0.492995","3.183183"
"2010-04-07","07 Apr 2010","3.815967","0.721926","4.382334","1.213836","4.237333","0.360005","1.688615","2.523328","0.478697","3.170641"
"2010-04-08","08 Apr 2010","3.799784","0.715779","4.363331","1.197921","4.265831","0.372588","1.671645","2.510965","0.483543","3.159972"
"2010-04-09","09 Apr 2010","3.838486","0.735006","4.427954","1.227498","4.284043","0.370237","1.701501","2.535388","0.490219","3.185088"
"2010-04-12","12 Apr 2010","3.809418","0.729290","4.421024","1.205313","4.283150","0.383068","1.669617","2.496555","0.496166","3.147952"
"2010-04-13","13 Apr 2010","3.791630","0.725806","4.410252","1.200788","4.278898","0.378577","1.662745","2.484429","0.492246","3.132086"
"2010-04-14","14 Apr 2010","3.805359","0.720743","4.427830","1.203519","4.300386","0.364565","1.670139","2.496071","0.481582","3.145059"
"2010-04-15","15 Apr 2010","3.807529","0.719705","4.443241","1.183072","4.308591","0.390587","1.642397","2.471625","0.497089","3.131819"
"2010-04-16","16 Apr 2010","3.791057","0.699453","4.439225","1.153265","4.303817","0.383523","1.608946","2.439902","0.484913","3.106183"
"2010-04-19","19 Apr 2010","3.791131","0.688228","4.425419","1.136998","4.278160","0.382653","1.593152","2.430679","0.479759","3.103069"
"2010-04-20","20 Apr 2010","3.783841","0.696055","4.446366","1.145617","4.252510","0.378660","1.595128","2.418124","0.481234","3.085896"
"2010-04-21","21 Apr 2010","3.825267","0.702422","4.469922","1.164529","4.266909","0.373137","1.623322","2.457254","0.479928","3.128871"
"2010-04-22","22 Apr 2010","3.809755","0.719280","4.439591","1.181516","4.235453","0.386811","1.637611","2.462608","0.495040","3.124739"
"2010-04-23","23 Apr 2010","3.835909","0.726910","4.469478","1.210418","4.278044","0.366532","1.676114","2.502900","0.485487","3.158978"
"2010-04-26","26 Apr 2010","3.844586","0.757010","4.498829","1.258582","4.211574","0.362111","1.724296","2.532383","0.495189","3.171821"
"2010-04-27","27 Apr 2010","3.786358","0.835106","4.416838","1.317460","4.286360","0.459444","1.767535","2.546752","0.585474","3.156408"
"2010-04-28","28 Apr 2010","3.760318","0.836945","4.420868","1.324935","4.243381","0.445638","1.771112","2.534112","0.578318","3.131730"
"2010-04-29","29 Apr 2010","3.785055","0.785797","4.493085","1.265217","4.196572","0.407132","1.710519","2.487953","0.534943","3.112096"
"2010-04-30","30 Apr 2010","3.763846","0.778310","4.448775","1.233422","4.107595","0.430856","1.667778","2.444681","0.546759","3.078570"
"2010-05-03","03 May 2010","3.778026","0.777875","4.473615","1.252567","4.161997","0.405907","1.696288","2.475208","0.531116","3.102463"
"2010-05-04","04 May 2010","3.806652","0.818478","4.491357","1.264998","4.030881","0.478248","1.693125","2.466022","0.591731","3.105305"
"2010-05-05","05 May 2010","3.791389","0.829381","4.426533","1.301972","3.990215","0.456029","1.741219","2.509379","0.582077","3.127104"
"2010-05-06","06 May 2010","3.847431","0.877858","4.470380","1.388006","4.108219","0.459417","1.845993","2.617313","0.602386","3.216617"
"2010-05-07","07 May 2010","3.863081","0.913886","4.475564","1.419164","4.082255","0.499727","1.873175","2.638835","0.641207","3.234802"
"2010-05-10","10 May 2010","3.780225","0.820691","4.461839","1.344032","4.249089","0.384973","1.807103","2.574499","0.534528","3.162634"
"2010-05-11","11 May 2010","3.792724","0.795059","4.523563","1.273828","4.174614","0.414168","1.716621","2.489194","0.543081","3.112631"
"2010-05-12","12 May 2010","3.706288","0.755391","4.517922","1.233838","4.290189","0.369358","1.671208","2.427029","0.500625","3.035238"
"2010-05-13","13 May 2010","3.721251","0.718749","4.485887","1.153380","4.226809","0.396708","1.578441","2.357308","0.503017","3.006642"
"2010-05-14","14 May 2010","3.674615","0.737481","4.418643","1.166147","4.163158","0.417923","1.583478","2.345210","0.523647","2.978525"
"2010-05-17","17 May 2010","3.695053","0.751797","4.446277","1.191917","4.208740","0.417724","1.614526","2.376726","0.528969","3.005390"
"2010-05-18","18 May 2010","3.655009","0.739407","4.450715","1.161978","4.140492","0.420775","1.571203","2.319423","0.526696","2.948506"
"2010-05-19","19 May 2010","3.628777","0.707173","4.409465","1.122712","4.073050","0.398545","1.529733","2.280978","0.500582","2.916043"
"2010-05-20","20 May 2010","3.626543","0.731000","4.355045","1.131116","4.051368","0.444593","1.532541","2.284575","0.537933","2.921464"
"2010-05-21","21 May 2010","3.602192","0.748270","4.300779","1.157297","4.002878","0.447665","1.559792","2.301178","0.546603","2.921084"
"2010-05-24","24 May 2010","3.587186","0.741872","4.290431","1.138425","3.982644","0.456403","1.534620","2.274043","0.549637","2.898213"
"2010-05-25","25 May 2010","3.569268","0.788921","4.273098","1.193100","3.941340","0.485623","1.585504","2.302772","0.586252","2.902960"
"2010-05-26","26 May 2010","3.642647","0.830843","4.339210","1.253960","4.018233","0.506603","1.657762","2.383737","0.614965","2.982976"
"2010-05-27","27 May 2010","3.674676","0.852482","4.364765","1.291827","4.063203","0.508994","1.704085","2.432989","0.624568","3.026425"
"2010-05-28","28 May 2010","3.676322","0.821454","4.361602","1.269907","4.056385","0.469487","1.689187","2.427382","0.588060","3.025675"
"2010-05-31","31 May 2010","3.660948","0.820320","4.340724","1.272545","4.047004","0.462681","1.692558","2.427095","0.583469","3.019089"
"2010-06-01","01 Jun 2010","3.676054","0.847928","4.341680","1.300729","4.043286","0.489000","1.720346","2.452254","0.610312","3.040398"
"2010-06-02","02 Jun 2010","3.734990","0.862814","4.383604","1.334401","4.083156","0.484686","1.766758","2.511731","0.612953","3.102970"
"2010-06-03","03 Jun 2010","3.811987","0.871291","4.465194","1.368118","4.183059","0.467327","1.817710","2.581259","0.604965","3.179007"
"2010-06-04","04 Jun 2010","3.814520","0.871602","4.461342","1.370256","4.175871","0.465754","1.821038","2.585570","0.604074","3.183078"
"2010-06-07","07 Jun 2010","3.862368","0.874039","4.494185","1.396131","4.223831","0.443494","1.862035","2.640156","0.590824","3.238558"
"2010-06-08","08 Jun 2010","3.853207","0.900571","4.501461","1.420063","4.268839","0.470126","1.881646","2.649291","0.617644","3.238124"
"2010-06-09","09 Jun 2010","3.816967","0.895497","4.486551","1.387427","4.215978","0.495463","1.832719","2.589878","0.631776","3.184266"
"2010-06-10","10 Jun 2010","3.783087","0.873173","4.444665","1.359117","4.159140","0.479802","1.800832","2.555220","0.613650","3.149592"
"2010-06-11","11 Jun 2010","3.754844","0.836431","4.407435","1.324632","4.113179","0.441216","1.768301","2.525546","0.575690","3.121374"
"2010-06-14","14 Jun 2010","3.794076","0.843199","4.439351","1.353229","4.172489","0.424040","1.810061","2.576920","0.567330","3.170509"
"2010-06-15","15 Jun 2010","3.869513","0.837686","4.486465","1.359665","4.164413","0.410887","1.829148","2.619683","0.556543","3.231473"
"2010-06-16","16 Jun 2010","3.877607","0.849793","4.497357","1.375672","4.191228","0.417843","1.846644","2.635999","0.565468","3.244366"
"2010-06-17","17 Jun 2010","3.867104","0.850714","4.507666","1.366922","4.203982","0.429092","1.831883","2.616779","0.572941","3.226732"
"2010-06-18","18 Jun 2010","3.872211","0.842804","4.484798","1.342142","4.109901","0.443985","1.800963","2.591216","0.579073","3.214955"
"2010-06-21","21 Jun 2010","3.849475","0.859245","4.480586","1.343777","4.114227","0.475036","1.792066","2.570474","0.604878","3.190342"
"2010-06-22","22 Jun 2010","3.830976","0.868246","4.442043","1.361873","4.091443","0.471082","1.812618","2.584436","0.605937","3.191287"
"2010-06-23","23 Jun 2010","3.834470","0.889187","4.416838","1.389923","4.066671","0.482734","1.843309","2.612016","0.621124","3.210136"
"2010-06-24","24 Jun 2010","3.831699","0.886170","4.453238","1.358780","4.079082","0.513450","1.798146","2.564864","0.639185","3.178062"
"2010-06-25","25 Jun 2010","3.854055","0.921199","4.468033","1.391932","4.090256","0.550016","1.829583","2.593258","0.675225","3.203809"
"2010-06-28","28 Jun 2010","3.844801","0.939048","4.441562","1.423358","4.090110","0.549235","1.865477","2.622390","0.681611","3.217497"
"2010-06-29","29 Jun 2010","3.813557","0.935836","4.411587","1.414198","4.064955","0.551083","1.851240","2.600350","0.681715","3.190300"
"2010-06-30","30 Jun 2010","3.800814","0.960476","4.408773","1.431008","4.003332","0.580580","1.860031","2.595924","0.709749","3.178537"
"2010-07-01","01 Jul 2010","3.773125","0.985023","4.364303","1.463512","4.016222","0.592343","1.892972","2.616439","0.726537","3.179233"
"2010-07-02","02 Jul 2010","3.732704","0.973203","4.344017","1.444848","4.023737","0.586281","1.868452","2.583148","0.718498","3.140817"
"2010-07-05","05 Jul 2010","3.693273","0.959362","4.305419","1.425470","3.991600","0.577267","1.844443","2.552132","0.707806","3.105168"
"2010-07-06","06 Jul 2010","3.748925","0.956287","4.357565","1.423378","3.992343","0.577254","1.847255","2.570621","0.706336","3.140825"
"2010-07-07","07 Jul 2010","3.752040","0.977520","4.354852","1.441548","3.988675","0.601010","1.862681","2.581412","0.729228","3.147962"
"2010-07-08","08 Jul 2010","3.758302","0.977067","4.353275","1.394306","4.022398","0.663646","1.797331","2.524769","0.767588","3.119958"
"2010-07-09","09 Jul 2010","3.749010","0.974516","4.340641","1.398518","3.964977","0.650100","1.802766","2.525576","0.758420","3.114888"
"2010-07-12","12 Jul 2010","3.738434","0.930975","4.311875","1.361606","3.829142","0.599306","1.770476","2.500184","0.710326","3.095774"
"2010-07-13","13 Jul 2010","3.759933","0.935146","4.343682","1.356636","3.846809","0.616183","1.762585","2.496916","0.722300","3.102653"
"2010-07-14","14 Jul 2010","3.789863","0.955091","4.355179","1.397731","3.874263","0.610957","1.814588","2.552210","0.726511","3.149481"
"2010-07-15","15 Jul 2010","3.824582","0.966031","4.389870","1.406497","3.892237","0.626639","1.824346","2.568723","0.740251","3.174370"
"2010-07-16","16 Jul 2010","3.772286","0.956516","4.348825","1.359862","3.829768","0.660363","1.757345","2.490793","0.757821","3.104060"
"2010-07-19","19 Jul 2010","3.782770","0.976563","4.354173","1.379593","3.835438","0.680167","1.776268","2.507355","0.777762","3.118005"
"2010-07-20","20 Jul 2010","3.740172","0.948877","4.326430","1.354863","3.838916","0.647009","1.751264","2.477194","0.746809","3.081483"
"2010-07-21","21 Jul 2010","3.738066","0.944235","4.330525","1.341501","3.834475","0.653529","1.734107","2.460847","0.749082","3.070652"
"2010-07-22","22 Jul 2010","3.772959","0.939154","4.338621","1.330541","3.863589","0.663076","1.726483","2.470196","0.752507","3.095910"
"2010-07-23","23 Jul 2010","3.772133","0.932471","4.327560","1.335844","3.859005","0.641835","1.737792","2.483083","0.736752","3.104077"
"2010-07-26","26 Jul 2010","3.762819","0.931188","4.344551","1.327327","3.888181","0.647971","1.724549","2.466000","0.740205","3.088160"
"2010-07-27","27 Jul 2010","3.704723","0.944910","4.259671","1.351805","3.990317","0.649011","1.752653","2.483125","0.745885","3.078373"
"2010-07-28","28 Jul 2010","3.714977","0.927214","4.297871","1.328131","3.955410","0.636958","1.725690","2.458285","0.731893","3.064746"
"2010-07-29","29 Jul 2010","3.707773","0.943892","4.323316","1.356469","3.948843","0.631963","1.753888","2.472309","0.735693","3.064375"
"2010-07-30","30 Jul 2010","3.683726","0.941814","4.293939","1.343723","3.908385","0.641717","1.734665","2.447668","0.741071","3.039145"
"2010-08-02","02 Aug 2010","3.706491","0.929169","4.296418","1.345234","3.902098","0.615033","1.746154","2.470091","0.719433","3.064698"
"2010-08-03","03 Aug 2010","3.640698","0.885741","4.220274","1.269584","3.866740","0.614761","1.657028","2.381632","0.702534","2.987752"
"2010-08-04","04 Aug 2010","3.629380","0.891766","4.181739","1.270857","3.812733","0.626802","1.655784","2.378041","0.712272","2.982019"
"2010-08-05","05 Aug 2010","3.603385","0.903602","4.150260","1.274102","3.781758","0.646469","1.652144","2.364405","0.729180","2.961863"
"2010-08-06","06 Aug 2010","3.544733","0.896017","4.100363","1.264116","3.752407","0.636455","1.636060","2.332525","0.720496","2.915825"
"2010-08-09","09 Aug 2010","3.534428","0.867075","4.115815","1.229443","3.933278","0.624684","1.605563","2.316871","0.701335","2.908418"
"2010-08-10","10 Aug 2010","3.589076","0.859302","4.164398","1.241219","3.977134","0.597701","1.631519","2.360073","0.681251","2.959645"
"2010-08-11","11 Aug 2010","3.559175","0.847057","4.139732","1.203444","3.893332","0.614658","1.579725","2.302202","0.687367","2.910574"
"2010-08-12","12 Aug 2010","3.547165","0.825807","4.116437","1.191384","3.871072","0.582867","1.572826","2.298198","0.659500","2.904441"
"2010-08-13","13 Aug 2010","3.580786","0.838838","4.141121","1.213294","3.928352","0.589264","1.602275","2.336559","0.668035","2.944102"
"2010-08-16","16 Aug 2010","3.516685","0.836403","4.065671","1.203473","3.807448","0.587333","1.581801","2.295203","0.666618","2.888649"
"2010-08-17","17 Aug 2010","3.515275","0.844113","4.024640","1.212145","3.749935","0.595526","1.591887","2.306417","0.674471","2.897172"
"2010-08-18","18 Aug 2010","3.444173","0.827674","3.989742","1.175948","3.727831","0.597021","1.540537","2.236808","0.669694","2.821551"
"2010-08-19","19 Aug 2010","3.444742","0.828137","4.000010","1.170437","3.737926","0.604905","1.532200","2.228308","0.674769","2.816231"
"2010-08-20","20 Aug 2010","3.437464","0.800542","3.963363","1.155648","3.693033","0.564351","1.525973","2.229756","0.638886","2.817138"
"2010-08-23","23 Aug 2010","3.444320","0.778310","3.945965","1.139192","3.689265","0.541295","1.517158","2.233995","0.615609","2.827162"
"2010-08-24","24 Aug 2010","3.374394","0.778687","3.862551","1.118978","3.565034","0.560231","1.480926","2.177315","0.628065","2.761057"
"2010-08-25","25 Aug 2010","3.347968","0.799585","3.812140","1.135418","3.508027","0.583375","1.491928","2.176452","0.650594","2.748829"
"2010-08-26","26 Aug 2010","3.372368","0.823270","3.810385","1.163827","3.427148","0.598240","1.520812","2.202549","0.669075","2.773034"
"2010-08-27","27 Aug 2010","3.348937","0.839688","3.778548","1.181231","3.403544","0.609613","1.535125","2.205365","0.682646","2.763483"
"2010-08-30","30 Aug 2010","3.368731","0.832438","3.769098","1.178864","3.502808","0.609738","1.544354","2.235396","0.678790","2.798945"
"2010-08-31","31 Aug 2010","3.352624","0.844377","3.759590","1.186710","3.499367","0.623377","1.547320","2.229296","0.692052","2.786642"
"2010-09-01","01 Sep 2010","3.396658","0.834735","3.829562","1.182576","3.570441","0.610131","1.549272","2.244202","0.679950","2.814246"
"2010-09-02","02 Sep 2010","3.412066","0.829827","3.901839","1.166775","3.650654","0.617516","1.527981","2.224101","0.682818","2.805474"
"2010-09-03","03 Sep 2010","3.458329","0.847392","3.975377","1.191668","3.709019","0.624286","1.555983","2.254860","0.693867","2.840526"
"2010-09-06","06 Sep 2010","3.464925","0.842591","3.991167","1.193864","3.732606","0.610620","1.561631","2.262161","0.683586","2.847262"
"2010-09-07","07 Sep 2010","3.446653","0.875951","3.954068","1.201763","3.654773","0.672533","1.554285","2.242394","0.734906","2.826360"
"2010-09-08","08 Sep 2010","3.470499","0.885161","3.965436","1.217550","3.661651","0.675356","1.574748","2.267810","0.740008","2.852718"
"2010-09-09","09 Sep 2010","3.490060","0.925097","4.024815","1.287346","3.774862","0.670232","1.652644","2.331734","0.752612","2.893493"
"2010-09-10","10 Sep 2010","3.529471","0.929992","4.075393","1.314107","3.844774","0.649099","1.691262","2.377518","0.741268","2.937367"
"2010-09-13","13 Sep 2010","3.572388","0.929292","4.148675","1.323636","3.930871","0.637513","1.707838","2.403357","0.733690","2.970163"
"2010-09-14","14 Sep 2010","3.547040","0.918640","4.102728","1.300822","3.863097","0.642522","1.679388","2.373466","0.732710","2.942920"
"2010-09-15","15 Sep 2010","3.549958","0.930259","4.097176","1.322740","3.947288","0.644986","1.708196","2.405115","0.738291","2.966290"
"2010-09-16","16 Sep 2010","3.663109","0.974823","4.240466","1.373876","3.990529","0.680211","1.763493","2.470613","0.777253","3.048364"
"2010-09-17","17 Sep 2010","3.604100","0.957777","4.147483","1.341865","3.949864","0.684883","1.725455","2.429631","0.773372","3.003543"
"2010-09-20","20 Sep 2010","3.649322","0.992736","4.178646","1.382154","3.975519","0.714749","1.769558","2.477642","0.805044","3.051895"
"2010-09-21","21 Sep 2010","3.658106","0.965326","4.163606","1.341670","3.927080","0.710831","1.728711","2.452276","0.791638","3.044879"
"2010-09-22","22 Sep 2010","3.558708","0.955949","4.083519","1.340649","3.894946","0.679155","1.721342","2.414357","0.769343","2.975132"
"2010-09-23","23 Sep 2010","3.542520","0.941950","4.092965","1.291952","3.886489","0.709912","1.657331","2.351478","0.783012","2.930334"
"2010-09-24","24 Sep 2010","3.533030","0.945099","4.113179","1.297201","3.974480","0.710140","1.662827","2.353580","0.784342","2.926915"
"2010-09-27","27 Sep 2010","3.493091","0.959813","4.112480","1.275702","3.943393","0.762464","1.618040","2.289772","0.823025","2.866239"
"2010-09-28","28 Sep 2010","3.538379","0.975103","4.257063","1.292612","4.314562","0.788276","1.643600","2.331564","0.843687","2.913475"
"2010-09-29","29 Sep 2010","3.517544","1.010955","4.377290","1.362414","4.639710","0.770490","1.719365","2.379442","0.847082","2.922930"
"2010-09-30","30 Sep 2010","3.486010","1.056043","4.349690","1.410015","4.645785","0.804916","1.760956","2.397777","0.886097","2.916648"
"2010-10-01","01 Oct 2010","3.455398","1.097898","4.394913","1.425409","4.734810","0.867116","1.753992","2.362905","0.941648","2.874095"
"2010-10-04","04 Oct 2010","3.395148","1.043334","4.311251","1.375699","4.640748","0.807045","1.706769","2.315583","0.883606","2.822676"
"2010-10-05","05 Oct 2010","3.405660","1.039293","4.321811","1.365396","4.644600","0.813908","1.695866","2.310678","0.886074","2.825433"
"2010-10-06","06 Oct 2010","3.422751","1.023141","4.305696","1.326646","4.595190","0.839994","1.655989","2.291758","0.894892","2.828317"
"2010-10-07","07 Oct 2010","3.435385","1.037662","4.309268","1.334274","4.591504","0.865708","1.661874","2.299957","0.916116","2.839597"
"2010-10-08","08 Oct 2010","3.434657","1.030052","4.321039","1.326634","4.609363","0.857748","1.654175","2.292983","0.908336","2.834601"
"2010-10-11","11 Oct 2010","3.420606","0.987925","4.293820","1.280165","4.569806","0.828322","1.610836","2.262309","0.873454","2.814376"
"2010-10-12","12 Oct 2010","3.435370","0.968364","4.278489","1.254658","4.522528","0.823986","1.588476","2.255315","0.862689","2.821080"
"2010-10-13","13 Oct 2010","3.473817","0.977806","4.315570","1.271135","4.556690","0.827278","1.610717","2.285780","0.868114","2.856361"
"2010-10-14","14 Oct 2010","3.409589","0.990638","4.311302","1.266141","4.598808","0.850650","1.587745","2.234860","0.888443","2.791605"
"2010-10-15","15 Oct 2010","3.479898","1.009937","3.984038","1.273541","3.717694","0.884705","1.594569","2.265418","0.917259","2.853177"
"2010-10-18","18 Oct 2010","3.427014","1.066846","4.053555","1.362095","3.982036","0.882369","1.681592","2.306947","0.938956","2.842627"
"2010-10-19","19 Oct 2010","3.474414","1.081634","4.071730","1.382316","3.980173","0.895640","1.708717","2.346569","0.952378","2.889403"
"2010-10-20","20 Oct 2010","3.492472","1.105147","4.008459","1.398140","3.701233","0.923188","1.717737","2.350138","0.978928","2.897173"
"2010-10-21","21 Oct 2010","3.459826","1.133291","4.029300","1.440459","3.788617","0.923342","1.758011","2.365866","0.990503","2.885940"
"2010-10-22","22 Oct 2010","3.505957","1.132716","4.081551","1.459552","3.992783","0.909489","1.794703","2.423964","0.980722","2.946952"
"2010-10-25","25 Oct 2010","3.478357","1.114229","4.050218","1.424019","3.971121","0.915419","1.752965","2.384301","0.977102","2.913845"
"2010-10-26","26 Oct 2010","3.447760","1.173109","4.077308","1.475486","3.993468","0.966434","1.787364","2.381658","1.032507","2.887860"
"2010-10-27","27 Oct 2010","3.523429","1.185725","4.132157","1.509083","4.093859","0.962877","1.838917","2.456422","1.034261","2.970119"
"2010-10-28","28 Oct 2010","3.519098","1.179049","4.123808","1.501021","4.080593","0.958560","1.830698","2.449455","1.028999","2.964675"
"2010-10-29","29 Oct 2010","3.514598","1.173555","4.121604","1.510413","4.082033","0.932125","1.845509","2.461516","1.010710","2.968845"
"2010-11-01","01 Nov 2010","3.497962","1.195956","4.094208","1.529836","4.056362","0.954971","1.860386","2.465771","1.033628","2.963199"
"2010-11-02","02 Nov 2010","3.504298","1.197177","4.083086","1.523197","4.024048","0.968300","1.851798","2.461254","1.042176","2.964807"
"2010-11-03","03 Nov 2010","3.460323","1.181119","4.045789","1.505895","3.975565","0.948947","1.830014","2.428666","1.024468","2.924495"
"2010-11-04","04 Nov 2010","3.507843","1.211724","4.054903","1.530674","3.797306","0.983443","1.850527","2.448752","1.057830","2.953450"
"2010-11-05","05 Nov 2010","3.520909","1.224125","4.154433","1.570522","4.136398","0.962673","1.903451","2.501203","1.049500","2.989591"
"2010-11-08","08 Nov 2010","3.523694","1.255399","4.159804","1.604181","4.157639","0.987937","1.935429","2.524343","1.077270","3.002797"
"2010-11-09","09 Nov 2010","3.529804","1.246203","4.167846","1.598304","4.132045","0.974251","1.931269","2.522308","1.065336","3.003459"
"2010-11-10","10 Nov 2010","3.639524","1.262942","4.204961","1.622611","4.086824","0.993384","1.969687","2.593072","1.082654","3.099175"
"2010-11-11","11 Nov 2010","3.689215","1.268255","4.271967","1.618307","4.175796","1.017137","1.966262","2.605043","1.098905","3.129491"
"2010-11-12","12 Nov 2010","3.708180","1.241381","4.281313","1.620532","4.197297","0.957084","1.985305","2.635868","1.051201","3.158132"
"2010-11-15","15 Nov 2010","3.737181","1.254736","4.310589","1.650105","4.256641","0.951675","2.023757","2.678639","1.052785","3.196593"
"2010-11-16","16 Nov 2010","3.748608","1.295541","4.332835","1.673911","4.259946","1.010229","2.036607","2.682121","1.104886","3.200525"
"2010-11-17","17 Nov 2010","3.762956","1.276105","4.343673","1.658255","4.261668","0.989498","2.025875","2.681542","1.084388","3.208051"
"2010-11-18","18 Nov 2010","3.779643","1.330640","4.425412","1.748670","4.429123","0.989394","2.125113","2.760140","1.105783","3.254286"
"2010-11-19","19 Nov 2010","3.776858","1.295494","4.392130","1.717159","4.390530","0.955048","2.099811","2.747784","1.070711","3.250195"
"2010-11-22","22 Nov 2010","3.755781","1.278803","4.376209","1.701918","4.383435","0.935880","2.084661","2.730913","1.052533","3.231116"
"2010-11-23","23 Nov 2010","3.747317","1.285127","4.334361","1.685847","4.336664","0.974518","2.060741","2.710497","1.078526","3.219108"
"2010-11-24","24 Nov 2010","3.861213","1.321397","4.371738","1.756959","4.356621","0.979386","2.158136","2.836906","1.094317","3.350493"
"2010-11-25","25 Nov 2010","3.911401","1.377350","4.408246","1.813115","4.409339","1.038100","2.216045","2.897070","1.151693","3.408720"
"2010-11-26","26 Nov 2010","3.923693","1.358994","4.431951","1.806466","4.432634","1.005244","2.215811","2.902428","1.124368","3.416807"
"2010-11-29","29 Nov 2010","4.007665","1.450715","4.558359","1.906642","4.532647","1.076606","2.313412","2.986694","1.204322","3.493849"
"2010-11-30","30 Nov 2010","4.057466","1.602965","4.564586","1.984558","4.536452","1.326674","2.357125","3.018774","1.416728","3.536316"
"2010-12-01","01 Dec 2010","4.017043","1.533354","4.477350","1.929218","4.439825","1.246701","2.313962","2.989678","1.340041","3.508410"
"2010-12-02","02 Dec 2010","3.953722","1.405281","4.450862","1.835658","4.500712","1.085109","2.243522","2.938715","1.190306","3.456178"
"2010-12-03","03 Dec 2010","3.956479","1.399515","4.486048","1.815387","4.540401","1.097104","2.216529","2.912685","1.195620","3.440364"
"2010-12-06","06 Dec 2010","3.964099","1.396885","4.561225","1.830897","4.596601","1.054496","2.230355","2.909732","1.169803","3.431178"
"2010-12-07","07 Dec 2010","4.003633","1.372839","4.574971","1.830822","4.651005","1.013615","2.251243","2.956278","1.134177","3.483167"
"2010-12-08","08 Dec 2010","4.035635","1.379551","4.593956","1.860113","4.673019","0.993106","2.292409","3.003251","1.123932","3.525520"
"2010-12-09","09 Dec 2010","3.986779","1.427133","4.523738","1.923970","4.624370","1.007773","2.353238","3.032753","1.152079","3.517756"
"2010-12-10","10 Dec 2010","4.022533","1.460062","4.544795","1.960449","4.637540","1.037208","2.392083","3.073413","1.182758","3.557498"
"2010-12-13","13 Dec 2010","4.042061","1.466263","4.581534","1.976285","4.682652","1.029371","2.411525","3.092838","1.180445","3.575559"
"2010-12-14","14 Dec 2010","4.071805","1.468147","4.620674","1.997785","4.740031","1.007294","2.443218","3.129813","1.167435","3.609962"
"2010-12-15","15 Dec 2010","4.079324","1.456636","4.635779","1.993061","4.751178","0.987195","2.442125","3.131945","1.150629","3.614045"
"2010-12-16","16 Dec 2010","4.110656","1.463847","4.647334","1.999417","4.734927","0.998866","2.451032","3.149614","1.160346","3.639728"
"2010-12-17","17 Dec 2010","4.097176","1.422500","4.659337","1.983244","4.792455","0.926191","2.447243","3.150084","1.099559","3.634244"
"2010-12-20","20 Dec 2010","4.048905","1.467185","4.608302","1.993136","4.729213","1.007299","2.433917","3.112283","1.167372","3.587832"
"2010-12-21","21 Dec 2010","4.060460","1.462021","4.632385","1.994364","4.766329","0.994882","2.438989","3.120871","1.157657","3.597708"
"2010-12-22","22 Dec 2010","4.056889","1.412678","4.619971","1.947600","4.730037","0.947025","2.397785","3.093620","1.108883","3.582912"
"2010-12-23","23 Dec 2010","4.077149","1.403507","4.623098","1.928692","4.694990","0.954523","2.378176","3.085095","1.109709","3.588853"
"2010-12-24","24 Dec 2010","4.077889","1.407696","4.623311","1.930149","4.692941","0.962022","2.378208","3.084430","1.115959","3.588667"
"2010-12-27","27 Dec 2010","4.117063","1.391534","4.648050","1.940218","4.717181","0.917557","2.404892","3.126272","1.081895","3.632839"
"2010-12-28","28 Dec 2010","4.085046","1.368254","4.599352","1.903526","4.643331","0.912163","2.362536","3.084157","1.069615","3.595738"
"2010-12-29","29 Dec 2010","4.152593","1.416827","4.697413","1.959681","4.737141","0.948640","2.420993","3.142391","1.110937","3.655157"
"2010-12-30","30 Dec 2010","4.122621","1.412399","4.676447","1.947858","4.723485","0.950931","2.403370","3.117105","1.110870","3.626151"
"2010-12-31","31 Dec 2010","4.124374","1.416813","4.678387","1.949799","4.711250","0.957661","2.403593","3.115940","1.116789","3.625553"
"2011-01-03","03 Jan 2011","4.109406","1.414974","4.647020","1.930775","4.651168","0.977738","2.376640","3.087825","1.128512","3.603295"
"2011-01-04","04 Jan 2011","4.045937","1.362875","4.603628","1.889476","4.634078","0.909219","2.338007","3.042988","1.066451","3.548707"
"2011-01-05","05 Jan 2011","4.042626","1.317789","4.597814","1.866121","4.652194","0.840741","2.328292","3.044967","1.006555","3.551228"
"2011-01-06","06 Jan 2011","4.112625","1.356490","4.676865","1.930037","4.788898","0.850777","2.406514","3.131628","1.027234","3.633168"
"2011-01-07","07 Jan 2011","4.171672","1.369036","4.692340","1.934965","4.693668","0.877247","2.412283","3.151993","1.048116","3.672435"
"2011-01-10","10 Jan 2011","4.098746","1.379505","4.677935","1.968805","4.848314","0.849598","2.448516","3.161044","1.035563","3.642512"
"2011-01-11","11 Jan 2011","4.123775","1.355986","4.702764","1.936528","4.834901","0.841886","2.416720","3.143901","1.021500","3.644818"
"2011-01-12","12 Jan 2011","4.162475","1.331925","4.733482","1.937448","4.870152","0.791919","2.434395","3.178927","0.980960","3.684977"
"2011-01-13","13 Jan 2011","4.109586","1.336444","4.674421","1.931979","4.816647","0.804199","2.419670","3.148560","0.990642","3.642990"
"2011-01-14","14 Jan 2011","4.083942","1.359817","4.621283","1.965914","4.773895","0.810072","2.454433","3.169844","1.003465","3.644146"
"2011-01-17","17 Jan 2011","4.126135","1.370138","4.676233","1.943354","4.768461","0.865085","2.419893","3.145565","1.041273","3.647468"
"2011-01-18","18 Jan 2011","4.232060","1.439969","4.683810","2.034272","4.692730","0.914450","2.525772","3.266670","1.097938","3.769299"
"2011-01-19","19 Jan 2011","4.149814","1.435801","4.666122","2.011122","4.755891","0.925766","2.486060","3.202070","1.103999","3.690718"
"2011-01-20","20 Jan 2011","4.221558","1.453941","4.734823","2.023732","4.765572","0.954933","2.500319","3.230999","1.128700","3.738885"
"2011-01-21","21 Jan 2011","4.208759","1.419546","4.702727","1.998685","4.720081","0.911241","2.481816","3.219472","1.088351","3.728973"
"2011-01-24","24 Jan 2011","4.177311","1.396616","4.669060","1.978972","4.700224","0.883807","2.463041","3.198596","1.062655","3.703788"
"2011-01-25","25 Jan 2011","4.192313","1.442053","4.714668","2.003105","4.744727","0.952164","2.473970","3.199329","1.122612","3.706698"
"2011-01-26","26 Jan 2011","4.233927","1.426185","4.758733","2.023910","4.845187","0.895554","2.516576","3.257683","1.081057","3.761946"
"2011-01-27","27 Jan 2011","4.248961","1.465456","4.771509","2.053046","4.848924","0.945573","2.539128","3.273816","1.127143","3.776453"
"2011-01-28","28 Jan 2011","4.254272","1.512803","4.739344","2.120614","4.840396","0.964811","2.613136","3.337330","1.157228","3.816697"
"2011-01-31","31 Jan 2011","4.227513","1.498188","4.717543","2.088557","4.799603","0.971251","2.572200","3.293521","1.155742","3.778836"
"2011-02-01","01 Feb 2011","4.167307","1.435724","4.712793","2.019261","4.837767","0.915836","2.498623","3.217515","1.097781","3.706414"
"2011-02-02","02 Feb 2011","4.174630","1.421012","4.693544","1.967072","4.672723","0.949735","2.431056","3.157152","1.113152","3.673899"
"2011-02-03","03 Feb 2011","4.216057","1.425854","4.740968","1.986872","4.740226","0.938905","2.460713","3.196616","1.108038","3.715968"
"2011-02-04","04 Feb 2011","4.205452","1.435195","4.722141","2.002994","4.748630","0.938716","2.478749","3.209903","1.111525","3.719632"
"2011-02-07","07 Feb 2011","4.252789","1.410759","4.749903","2.013004","4.797866","0.878261","2.511295","3.263606","1.064189","3.776128"
"2011-02-08","08 Feb 2011","4.282020","1.448365","4.813142","2.035359","4.862738","0.932945","2.524959","3.272913","1.112563","3.790831"
"2011-02-09","09 Feb 2011","4.308496","1.473050","4.846801","2.066850","4.920588","0.949180","2.559638","3.307716","1.131994","3.822277"
"2011-02-10","10 Feb 2011","4.275127","1.491864","4.812942","2.117757","4.966775","0.921845","2.619969","3.351016","1.122602","3.832128"
"2011-02-11","11 Feb 2011","4.310459","1.465445","4.825354","2.084141","4.921240","0.911838","2.589654","3.341160","1.105808","3.845146"
"2011-02-14","14 Feb 2011","4.344003","1.479178","4.860252","2.108590","4.966107","0.913624","2.620528","3.377101","1.112017","3.881076"
"2011-02-15","15 Feb 2011","4.350852","1.490110","4.853930","2.121177","4.951650","0.922530","2.633844","3.389984","1.121684","3.892023"
"2011-02-16","16 Feb 2011","4.291444","1.465214","4.792467","2.077244","4.872727","0.918926","2.578559","3.325891","1.110192","3.828151"
"2011-02-17","17 Feb 2011","4.276318","1.443706","4.799813","2.039669","4.864257","0.917341","2.533571","3.281666","1.101080","3.794411"
"2011-02-18","18 Feb 2011","4.161302","1.554701","4.835432","2.145307","5.064063","0.669335","2.531992","3.160460","1.038354","3.657296"
"2011-02-21","21 Feb 2011","4.240711","1.579218","4.857436","2.151487","5.064484","0.663779","2.552544","3.237383","1.058426","3.753344"
"2011-02-22","22 Feb 2011","4.236055","1.622570","4.837538","2.197124","5.039467","0.686865","2.590905","3.258080","1.091182","3.760825"
"2011-02-23","23 Feb 2011","4.218413","1.672185","4.847955","2.262141","5.060234","0.669056","2.630397","3.246621","1.101802","3.735062"
"2011-02-24","24 Feb 2011","4.172478","1.654714","4.791646","2.245585","5.000549","0.670398","2.613904","3.220396","1.092380","3.698451"
"2011-02-25","25 Feb 2011","4.198433","1.662731","4.812657","2.262178","5.019790","0.669931","2.636607","3.248557","1.095044","3.726752"
"2011-02-28","28 Feb 2011","4.218567","1.609907","4.795678","2.234902","4.989852","0.680709","2.649101","3.294918","1.068890","3.767903"
"2011-03-01","01 Mar 2011","4.226117","1.586795","4.800756","2.220690","4.994107","0.679967","2.647149","3.303241","1.054791","3.776964"
"2011-03-02","02 Mar 2011","4.217531","1.573088","4.795288","2.205365","4.989667","0.663984","2.631192","3.289353","1.040460","3.765762"
"2011-03-03","03 Mar 2011","4.293630","1.730151","4.843652","2.360966","5.028685","0.812634","2.776847","3.408859","1.192974","3.863318"
"2011-03-04","04 Mar 2011","4.293731","1.719725","4.826477","2.346599","5.005262","0.799241","2.767800","3.413788","1.183636","3.870519"
"2011-03-07","07 Mar 2011","4.324114","1.691628","4.844653","2.302096","5.018840","0.805927","2.740442","3.429047","1.179410","3.901511"
"2011-03-08","08 Mar 2011","4.340555","1.691717","4.875651","2.304420","5.054791","0.784062","2.739363","3.428491","1.168396","3.907944"
"2011-03-09","09 Mar 2011","4.351571","1.706434","4.894380","2.351090","5.076556","0.784509","2.788416","3.453708","1.166638","3.920281"
"2011-03-10","10 Mar 2011","4.326440","1.695312","4.887762","2.318846","5.076314","0.801616","2.745912","3.409075","1.172575","3.883186"
"2011-03-11","11 Mar 2011","4.272825","1.655363","4.887081","2.255672","5.094307","0.796457","2.664448","3.313988","1.151579","3.800215"
"2011-03-14","14 Mar 2011","4.207985","1.607437","4.809782","2.182258","5.012304","0.783913","2.587602","3.247742","1.126655","3.738657"
"2011-03-15","15 Mar 2011","4.140220","1.548866","4.754536","2.093592","4.961157","0.760256","2.489555","3.157185","1.091141","3.659891"
"2011-03-16","16 Mar 2011","4.114218","1.506622","4.739647","2.052197","4.950238","0.743661","2.452157","3.122602","1.060366","3.628093"
"2011-03-17","17 Mar 2011","4.161647","1.565748","4.791362","2.115127","5.003335","0.737226","2.504013","3.165329","1.087790","3.672107"
"2011-03-18","18 Mar 2011","4.182518","1.561114","4.780234","2.126509","4.981035","0.745250","2.535279","3.211977","1.087295","3.711498"
"2011-03-21","21 Mar 2011","4.220623","1.614455","4.806132","2.206255","5.003007","0.758892","2.617713","3.277388","1.115519","3.761595"
"2011-03-22","22 Mar 2011","4.245048","1.616861","4.826638","2.211062","5.022075","0.774296","2.630290","3.300391","1.124177","3.787125"
"2011-03-23","23 Mar 2011","4.258179","1.632701","4.830882","2.215976","5.023019","0.782321","2.633317","3.312041","1.139956","3.802641"
"2011-03-24","24 Mar 2011","4.252612","1.701181","4.874002","2.312550","5.084263","0.770867","2.701329","3.312068","1.159447","3.782734"
"2011-03-25","25 Mar 2011","4.274264","1.652704","4.852945","2.229936","5.047169","0.819787","2.645252","3.323017","1.169046","3.815254"
"2011-03-28","28 Mar 2011","4.310979","1.653937","4.884738","2.258004","5.077610","0.864766","2.694969","3.375972","1.184463","3.859235"
"2011-03-29","29 Mar 2011","4.332002","1.656548","4.886987","2.258423","5.073069","0.862753","2.703052","3.401400","1.187310","3.887805"
"2011-03-30","30 Mar 2011","4.360047","1.649883","4.911289","2.273720","5.096242","0.874227","2.734655","3.438164","1.184301","3.920176"
"2011-03-31","31 Mar 2011","4.360759","1.765356","4.953957","2.411105","5.154290","0.801750","2.820937","3.443534","1.201956","3.907054"
"2011-04-01","01 Apr 2011","4.381175","1.724417","4.939415","2.349417","5.126840","0.856266","2.786147","3.461603","1.214009","3.938647"
"2011-04-04","04 Apr 2011","4.356542","1.698346","4.925165","2.322137","5.116351","0.858310","2.759749","3.432431","1.200604","3.909524"
"2011-04-05","05 Apr 2011","4.352997","1.698804","4.916233","2.316205","5.105430","0.861509","2.752902","3.429332","1.204188","3.907767"
"2011-04-06","06 Apr 2011","4.340249","1.697517","4.864015","2.310520","5.039425","0.877409","2.757607","3.447153","1.214172","3.917355"
"2011-04-07","07 Apr 2011","4.316719","1.728632","4.883348","2.354517","5.074785","0.927508","2.786694","3.427580","1.246554","3.881554"
"2011-04-08","08 Apr 2011","4.351921","1.781529","4.904355","2.423673","5.091045","0.946470","2.856546","3.485793","1.279786","3.928084"
"2011-04-11","11 Apr 2011","4.317483","1.770406","4.841593","2.415929","5.018219","0.922587","2.849922","3.476567","1.262395","3.909697"
"2011-04-12","12 Apr 2011","4.271606","1.746067","4.797800","2.373467","4.975037","0.918843","2.799870","3.425531","1.251461","3.861357"
"2011-04-13","13 Apr 2011","4.296686","1.765683","4.814684","2.410623","4.989320","0.928527","2.844579","3.466565","1.262601","3.894199"
"2011-04-14","14 Apr 2011","4.356052","1.774789","4.825805","2.402501","4.982857","0.931780","2.855400","3.530317","1.278779","3.971054"
"2011-04-15","15 Apr 2011","4.337959","1.819403","4.811047","2.459784","4.969579","0.956766","2.897916","3.533720","1.307798","3.957194"
"2011-04-18","18 Apr 2011","4.327765","1.847220","4.813184","2.474815","4.975960","0.950868","2.893945","3.514376","1.321642","3.939585"
"2011-04-19","19 Apr 2011","4.364235","1.875714","4.843580","2.483142","5.003976","0.964828","2.900125","3.539344","1.350372","3.974963"
"2011-04-20","20 Apr 2011","4.365623","1.884654","4.845444","2.483612","5.005990","0.992221","2.899023","3.539243","1.369790","3.975789"
"2011-04-21","21 Apr 2011","4.356214","1.881318","4.842193","2.474851","5.004850","0.994349","2.886140","3.523912","1.369717","3.962450"
"2011-04-26","26 Apr 2011","4.463346","1.889308","4.950079","2.469392","5.112636","0.962652","2.900123","3.595778","1.369997","4.060885"
"2011-04-27","27 Apr 2011","4.485433","1.932045","4.965813","2.560646","5.126499","1.007593","2.994827","3.652354","1.397011","4.093959"
"2011-04-28","28 Apr 2011","4.444910","1.892604","4.935876","2.431467","5.099805","1.039794","2.857059","3.564682","1.418298","4.037788"
"2011-04-29","29 Apr 2011","4.420373","1.883827","4.903204","2.419025","5.064386","1.027174","2.844060","3.550241","1.409511","4.019079"
"2011-05-02","02 May 2011","4.337475","1.891296","4.832895","2.443472","4.998642","1.045499","2.841378","3.485751","1.408704","3.934905"
"2011-05-03","03 May 2011","4.320926","1.896128","4.803948","2.454739","4.965516","1.031789","2.851602","3.487486","1.403456","3.927746"
"2011-05-04","04 May 2011","4.351017","1.921427","4.786722","2.517899","4.932312","1.077361","2.942840","3.578570","1.430966","3.992257"
"2011-05-05","05 May 2011","4.331045","1.837954","4.791824","2.434473","4.945885","1.033348","2.868461","3.522999","1.365519","3.953734"
"2011-05-06","06 May 2011","4.281575","1.841074","4.733347","2.430263","4.884461","1.065768","2.856998","3.493922","1.382412","3.912886"
"2011-05-09","09 May 2011","4.253434","1.830852","4.698406","2.421221","4.847236","1.050409","2.845997","3.476596","1.369338","3.890076"
"2011-05-10","10 May 2011","4.261137","1.841027","4.712604","2.427415","4.863589","1.020768","2.844376","3.474061","1.362199","3.892418"
"2011-05-11","11 May 2011","4.264105","1.829456","4.712477","2.418379","4.862400","1.029152","2.842418","3.478643","1.359747","3.897163"
"2011-05-12","12 May 2011","4.233995","1.809798","4.688385","2.374308","4.840283","1.042373","2.792761","3.435726","1.361341","3.861421"
"2011-05-13","13 May 2011","4.235893","1.838245","4.693461","2.395155","4.846455","1.056337","2.803309","3.436863","1.384103","3.861673"
"2011-05-16","16 May 2011","4.243647","1.856298","4.702420","2.410117","4.855800","1.043400","2.811839","3.442371","1.388722","3.868219"
"2011-05-17","17 May 2011","4.243705","1.856770","4.704170","2.409484","4.858105","1.026437","2.808616","3.439237","1.381612","3.866740"
"2011-05-18","18 May 2011","4.254578","1.870071","4.711572","2.427858","4.864364","1.047897","2.829314","3.456967","1.397142","3.880746"
"2011-05-19","19 May 2011","4.292176","1.902506","4.743239","2.474161","4.894039","1.055456","2.878998","3.503712","1.414967","3.922986"
"2011-05-20","20 May 2011","4.305571","1.893414","4.754142","2.455327","4.903969","1.015818","2.863283","3.507202","1.397296","3.935033"
"2011-05-23","23 May 2011","4.299474","1.915565","4.751126","2.458229","4.901967","1.019395","2.854025","3.495294","1.415925","3.926111"
"2011-05-24","24 May 2011","4.305737","1.915440","4.759603","2.455015","4.911176","1.022320","2.851483","3.496791","1.418322","3.930352"
"2011-05-25","25 May 2011","4.270931","1.816679","4.729626","2.373031","4.882863","1.032417","2.794620","3.455953","1.364593","3.892564"
"2011-05-26","26 May 2011","4.155812","1.820426","4.639962","2.357735","4.802245","1.059046","2.740605","3.343982","1.376356","3.767939"
"2011-05-27","27 May 2011","4.162362","1.809024","4.659094","2.347466","4.825713","1.052563","2.731099","3.337082","1.366659","3.766420"
"2011-05-30","30 May 2011","4.185326","1.806725","4.676667","2.362533","4.841516","1.054776","2.758056","3.368125","1.362838","3.793877"
"2011-05-31","31 May 2011","4.203798","1.820633","4.699534","2.374937","4.865838","1.056006","2.768126","3.379528","1.371265","3.808727"
"2011-06-01","01 Jun 2011","4.173869","1.796992","4.661757","2.316874","4.825054","1.064769","2.707188","3.339014","1.372657","3.778611"
"2011-06-02","02 Jun 2011","4.151803","1.799561","4.642148","2.301715","4.806275","1.094559","2.684966","3.314148","1.391510","3.754803"
"2011-06-03","03 Jun 2011","4.138671","1.794400","4.628453","2.290311","4.792404","1.114932","2.673436","3.302385","1.399396","3.742297"
"2011-06-06","06 Jun 2011","4.165528","1.833455","4.649497","2.318737","4.811350","1.115893","2.695536","3.328456","1.424752","3.770949"
"2011-06-07","07 Jun 2011","4.212680","1.818365","4.703487","2.335299","4.867836","1.157807","2.735701","3.375340","1.427648","3.816097"
"2011-06-08","08 Jun 2011","4.222881","1.833030","4.718185","2.339637","4.884029","1.181902","2.736355","3.377987","1.449065","3.822562"
"2011-06-09","09 Jun 2011","4.218428","1.825996","4.721270","2.323448","4.889690","1.204368","2.719528","3.364251","1.457542","3.812945"
"2011-06-10","10 Jun 2011","4.195635","1.818413","4.705858","2.297938","4.876730","1.202143","2.684874","3.329802","1.456432","3.784119"
"2011-06-13","13 Jun 2011","4.199199","1.816268","4.709359","2.294650","4.880182","1.203617","2.683033","3.331373","1.456501","3.787204"
"2011-06-14","14 Jun 2011","4.219642","1.839206","4.729602","2.317769","4.900357","1.220934","2.705084","3.352284","1.476765","3.807808"
"2011-06-15","15 Jun 2011","4.238020","1.889826","4.768941","2.348806","4.946772","1.204350","2.710322","3.345794","1.499888","3.811140"
"2011-06-16","16 Jun 2011","4.241951","1.905956","4.784025","2.338796","4.965522","1.214313","2.687945","3.328733","1.519720","3.805114"
"2011-06-17","17 Jun 2011","4.234202","1.878852","4.773485","2.329815","4.954208","1.242929","2.693802","3.333196","1.513210","3.802111"
"2011-06-20","20 Jun 2011","4.275422","1.870205","4.780324","2.337947","4.949153","1.242130","2.730018","3.398398","1.508372","3.863030"
"2011-06-21","21 Jun 2011","4.222181","1.861350","4.747477","2.331778","4.923557","1.240802","2.707680","3.343826","1.498271","3.801622"
"2011-06-22","22 Jun 2011","4.233898","1.895247","4.774878","2.346370","4.956196","1.228261","2.702691","3.333683","1.514731","3.801164"
"2011-06-23","23 Jun 2011","4.169816","1.888155","4.719639","2.336046","4.904353","1.241055","2.679211","3.281114","1.514790","3.737086"
"2011-06-24","24 Jun 2011","4.184977","1.896116","4.744398","2.375122","4.933017","1.234412","2.724764","3.309286","1.507530","3.753471"
"2011-06-27","27 Jun 2011","4.188676","1.919101","4.793529","2.403048","4.998951","1.239587","2.739206","3.296892","1.518800","3.738813"
"2011-06-28","28 Jun 2011","4.197201","1.939326","4.800647","2.423745","5.005859","1.270511","2.760365","3.313511","1.543727","3.750622"
"2011-06-29","29 Jun 2011","4.202586","1.917419","4.797213","2.394248","4.998857","1.282860","2.739469","3.311795","1.540548","3.756468"
"2011-06-30","30 Jun 2011","4.324413","1.923972","4.819736","2.370480","4.985201","1.303940","2.763727","3.447551","1.573729","3.915990"
"2011-07-01","01 Jul 2011","4.311308","1.941941","4.783150","2.366951","4.940605","1.225688","2.756508","3.452602","1.560203","3.917262"
"2011-07-04","04 Jul 2011","4.307263","1.890345","4.779546","2.360052","4.937229","1.252189","2.769537","3.458085","1.528425","3.915255"
"2011-07-05","05 Jul 2011","4.317952","1.891269","4.786682","2.367670","4.943169","1.256947","2.782411","3.473113","1.529806","3.928537"
"2011-07-06","06 Jul 2011","4.361840","1.911740","4.828304","2.354022","4.983910","1.200649","2.772574","3.500288","1.533615","3.970113"
"2011-07-07","07 Jul 2011","4.385071","1.955266","4.865646","2.400252","5.026027","1.244054","2.803182","3.512096","1.570782","3.984124"
"2011-07-08","08 Jul 2011","4.164908","1.965170","4.812410","2.416656","5.033055","1.266160","2.717226","3.245139","1.560392","3.692620"
"2011-07-11","11 Jul 2011","4.384892","2.099716","4.855401","2.527278","5.012472","1.285069","2.885877","3.541390","1.668300","3.994237"
"2011-07-12","12 Jul 2011","4.413122","2.092666","4.874554","2.540526","5.028568","1.289380","2.915892","3.579962","1.662708","4.028988"
"2011-07-13","13 Jul 2011","4.401100","2.130460","4.905628","2.526538","5.074136","1.273204","2.858334","3.511638","1.685519","3.984912"
"2011-07-14","14 Jul 2011","4.414064","2.118252","4.918435","2.535580","5.086905","1.237316","2.873800","3.526556","1.656886","3.998418"
"2011-07-15","15 Jul 2011","4.407607","2.132394","4.907294","2.554925","5.074185","1.163973","2.883904","3.527487","1.630688","3.995502"
"2011-07-18","18 Jul 2011","4.393035","2.279885","4.923661","2.718827","5.101416","1.160281","2.979343","3.521368","1.691903","3.968960"
"2011-07-19","19 Jul 2011","4.357147","2.309925","4.874287","2.705464","5.047302","1.123859","2.944935","3.489767","1.705735","3.939184"
"2011-07-20","20 Jul 2011","4.344568","2.233004","4.875093","2.632243","5.052583","1.083935","2.885796","3.452936","1.645748","3.915551"
"2011-07-21","21 Jul 2011","4.340806","2.180577","4.876758","2.580593","5.056069","1.133658","2.852583","3.438310","1.639793","3.907308"
"2011-07-22","22 Jul 2011","4.408278","2.116645","4.878121","2.492770","5.034815","1.024300","2.838726","3.538491","1.589294","4.012624"
"2011-07-25","25 Jul 2011","4.408703","2.153158","4.901087","2.563068","5.065422","1.082033","2.880766","3.528825","1.610607","3.999549"
"2011-07-26","26 Jul 2011","4.400299","2.200084","4.893726","2.601885","5.058444","1.111062","2.900960","3.526526","1.648381","3.991687"
"2011-07-27","27 Jul 2011","4.369444","2.192844","4.872041","2.595755","5.039896","1.125324","2.884321","3.492258","1.646590","3.955788"
"2011-07-28","28 Jul 2011","4.435399","2.242273","4.920602","2.661607","5.082574","1.102448","2.960218","3.576147","1.662955","4.033581"
"2011-07-29","29 Jul 2011","4.429686","2.277514","4.927746","2.673684","5.094033","1.089475","2.948835","3.554303","1.680668","4.018254"
"2011-08-01","01 Aug 2011","4.406047","2.214944","4.911825","2.648623","5.080784","1.057355","2.934465","3.530374","1.618702","3.991171"
"2011-08-02","02 Aug 2011","4.427053","2.282271","4.937266","2.704061","5.107721","1.054590","2.968493","3.548606","1.655954","4.009261"
"2011-08-03","03 Aug 2011","4.418395","2.258442","4.909189","2.679926","5.073085","1.102322","2.964477","3.560043","1.667709","4.014004"
"2011-08-04","04 Aug 2011","4.398206","2.160813","4.898461","2.634030","5.065646","1.062510","2.943097","3.537676","1.580283","3.989512"
"2011-08-05","05 Aug 2011","4.370447","2.177574","4.867409","2.680053","5.033677","1.051385","2.980030","3.536042","1.572788","3.969149"
"2011-08-08","08 Aug 2011","4.180772","1.799229","4.668313","2.376641","4.831708","0.922028","2.763813","3.365250","1.292572","3.790362"
"2011-08-09","09 Aug 2011","4.160311","1.727522","4.694646","2.237311","4.873491","0.893487","2.610287","3.256404","1.258660","3.728816"
"2011-08-10","10 Aug 2011","4.128284","1.774648","4.741265","2.149959","4.946332","0.863856","2.443290","3.100361","1.302025","3.633100"
"2011-08-11","11 Aug 2011","4.132913","1.700077","4.743106","2.126404","4.947459","0.887496","2.457844","3.121117","1.259299","3.643819"
"2011-08-12","12 Aug 2011","4.151381","1.755746","4.749124","2.169806","4.949135","0.879544","2.488766","3.148372","1.289850","3.668951"
"2011-08-15","15 Aug 2011","4.133509","1.795322","4.732447","2.193690","4.932874","0.878785","2.491831","3.133361","1.313453","3.650869"
"2011-08-16","16 Aug 2011","4.120315","1.771622","4.670749","2.205626","4.854785","0.872637","2.533643","3.180021","1.292098","3.672416"
"2011-08-17","17 Aug 2011","4.041345","1.759738","4.558805","2.195400","4.731742","0.851711","2.520451","3.148363","1.276077","3.618309"
"2011-08-18","18 Aug 2011","3.881823","1.662947","4.532040","2.087427","4.751202","0.787186","2.353035","2.899307","1.182977","3.385390"
"2011-08-19","19 Aug 2011","3.907496","1.697480","4.472167","2.133915","4.661348","0.700326","2.413104","2.985296","1.164912","3.457455"
"2011-08-22","22 Aug 2011","3.899517","1.757658","4.492423","2.211288","4.691721","0.708144","2.463544","2.981020","1.191237","3.439579"
"2011-08-23","23 Aug 2011","3.872217","1.768921","4.495020","2.196807","4.704626","0.718426","2.425251","2.927034","1.205816","3.393863"
"2011-08-24","24 Aug 2011","3.941769","1.825111","4.586819","2.274345","4.804351","0.733653","2.499782","2.986967","1.236535","3.453091"
"2011-08-25","25 Aug 2011","3.948270","1.813205","4.574404","2.231304","4.784843","0.746014","2.460880","2.982283","1.246225","3.462821"
"2011-08-26","26 Aug 2011","3.916026","1.796101","4.547210","2.194588","4.759291","0.745181","2.416566","2.940017","1.241160","3.425862"
"2011-08-29","29 Aug 2011","3.933262","1.795553","4.612105","2.276124","4.842679","0.779163","2.518539","2.986554","1.232592","3.438133"
"2011-08-30","30 Aug 2011","3.954999","1.767655","4.611123","2.205336","4.832310","0.772854","2.451123","2.973222","1.228179","3.455767"
"2011-08-31","31 Aug 2011","3.966791","1.805661","4.683105","2.260458","4.925921","0.739588","2.481795","2.959586","1.225056","3.440232"
"2011-09-01","01 Sep 2011","3.998768","1.798792","4.743766","2.269773","4.997203","0.755765","2.501153","2.978486","1.224749","3.460476"
"2011-09-02","02 Sep 2011","3.991511","1.772025","4.693063","2.224352","4.930086","0.707388","2.459345","2.970743","1.195127","3.465593"
"2011-09-05","05 Sep 2011","4.042511","1.828712","4.798166","2.297653","5.054762","0.721702","2.518318","2.998172","1.225311","3.492480"
"2011-09-06","06 Sep 2011","4.029083","1.863497","4.768111","2.338679","5.019177","0.734327","2.553397","3.013898","1.247668","3.492841"
"2011-09-07","07 Sep 2011","3.986783","1.843634","4.701673","2.275032","4.943402","0.744008","2.480730","2.963029","1.253057","3.454661"
"2011-09-08","08 Sep 2011","3.921465","1.803115","4.633497","2.223003","4.874358","0.742830","2.426643","2.904911","1.233060","3.392555"
"2011-09-09","09 Sep 2011","3.951462","1.821878","4.688567","2.262376","4.938608","0.730331","2.464516","2.927586","1.231261","3.412640"
"2011-09-12","12 Sep 2011","3.960145","1.965044","4.692077","2.385677","4.940649","0.827027","2.551051","2.964642","1.354389","3.430163"
"2011-09-13","13 Sep 2011","4.022330","2.006241","4.705837","2.464142","4.937412","0.810614","2.648843","3.069781","1.362298","3.520611"
"2011-09-14","14 Sep 2011","4.100566","1.991855","4.800286","2.455097","5.037062","0.799822","2.655276","3.109933","1.350141","3.582680"
"2011-09-15","15 Sep 2011","4.116459","1.972261","4.752708","2.436337","4.966926","0.799896","2.663506","3.159192","1.344147","3.629669"
"2011-09-16","16 Sep 2011","3.983891","1.949321","4.658776","2.371905","4.886657","0.795328","2.557019","3.009137","1.334813","3.478177"
"2011-09-19","19 Sep 2011","4.032843","1.925553","4.630521","2.358452","4.831203","0.795140","2.587413","3.099612","1.326746","3.566285"
"2011-09-20","20 Sep 2011","4.049124","1.969193","4.755686","2.390214","4.994401","0.804685","2.573813","3.035608","1.349968","3.521639"
"2011-09-21","21 Sep 2011","4.035717","1.998143","4.704833","2.431134","4.930715","0.814745","2.617528","3.067575","1.367791","3.533740"
"2011-09-22","22 Sep 2011","3.977646","1.988164","4.627670","2.395714","4.846770","0.820459","2.572729","3.022142","1.371423","3.485344"
"2011-09-23","23 Sep 2011","4.005169","1.967835","4.684335","2.342748","4.913015","0.825174","2.515468","2.994270","1.371381","3.487067"
"2011-09-26","26 Sep 2011","3.960816","1.925085","4.597942","2.308727","4.812133","0.806628","2.499279","2.989513","1.340069","3.468882"
"2011-09-27","27 Sep 2011","4.035635","2.037253","4.654288","2.399369","4.861909","0.871181","2.577922","3.071804","1.437036","3.551934"
"2011-09-28","28 Sep 2011","3.986780","2.275162","4.753675","2.730216","5.017176","0.909127","2.816997","3.070747","1.541379","3.468646"
"2011-09-29","29 Sep 2011","4.038870","2.039309","4.679719","2.385904","4.894875","0.876066","2.554018","3.048129","1.443150","3.539602"
"2011-09-30","30 Sep 2011","3.989589","1.998994","4.640730","2.345125","4.859518","0.854358","2.509680","2.994997","1.410136","3.485535"
"2011-10-03","03 Oct 2011","3.961288","1.948469","4.619167","2.318334","4.840507","0.819477","2.492854","2.971654","1.360215","3.456571"
"2011-10-04","04 Oct 2011","3.940529","1.913701","4.589165","2.271951","4.807153","0.810816","2.452756","2.948745","1.341846","3.438658"
"2011-10-05","05 Oct 2011","4.022679","1.955101","4.674080","2.331325","4.892986","0.824875","2.521020","3.025013","1.367081","3.518352"
"2011-10-06","06 Oct 2011","4.015061","1.966566","4.659618","2.314506","4.875962","0.843819","2.497048","3.011756","1.390025","3.511493"
"2011-10-07","07 Oct 2011","4.041075","1.960431","4.717935","2.349473","4.945777","0.818592","2.535614","3.027709","1.362139","3.523423"
"2011-10-10","10 Oct 2011","4.039774","1.929016","4.739402","2.349786","4.975897","0.863885","2.554695","3.033665","1.356897","3.517887"
"2011-10-11","11 Oct 2011","4.105243","1.980130","4.757297","2.368795","4.976288","0.835447","2.571999","3.096120","1.384234","3.597822"
"2011-10-12","12 Oct 2011","4.184017","1.994016","4.850905","2.411911","5.075043","0.830860","2.628836","3.160539","1.382724","3.667685"
"2011-10-13","13 Oct 2011","4.225403","2.023009","4.873524","2.438782","5.091056","0.849932","2.663141","3.210304","1.409860","3.718201"
"2011-10-14","14 Oct 2011","4.273154","2.061219","4.934427","2.491693","5.156566","0.859730","2.713668","3.251282","1.430243","3.759259"
"2011-10-17","17 Oct 2011","4.213938","2.144779","4.966489","2.606919","5.221947","0.864660","2.774030","3.191000","1.458968","3.668513"
"2011-10-18","18 Oct 2011","4.267263","2.131148","4.949772","2.540561","5.179310","0.894081","2.730218","3.235425","1.485533","3.742232"
"2011-10-19","19 Oct 2011","4.302488","2.171627","4.973476","2.567893","5.198862","0.921289","2.755701","3.271344","1.524517","3.781622"
"2011-10-20","20 Oct 2011","4.316485","2.239631","4.992531","2.632133","5.219771","0.950596","2.801145","3.291413","1.573525","3.794922"
"2011-10-21","21 Oct 2011","4.286679","2.265633","4.967010","2.624238","5.195615","0.974350","2.771831","3.253797","1.605824","3.760918"
"2011-10-24","24 Oct 2011","4.359372","2.257068","5.043919","2.609523","5.273651","0.979556","2.774221","3.297192","1.608453","3.824621"
"2011-10-25","25 Oct 2011","4.337369","2.275325","5.010637","2.573216","5.236239","1.015404","2.725067","3.267010","1.650770","3.804578"
"2011-10-26","26 Oct 2011","4.253739","2.435814","4.971219","2.729835","5.212721","1.065047","2.797135","3.205301","1.747776","3.708340"
"2011-10-27","27 Oct 2011","4.282440","2.310680","4.946638","2.527287","5.168928","1.070360","2.651322","3.204066","1.717721","3.750903"
"2011-10-28","28 Oct 2011","4.363436","2.392823","5.030916","2.627921","5.254372","1.099334","2.747652","3.287697","1.769711","3.831032"
"2011-10-31","31 Oct 2011","4.350217","2.428107","5.029636","2.686478","5.257388","1.095800","2.788673","3.285400","1.776252","3.815363"
"2011-11-01","01 Nov 2011","4.340288","2.522868","5.083046","2.725633","5.333147","1.489792","2.802829","3.250160","2.012177","3.775692"
"2011-11-02","02 Nov 2011","4.324326","2.527194","5.019111","2.727030","5.252058","1.159664","2.780169","3.245970","1.870431","3.779080"
"2011-11-03","03 Nov 2011","4.407523","2.506357","5.146056","2.669215","5.393532","1.170362","2.727486","3.246898","1.876081","3.824618"
"2011-11-04","04 Nov 2011","4.412776","2.567838","5.150438","2.741512","5.398052","1.384952","2.803498","3.285982","1.999731","3.839205"
"2011-11-07","07 Nov 2011","4.377914","2.669045","5.104069","2.825548","5.348630","1.747573","2.887024","3.315551","2.219225","3.826796"
"2011-11-08","08 Nov 2011","4.442700","2.727933","5.239753","2.860372","5.508898","1.831671","2.899084","3.315240","2.291914","3.848622"
"2011-11-09","09 Nov 2011","4.425871","2.999051","5.259573","3.255021","5.545707","1.823579","3.234189","3.438722","2.392630","3.862120"
"2011-11-10","10 Nov 2011","4.539793","3.024914","5.317392","3.188711","5.580496","1.885327","3.170334","3.483784","2.463492","3.970504"
"2011-11-11","11 Nov 2011","4.547570","2.856642","5.282576","3.010623","5.530343","1.951865","3.067113","3.484792","2.413869","3.993275"
"2011-11-14","14 Nov 2011","4.618520","2.807656","5.358480","3.061278","5.608405","1.784824","3.152875","3.568938","2.287516","4.067149"
"2011-11-15","15 Nov 2011","4.760048","3.138922","5.523103","3.318479","5.780624","1.976001","3.326897","3.687324","2.567079","4.191268"
"2011-11-16","16 Nov 2011","4.765680","3.134107","5.492303","3.329081","5.738096","2.217604","3.386219","3.756261","2.673342","4.229934"
"2011-11-17","17 Nov 2011","4.802856","3.075518","5.491260","3.252929","5.723663","2.412406","3.367757","3.806751","2.740956","4.286135"
"2011-11-18","18 Nov 2011","4.773076","3.236128","5.488223","3.430961","5.729422","2.010584","3.432538","3.764393","2.631640","4.238393"
"2011-11-21","21 Nov 2011","4.748052","3.230517","5.450232","3.421469","5.686947","2.004572","3.421951","3.752232","2.627123","4.221409"
"2011-11-22","22 Nov 2011","4.813604","3.353811","5.510048","3.548068","5.745071","2.121433","3.538279","3.841607","2.744803","4.295412"
"2011-11-23","23 Nov 2011","4.930518","3.431363","5.587968","3.650060","5.809551","2.223824","3.669625","3.993334","2.830918","4.436375"
"2011-11-24","24 Nov 2011","4.985833","3.503393","5.590733","3.747884","5.794224","2.222342","3.778422","4.102051","2.865558","4.525019"
"2011-11-25","25 Nov 2011","5.068630","3.768132","5.644459","3.928476","5.837935","2.555605","3.918610","4.217061","3.180992","4.626332"
"2011-11-28","28 Nov 2011","5.028150","3.628536","5.577805","3.730050","5.761632","2.258342","3.734945","4.135356","2.999813","4.586381"
"2011-11-29","29 Nov 2011","5.013650","3.543771","5.552024","3.726130","5.732268","2.265193","3.770037","4.156442","2.932918","4.585518"
"2011-11-30","30 Nov 2011","4.852567","3.422717","5.373340","3.588918","5.547457","1.892003","3.608985","4.000590","2.707295","4.432616"
"2011-12-01","01 Dec 2011","4.712127","3.197469","5.239296","3.379051","5.415660","1.949620","3.442567","3.856321","2.604581","4.289375"
"2011-12-02","02 Dec 2011","4.589772","3.097625","5.150626","3.254403","5.338400","1.859265","3.294495","3.696720","2.511526","4.143802"
"2011-12-05","05 Dec 2011","4.423173","2.746974","4.974059","3.024419","5.158796","1.633794","3.143204","3.561760","2.188005","3.990597"
"2011-12-06","06 Dec 2011","4.443070","2.772615","5.019129","3.046392","5.212491","1.637770","3.151451","3.558578","2.202414","3.994645"
"2011-12-07","07 Dec 2011","4.430904","2.731527","5.010787","3.019234","5.205519","1.614503","3.134158","3.544803","2.166060","3.980900"
"2011-12-08","08 Dec 2011","4.496624","2.750643","5.127536","3.043792","5.340059","1.714404","3.162697","3.569676","2.218100","4.017709"
"2011-12-09","09 Dec 2011","4.548474","2.857487","5.145738","3.133556","5.346333","1.701606","3.233848","3.640516","2.276165","4.085825"
"2011-12-12","12 Dec 2011","4.590260","2.946143","5.238323","3.182473","5.455928","1.583605","3.223940","3.613250","2.277455","4.088730"
"2011-12-13","13 Dec 2011","4.525994","2.784172","5.133938","3.044735","5.337665","1.434809","3.130750","3.570762","2.122614","4.046395"
"2011-12-14","14 Dec 2011","4.520700","2.634833","5.163467","2.991553","5.379641","1.375103","3.125221","3.558998","1.987272","4.027601"
"2011-12-15","15 Dec 2011","4.452468","2.514191","5.124499","2.882582","5.350606","1.193626","3.013681","3.453952","1.835578","3.938639"
"2011-12-16","16 Dec 2011","4.413311","2.361041","5.090375","2.692030","5.317633","1.151958","2.851113","3.365097","1.748105","3.885071"
"2011-12-19","19 Dec 2011","4.323397","2.288669","4.946800","2.666943","5.156090","1.130817","2.856205","3.355629","1.688476","3.837169"
"2011-12-20","20 Dec 2011","4.284191","2.229838","4.912458","2.612171","5.123305","1.024188","2.799763","3.304846","1.607350","3.792922"
"2011-12-21","21 Dec 2011","4.305219","2.212643","4.946827","2.651896","5.162531","0.921841","2.846099","3.330728","1.535443","3.810424"
"2011-12-22","22 Dec 2011","4.320769","2.201849","4.950374","2.651852","5.162197","1.025222","2.871625","3.366266","1.575255","3.836778"
"2011-12-23","23 Dec 2011","4.309526","2.146466","4.960632","2.614534","5.179725","0.880507","2.830620","3.327631","1.474323","3.810028"
"2011-12-27","27 Dec 2011","4.288133","2.120865","4.930338","2.612970","5.146628","0.858749","2.839287","3.327964","1.444498","3.798185"
"2011-12-28","28 Dec 2011","4.264692","2.095237","4.884933","2.547948","5.093184","0.868556","2.776447","3.298290","1.447900","3.780726"
"2011-12-29","29 Dec 2011","4.279395","2.073638","4.916998","2.534250","5.131222","0.854452","2.767499","3.294490","1.427481","3.784311"
"2011-12-30","30 Dec 2011","4.276588","2.037734","4.919954","2.514925","5.136257","0.831046","2.758804","3.289216","1.393340","3.779126"
"2012-01-02","02 Jan 2012","4.300129","1.944186","4.952727","2.470989","5.172420","0.770771","2.753265","3.306334","1.304718","3.798928"
"2012-01-03","03 Jan 2012","4.336828","1.886898","4.995721","2.448113","5.217690","0.733798","2.759723","3.334855","1.250186","3.832170"
"2012-01-04","04 Jan 2012","4.385299","1.858428","5.038544","2.461602","5.258767","0.707636","2.802522","3.392440","1.214401","3.886170"
"2012-01-05","05 Jan 2012","4.477982","1.993914","5.190280","2.575194","5.431018","0.771958","2.876206","3.435564","1.318458","3.943762"
"2012-01-06","06 Jan 2012","4.512698","2.093296","5.210797","2.664742","5.446508","0.820526","2.946888","3.486962","1.395752","3.987043"
"2012-01-09","09 Jan 2012","4.511280","2.039951","5.218291","2.631271","5.457304","0.789173","2.930368","3.480338","1.348487","3.982020"
"2012-01-10","10 Jan 2012","4.506960","1.950582","5.217109","2.547864","5.456977","0.749326","2.871016","3.455989","1.282804","3.971642"
"2012-01-11","11 Jan 2012","4.391800","1.924508","5.134432","2.680668","5.395181","0.673704","3.045058","3.510766","1.194124","3.911117"
"2012-01-12","12 Jan 2012","4.242249","1.801554","5.039067","2.485719","5.317953","0.638823","2.820359","3.291687","1.126782","3.722449"
"2012-01-13","13 Jan 2012","4.345932","1.554881","5.080169","2.055653","5.326557","0.617370","2.426005","3.165091","1.040534","3.766803"
"2012-01-16","16 Jan 2012","4.276345","1.590817","5.007287","2.054892","5.252562","0.644349","2.393951","3.105793","1.079079","3.700401"
"2012-01-17","17 Jan 2012","4.241287","1.606688","4.990982","2.036501","5.242624","0.661410","2.350637","3.050456","1.101944","3.652494"
"2012-01-18","18 Jan 2012","4.251214","1.609496","5.015459","2.048835","5.272231","0.656625","2.361259","3.052809","1.097798","3.655199"
"2012-01-19","19 Jan 2012","4.271246","1.672805","5.046406","2.062863","5.306573","0.705383","2.349146","3.044756","1.166175","3.662841"
"2012-01-20","20 Jan 2012","4.254068","1.631803","5.026926","2.039455","5.286416","0.679484","2.337424","3.034751","1.128029","3.648800"
"2012-01-23","23 Jan 2012","4.211784","1.507480","4.959290","1.916974","5.209837","0.629719","2.250486","2.996135","1.042272","3.617643"
"2012-01-24","24 Jan 2012","4.236891","1.498506","4.980675","1.931309","5.230014","0.617375","2.278218","3.027868","1.026600","3.646189"
"2012-01-25","25 Jan 2012","4.227515","1.504095","4.965547","1.915078","5.212777","0.630792","2.257180","3.015326","1.042142","3.638001"
"2012-01-26","26 Jan 2012","4.115249","1.436062","4.864122","1.843148","5.115285","0.594094","2.174026","2.907857","0.986519","3.522879"
"2012-01-27","27 Jan 2012","4.021044","1.457279","4.746562","1.812050","4.989623","0.624669","2.115562","2.835495","1.024658","3.442481"
"2012-01-30","30 Jan 2012","4.044794","1.478423","4.747965","1.872418","4.983588","0.619409","2.189396","2.896886","1.024162","3.484718"
"2012-01-31","31 Jan 2012","4.020467","1.435467","4.732313","1.822837","4.970853","0.602013","2.142375","2.858693","0.994744","3.453615"
"2012-02-01","01 Feb 2012","3.940339","1.167593","4.660831","1.635685","4.856968","0.810162","2.072659","2.814312","0.928848","3.374697"
"2012-02-02","02 Feb 2012","3.902470","1.313373","4.604487","1.662217","4.839467","0.564958","1.988302","2.733318","0.923759","3.337736"
"2012-02-03","03 Feb 2012","3.908021","1.114683","4.662595","1.603042","4.898730","0.731454","2.049314","2.792461","0.859958","3.347091"
"2012-02-06","06 Feb 2012","3.898785","1.256429","4.604683","1.627711","4.841028","0.529797","1.970970","2.725885","0.871702","3.331986"
"2012-02-07","07 Feb 2012","3.938066","1.241440","4.639772","1.621520","4.874592","0.523987","1.981749","2.759458","0.861091","3.371767"
"2012-02-08","08 Feb 2012","3.937026","1.247983","4.641458","1.620593","4.877184","0.529810","1.976633","2.754067","0.869018","3.368483"
"2012-02-09","09 Feb 2012","3.899336","1.091456","4.665435","1.553724","4.892080","0.746865","1.991912","2.743985","0.860186","3.316763"
"2012-02-10","10 Feb 2012","3.908216","1.108785","4.661745","1.597391","4.894822","0.725597","2.044236","2.789095","0.854068","3.345502"
"2012-02-13","13 Feb 2012","3.860597","1.095113","4.621083","1.574172","4.861968","0.721232","2.013850","2.749230","0.846355","3.300518"
"2012-02-14","14 Feb 2012","3.879004","1.098051","4.619849","1.609778","4.856035","0.678295","2.062404","2.796516","0.821328","3.335557"
"2012-02-15","15 Feb 2012","3.902589","1.284819","4.596336","1.679565","4.828714","0.531578","2.023131","2.757481","0.880954","3.347566"
"2012-02-16","16 Feb 2012","3.933639","1.347789","4.625900","1.741425","4.857803","0.560022","2.074271","2.795028","0.927449","3.380564"
"2012-02-17","17 Feb 2012","3.902174","1.320950","4.571954","1.715327","4.796165","0.550596","2.057500","2.785322","0.910102","3.363494"
"2012-02-20","20 Feb 2012","3.843888","1.622054","4.596639","1.993400","4.850740","0.665837","2.205354","2.742495","1.113618","3.277089"
"2012-02-21","21 Feb 2012","3.836151","1.542577","4.593740","1.941877","4.849769","0.620370","2.179791","2.733176","1.044465","3.268485"
"2012-02-22","22 Feb 2012","3.836618","1.548469","4.605519","1.934854","4.865351","0.627093","2.164882","2.718446","1.053350","3.260517"
"2012-02-23","23 Feb 2012","3.814748","1.539492","4.588951","1.911352","4.850512","0.627680","2.134323","2.687795","1.051891","3.234099"
"2012-02-24","24 Feb 2012","3.797237","1.447884","4.572494","1.847433","4.834689","0.577315","2.098944","2.671535","0.974352","3.217961"
"2012-02-27","27 Feb 2012","3.827586","1.017976","4.522216","1.486842","4.755123","0.382612","1.901947","2.682044","0.653410","3.274186"
"2012-02-28","28 Feb 2012","3.813193","0.962691","4.522476","1.416018","4.760213","0.364406","1.835848","2.638077","0.619893","3.246645"
"2012-02-29","29 Feb 2012","3.780345","0.856848","4.482643","1.321094","4.717892","0.315256","1.768140","2.601158","0.540001","3.215981"
"2012-03-01","01 Mar 2012","3.697662","0.751295","4.396708","1.200606","4.630725","0.274149","1.657825","2.511350","0.469141","3.132934"
"2012-03-02","02 Mar 2012","3.676649","0.757569","4.389405","1.191751","4.628130","0.280012","1.634930","2.478483","0.477435","3.103428"
"2012-03-05","05 Mar 2012","3.700408","0.795046","4.429371","1.222796","4.673670","0.297447","1.653877","2.488013","0.505913","3.117174"
"2012-03-06","06 Mar 2012","3.724025","0.810807","4.433684","1.280676","4.671668","0.288736","1.726963","2.548469","0.500309","3.158204"
"2012-03-07","07 Mar 2012","3.717664","0.801207","4.423953","1.268049","4.660723","0.286249","1.716123","2.542257","0.495139","3.153094"
"2012-03-08","08 Mar 2012","3.668014","0.792692","4.365776","1.251895","4.599691","0.283900","1.692806","2.507317","0.490639","3.110359"
"2012-03-09","09 Mar 2012","3.664431","0.809378","4.351913","1.270488","4.582335","0.290947","1.709621","2.517740","0.502362","3.114184"
"2012-03-12","12 Mar 2012","3.658937","0.723807","4.339213","1.136476","4.566590","0.282527","1.595422","2.473976","0.470354","3.101803"
"2012-03-13","13 Mar 2012","3.680706","0.756047","4.369057","1.166044","4.599187","0.296798","1.616935","2.488658","0.494027","3.118426"
"2012-03-14","14 Mar 2012","3.715897","0.769204","4.406268","1.205056","4.637177","0.291264","1.662813","2.528619","0.491567","3.154143"
"2012-03-15","15 Mar 2012","3.741798","0.767401","4.416638","1.223440","4.642269","0.285722","1.696926","2.570850","0.484683","3.190512"
"2012-03-16","16 Mar 2012","3.776158","0.785453","4.442824","1.262301","4.665721","0.286866","1.744679","2.617659","0.490277","3.231347"
"2012-03-19","19 Mar 2012","3.733241","0.787544","4.417916","1.255265","4.647086","0.284974","1.718386","2.567094","0.489644","3.179250"
"2012-03-20","20 Mar 2012","3.752870","0.800303","4.434403","1.269757","4.662467","0.291424","1.735207","2.587670","0.499612","3.200321"
"2012-03-21","21 Mar 2012","3.783171","0.811171","4.441791","1.282315","4.661931","0.302364","1.761508","2.632791","0.513172","3.243479"
"2012-03-22","22 Mar 2012","3.826817","0.851296","4.501277","1.317744","4.726780","0.321298","1.788546","2.657649","0.543828","3.275985"
"2012-03-23","23 Mar 2012","3.788252","0.858335","4.465284","1.308379","4.691689","0.328369","1.764509","2.620336","0.553549","3.236453"
"2012-03-26","26 Mar 2012","3.784696","0.842706","4.461662","1.287340","4.687991","0.324843","1.746748","2.611676","0.545636","3.231720"
"2012-03-27","27 Mar 2012","3.796086","0.861610","4.475726","1.308426","4.702991","0.331564","1.764081","2.622971","0.557758","3.241946"
"2012-03-28","28 Mar 2012","3.802645","0.897171","4.477590","1.354355","4.703364","0.341613","1.804113","2.644977","0.577755","3.254099"
"2012-03-29","29 Mar 2012","3.833101","0.981904","4.495842","1.442597","4.717541","0.378313","1.879928","2.698519","0.638539","3.294819"
"2012-03-30","30 Mar 2012","3.790332","0.964596","4.445343","1.437450","4.664559","0.362849","1.874190","2.676300","0.617888","3.260326"
"2012-04-02","02 Apr 2012","3.764837","0.942866","4.410474","1.399025","4.626384","0.362442","1.837655","2.652100","0.611589","3.238808"
"2012-04-03","03 Apr 2012","3.787736","0.947253","4.455662","1.404037","4.679177","0.361490","1.838046","2.651172","0.612089","3.246946"
"2012-04-04","04 Apr 2012","3.837086","1.042008","4.502339","1.492840","4.724955","0.406843","1.911006","2.707764","0.684684","3.298749"
"2012-04-05","05 Apr 2012","3.897199","1.120795","4.565830","1.568257","4.789578","0.444425","1.975891","2.764862","0.744860","3.356491"
"2012-04-10","10 Apr 2012","3.915961","1.268441","4.599363","1.731767","4.828680","0.494421","2.098051","2.810218","0.837112","3.375911"
"2012-04-11","11 Apr 2012","3.888543","1.387529","4.565408","1.792807","4.792345","0.568819","2.110924","2.790759","0.947431","3.351638"
"2012-04-12","12 Apr 2012","3.840366","1.296717","4.497299","1.688064","4.717204","0.539443","2.027113","2.744021","0.892147","3.311848"
"2012-04-13","13 Apr 2012","3.857450","1.419267","4.528274","1.790917","4.753044","0.596560","2.089701","2.762314","0.985240","3.323014"
"2012-04-16","16 Apr 2012","3.889563","1.458064","4.561500","1.840098","4.786720","0.609303","2.136190","2.799143","1.008796","3.355847"
"2012-04-17","17 Apr 2012","3.864987","1.400664","4.544349","1.811365","4.772332","0.569132","2.120357","2.778387","0.951498","3.330014"
"2012-04-18","18 Apr 2012","3.852152","1.417092","4.525309","1.815842","4.751124","0.581413","2.117307","2.771131","0.968820","3.320706"
"2012-04-19","19 Apr 2012","3.887236","1.403803","4.549858","1.776985","4.771694","0.594095","2.091089","2.788277","0.978012","3.355256"
"2012-04-20","20 Apr 2012","3.909265","1.431052","4.585150","1.840878","4.811827","0.585826","2.152277","2.819180","0.976777","3.374579"
"2012-04-23","23 Apr 2012","3.924910","1.432224","4.597264","1.855599","4.822784","0.581574","2.173752","2.841080","0.972408","3.393351"
"2012-04-24","24 Apr 2012","3.892692","1.401847","4.565011","1.772572","4.790141","0.593141","2.084357","2.782282","0.976660","3.354007"
"2012-04-25","25 Apr 2012","3.883982","1.290286","4.533447","1.630527","4.750450","0.572062","1.982303","2.759004","0.923431","3.351790"
"2012-04-26","26 Apr 2012","3.877069","1.335137","4.542758","1.673327","4.765354","0.584843","2.001088","2.746450","0.949702","3.336349"
"2012-04-27","27 Apr 2012","3.881499","1.382171","4.555267","1.770304","4.781007","0.575176","2.086920","2.777555","0.952669","3.344068"
"2012-04-30","30 Apr 2012","3.832795","1.224622","4.492333","1.608139","4.712961","0.514261","1.965079","2.716398","0.846359","3.298614"
"2012-05-02","02 May 2012","3.825802","1.256011","4.496157","1.633900","4.720540","0.526409","1.974441","2.705889","0.867921","3.286165"
"2012-05-03","03 May 2012","3.804862","1.243523","4.469870","1.597552","4.692314","0.533390","1.936351","2.680677","0.871833","3.266245"
"2012-05-04","04 May 2012","3.759326","1.167001","4.425434","1.547009","4.648372","0.485033","1.899747","2.641912","0.801046","3.222304"
"2012-05-07","07 May 2012","3.737704","1.165845","4.406788","1.538117","4.630758","0.485946","1.883728","2.619309","0.801955","3.199151"
"2012-05-08","08 May 2012","3.697777","1.124569","4.375250","1.496862","4.602135","0.464398","1.841706","2.573813","0.768787","3.154636"
"2012-05-09","09 May 2012","3.790834","1.271584","4.450638","1.682310","4.671776","0.514709","2.018450","2.710309","0.859948","3.265364"
"2012-05-10","10 May 2012","3.767973","1.251337","4.442441","1.590990","4.668150","0.538250","1.912496","2.639586","0.879633","3.224248"
"2012-05-11","11 May 2012","3.749227","1.275425","4.416339","1.618547","4.639646","0.545511","1.931564","2.639183","0.893777","3.212820"
"2012-05-14","14 May 2012","3.777853","1.442851","4.433354","1.792627","4.652995","0.612696","2.068296","2.711132","1.008890","3.256106"
"2012-05-15","15 May 2012","3.813282","1.454749","4.484222","1.802474","4.709080","0.618704","2.076876","2.725640","1.018416","3.280219"
"2012-05-16","16 May 2012","3.827552","1.493237","4.495520","1.861540","4.719565","0.625469","2.132240","2.758548","1.035671","3.300412"
"2012-05-17","17 May 2012","3.825159","1.608276","4.461364","1.947271","4.674520","0.691374","2.191619","2.793768","1.135127","3.319061"
"2012-05-18","18 May 2012","3.789351","1.577223","4.414891","1.921621","4.624455","0.675181","2.171410","2.772423","1.109866","3.291199"
"2012-05-21","21 May 2012","3.802598","1.566342","4.422859","1.922278","4.630623","0.667247","2.182114","2.790082","1.098379","3.307810"
"2012-05-22","22 May 2012","3.677414","1.604934","4.124413","1.983294","4.273735","0.977527","2.304474","2.892285","1.261535","3.309584"
"2012-05-23","23 May 2012","3.742308","1.538011","4.353428","1.877011","4.558058","0.661161","2.132179","2.738784","1.084666","3.253293"
"2012-05-24","24 May 2012","3.656692","1.552808","4.251611","1.850763","4.450710","0.683894","2.082516","2.672885","1.112784","3.178578"
"2012-05-25","25 May 2012","3.680872","1.583178","4.284460","1.891237","4.486577","0.690687","2.117158","2.694612","1.128162","3.198571"
"2012-05-28","28 May 2012","3.710857","1.655109","4.325486","1.976303","4.531550","0.712596","2.185248","2.730001","1.170566","3.225289"
"2012-05-29","29 May 2012","3.713280","1.687200","4.300088","1.992344","4.496561","0.739546","2.201815","2.754778","1.206738","3.244132"
"2012-05-30","30 May 2012","3.743935","1.861106","4.285671","2.128841","4.466823","0.841700","2.310569","2.839360","1.358940","3.305665"
"2012-05-31","31 May 2012","3.668290","1.866730","4.194354","2.098154","4.370193","0.860684","2.263573","2.782569","1.380334","3.240859"
"2012-06-01","01 Jun 2012","3.571233","1.869435","4.099559","2.107581","4.276364","0.845295","2.244615","2.709044","1.366475","3.147863"
"2012-06-04","04 Jun 2012","3.579596","1.830155","4.131307","2.048734","4.315918","0.836331","2.187896","2.676668","1.346874","3.136923"
"2012-06-05","05 Jun 2012","3.573276","1.822464","4.120591","2.032699","4.303673","0.838673","2.174173","2.670822","1.347075","3.132596"
"2012-06-06","06 Jun 2012","3.594460","1.767748","4.155628","1.985733","4.343334","0.812297","2.143935","2.666018","1.304806","3.142162"
"2012-06-07","07 Jun 2012","3.648196","1.705410","4.222480","1.916330","4.414441","0.796006","2.102366","2.679332","1.270340","3.181442"
"2012-06-08","08 Jun 2012","3.691386","1.742549","4.252712","1.982118","4.440349","0.802010","2.176046","2.744524","1.286057","3.235297"
"2012-06-11","11 Jun 2012","3.768836","1.836604","4.353819","2.121954","4.549703","0.814076","2.298971","2.820658","1.324587","3.302259"
"2012-06-12","12 Jun 2012","3.902982","1.993926","4.479952","2.279108","4.673067","0.890772","2.446189","2.962049","1.445889","3.441097"
"2012-06-13","13 Jun 2012","3.941588","2.042157","4.524553","2.335516","4.719751","0.907404","2.495766","2.999580","1.476209","3.476849"
"2012-06-14","14 Jun 2012","3.994377","2.105679","4.633427","2.323139","4.847399","0.965742","2.445876","2.966446","1.555137","3.485349"
"2012-06-15","15 Jun 2012","3.935116","2.075755","4.578593","2.287276","4.794131","0.950149","2.401330","2.908820","1.531446","3.424586"
"2012-06-18","18 Jun 2012","3.962602","2.102397","4.600257","2.366849","4.814089","0.936280","2.487878","2.966104","1.523898","3.461933"
"2012-06-19","19 Jun 2012","3.932525","2.101226","4.559348","2.335667","4.769365","0.951100","2.450754","2.938209","1.539035","3.436531"
"2012-06-20","20 Jun 2012","3.931086","1.983808","4.525489","2.255341","4.724412","0.893271","2.423893","2.958864","1.445854","3.454571"
"2012-06-21","21 Jun 2012","3.868112","1.888670","4.460786","2.144092","4.659029","0.859700","2.325303","2.885905","1.385348","3.390225"
"2012-06-22","22 Jun 2012","3.863116","1.813063","4.454879","2.065052","4.652703","0.833123","2.269218","2.866388","1.336836","3.382646"
"2012-06-25","25 Jun 2012","3.922945","1.935606","4.578380","2.209820","4.798141","0.858553","2.364854","2.889411","1.398187","3.406806"
"2012-06-26","26 Jun 2012","3.982918","2.033169","4.632729","2.292973","4.850505","0.911141","2.434256","2.952818","1.478914","3.469454"
"2012-06-27","27 Jun 2012","4.046181","2.155214","4.686969","2.387555","4.901578","0.981652","2.509017","3.021200","1.584816","3.537098"
"2012-06-28","28 Jun 2012","4.053149","2.134165","4.699042","2.347836","4.915252","0.983472","2.473777","3.008753","1.580938","3.537381"
"2012-06-29","29 Jun 2012","3.925915","1.894403","4.545969","2.069477","4.753154","0.909016","2.248088","2.872290","1.437643","3.419997"
"2012-07-02","02 Jul 2012","3.817571","1.662546","4.501185","1.923913","4.730259","0.742648","2.121529","2.720279","1.204584","3.275409"
"2012-07-03","03 Jul 2012","3.773229","1.634131","4.473829","1.885837","4.708749","0.729003","2.073098","2.662153","1.183403","3.220872"
"2012-07-04","04 Jul 2012","3.774879","1.627807","4.479239","1.882900","4.715460","0.724230","2.071432","2.660584","1.176762","3.220304"
"2012-07-05","05 Jul 2012","3.871066","1.705317","4.656295","1.983677","4.920642","0.738902","2.147656","2.698123","1.213581","3.270981"
"2012-07-06","06 Jul 2012","3.819411","1.727013","4.613558","1.976997","4.881008","0.755773","2.115161","2.643658","1.237733","3.214767"
"2012-07-09","09 Jul 2012","3.838512","1.764104","4.617282","2.073723","4.880191","0.747445","2.223434","2.715978","1.238128","3.254776"
"2012-07-10","10 Jul 2012","3.739315","1.649949","4.432551","1.994373","4.666018","0.689323","2.188176","2.701971","1.145824","3.210069"
"2012-07-11","11 Jul 2012","3.635211","1.586713","4.252892","1.939511","4.460380","0.662915","2.154552","2.675059","1.100682","3.154350"
"2012-07-12","12 Jul 2012","3.616336","1.504827","4.238146","1.890314","4.447263","0.612613","2.129274","2.658581","1.025976","3.135504"
"2012-07-13","13 Jul 2012","3.619727","1.473284","4.245583","1.877635","4.456233","0.590977","2.128877","2.662145","0.994728","3.138015"
"2012-07-16","16 Jul 2012","3.680539","1.531048","4.382723","1.937013","4.620263","0.609360","2.164082","2.668393","1.029940","3.157491"
"2012-07-17","17 Jul 2012","3.585550","1.478645","4.228609","1.883514","4.445559","0.588709","2.121469","2.629185","0.994164","3.098273"
"2012-07-18","18 Jul 2012","3.698500","1.570908","4.395829","1.946127","4.631127","0.640298","2.159188","2.671833","1.073258","3.171870"
"2012-07-19","19 Jul 2012","3.686198","1.601615","4.434568","1.949145","4.687696","0.658523","2.130609","2.618869","1.101465","3.130216"
"2012-07-20","20 Jul 2012","3.695505","1.731558","4.424931","2.121826","4.672765","0.696954","2.287035","2.704021","1.175694","3.168066"
"2012-07-23","23 Jul 2012","3.766902","1.900918","4.495997","2.282852","4.743756","0.774186","2.413789","2.789667","1.301719","3.242193"
"2012-07-24","24 Jul 2012","3.861783","2.050537","4.598660","2.472899","4.850171","0.824370","2.592000","2.918635","1.393375","3.344922"
"2012-07-25","25 Jul 2012","3.875262","2.121781","4.574323","2.523421","4.811944","0.866041","2.628602","2.952685","1.456048","3.374979"
"2012-07-26","26 Jul 2012","3.717045","1.925021","4.459860","2.226834","4.711385","0.813159","2.316289","2.695727","1.350374","3.172849"
"2012-07-27","27 Jul 2012","3.725176","1.739886","4.457075","2.027098","4.703738","0.745688","2.168735","2.650699","1.230062","3.170648"
"2012-07-30","30 Jul 2012","3.671178","1.698693","4.302333","2.005520","4.514233","0.730636","2.184042","2.690344","1.201906","3.178803"
"2012-07-31","31 Jul 2012","3.671678","1.634977","4.369757","1.973638","4.605169","0.680629","2.154738","2.645054","1.133197","3.143658"
"2012-08-01","01 Aug 2012","3.620494","1.604280","4.254574","1.944657","4.467755","0.672250","2.143621","2.649201","1.115615","3.130373"
"2012-08-02","02 Aug 2012","3.612932","1.601293","4.345917","1.934862","4.593840","0.661511","2.102478","2.570427","1.104868","3.068822"
"2012-08-03","03 Aug 2012","3.675466","1.392108","4.416650","1.735892","4.666359","0.574362","1.973358","2.558854","0.957215","3.109149"
"2012-08-06","06 Aug 2012","3.588102","1.200648","4.244865","1.523285","4.464786","0.513708","1.820670","2.502680","0.841508","3.061769"
"2012-08-07","07 Aug 2012","3.615598","1.253483","4.285005","1.558238","4.509186","0.543721","1.839309","2.514754","0.887244","3.080077"
"2012-08-08","08 Aug 2012","3.592847","1.361411","4.277257","1.685408","4.507157","0.572618","1.927323","2.522624","0.947035","3.059071"
"2012-08-09","09 Aug 2012","3.576667","1.366878","4.254741","1.684064","4.482453","0.577744","1.921704","2.513361","0.953921","3.046913"
"2012-08-10","10 Aug 2012","3.582723","1.446796","4.270365","1.743576","4.501406","0.618542","1.952847","2.517647","1.018367","3.048283"
"2012-08-13","13 Aug 2012","3.607289","1.443438","4.284014","1.769708","4.511452","0.606815","1.994540","2.559980","1.004673","3.082021"
"2012-08-14","14 Aug 2012","3.606011","1.430078","4.278274","1.764336","4.504210","0.598250","1.995668","2.563997","0.992002","3.083966"
"2012-08-15","15 Aug 2012","3.630513","1.368898","4.278353","1.712344","4.495620","0.575101","1.976767","2.590674","0.950659","3.118599"
"2012-08-16","16 Aug 2012","3.605290","1.361240","4.256926","1.720036","4.475734","0.561997","1.982210","2.576928","0.935065","3.095134"
"2012-08-17","17 Aug 2012","3.654172","1.252137","4.346387","1.581828","4.578490","0.529796","1.867264","2.536906","0.872425","3.105911"
"2012-08-20","20 Aug 2012","3.624547","1.207378","4.327299","1.544520","4.563113","0.504166","1.833576","2.501224","0.833914","3.071016"
"2012-08-21","21 Aug 2012","3.615551","1.207569","4.325073","1.541590","4.563247","0.503986","1.825706","2.487935","0.833967","3.058330"
"2012-08-22","22 Aug 2012","3.574720","1.163563","4.261016","1.525440","4.491451","0.473523","1.825984","2.482941","0.789983","3.036105"
"2012-08-23","23 Aug 2012","3.554018","1.218836","4.230933","1.571008","4.458261","0.500148","1.852586","2.483230","0.832781","3.023956"
"2012-08-24","24 Aug 2012","3.538859","1.221903","4.213972","1.567561","4.440679","0.503552","1.844283","2.470812","0.837285","3.010059"
"2012-08-27","27 Aug 2012","3.535898","1.153271","4.211481","1.516643","4.438346","0.467327","1.815387","2.462308","0.780814","3.006076"
"2012-08-28","28 Aug 2012","3.555424","1.128686","4.236670","1.515824","4.465627","0.447135","1.828767","2.480487","0.752841","3.023754"
"2012-08-29","29 Aug 2012","3.613264","1.061281","4.207537","1.469195","4.406203","0.430381","1.850665","2.587503","0.714867","3.128117"
"2012-08-30","30 Aug 2012","3.632703","1.070655","4.231700","1.482770","4.431973","0.432605","1.864655","2.601747","0.719688","3.144376"
"2012-08-31","31 Aug 2012","3.638646","1.063840","4.285449","1.444197","4.501886","0.436971","1.805928","2.547010","0.723497","3.115948"
"2012-09-03","03 Sep 2012","3.672079","1.013103","4.291654","1.412043","4.498706","0.417164","1.811618","2.594387","0.687930","3.164410"
"2012-09-04","04 Sep 2012","3.770473","0.967862","4.394761","1.309146","4.603069","0.449301","1.749298","2.637042","0.706505","3.249082"
"2012-09-05","05 Sep 2012","3.720430","0.961842","4.341058","1.287092","4.548145","0.451591","1.716567","2.594314","0.707590","3.202158"
"2012-09-06","06 Sep 2012","3.580532","0.987002","4.239579","1.309829","4.459896","0.429705","1.669250","2.448681","0.695718","3.043054"
"2012-09-07","07 Sep 2012","3.563983","0.941236","4.219042","1.216780","4.437800","0.439688","1.586079","2.411070","0.693123","3.023556"
"2012-09-10","10 Sep 2012","3.587568","0.979774","4.237174","1.251341","4.454085","0.461232","1.617766","2.440964","0.725577","3.050902"
"2012-09-11","11 Sep 2012","3.613646","0.905837","4.377768","1.270471","4.634377","0.360076","1.627586","2.390421","0.602781","3.013161"
"2012-09-12","12 Sep 2012","3.430360","0.937213","4.126437","1.211931","4.359441","0.412592","1.527369","2.269932","0.666707","2.870363"
"2012-09-13","13 Sep 2012","3.489920","0.943446","4.182505","1.234177","4.414258","0.413114","1.565834","2.326220","0.668303","2.930742"
"2012-09-14","14 Sep 2012","3.487963","0.978147","4.127241","1.294404","4.340966","0.424767","1.640767","2.392198","0.688579","2.967065"
"2012-09-17","17 Sep 2012","3.587900","1.002129","4.252969","1.352848","4.475503","0.419731","1.709522","2.465273","0.689616","3.050223"
"2012-09-18","18 Sep 2012","3.504430","0.975061","4.145973","1.316750","4.360557","0.410847","1.669586","2.413742","0.673193","2.983970"
"2012-09-19","19 Sep 2012","3.421919","0.958472","4.086264","1.294963","4.308868","0.394843","1.622886","2.327854","0.653233","2.891445"
"2012-09-20","20 Sep 2012","3.420835","0.976067","4.075472","1.307354","4.294730","0.406048","1.632738","2.336201","0.669539","2.896369"
"2012-09-21","21 Sep 2012","3.408852","0.962013","4.060503","1.317077","4.278936","0.388223","1.648538","2.339947","0.647064","2.889856"
"2012-09-24","24 Sep 2012","3.396125","0.951476","4.045153","1.301055","4.262649","0.386079","1.632671","2.327344","0.642048","2.878127"
"2012-09-25","25 Sep 2012","3.401615","1.019463","4.051631","1.361735","4.269566","0.417051","1.673433","2.342482","0.692802","2.885316"
"2012-09-26","26 Sep 2012","3.438073","1.081434","4.065607","1.425108","4.275812","0.447981","1.735780","2.401947","0.741173","2.936043"
"2012-09-27","27 Sep 2012","3.431949","1.118469","4.048528","1.427573","4.254839","0.482085","1.725890","2.397437","0.786655","2.934252"
"2012-09-28","28 Sep 2012","3.405678","1.109504","4.026129","1.413263","4.233788","0.477989","1.705466","2.369996","0.780290","2.906067"
"2012-10-01","01 Oct 2012","3.402031","1.085209","4.051034","1.378711","4.268391","0.467652","1.664424","2.332228","0.763590","2.882607"
"2012-10-02","02 Oct 2012","3.379490","1.030572","4.038123","1.330858","4.258791","0.438817","1.624467","2.298972","0.719039","2.853881"
"2012-10-03","03 Oct 2012","3.380667","1.068529","4.042555","1.348982","4.264282","0.463326","1.627677","2.295260","0.755028","2.852194"
"2012-10-04","04 Oct 2012","3.380877","1.067127","4.044424","1.354208","4.266769","0.459135","1.633659","2.297271","0.750289","2.852276"
"2012-10-05","05 Oct 2012","3.374779","1.060713","4.080145","1.326079","4.316771","0.459577","1.587273","2.245842","0.749925","2.818356"
"2012-10-08","08 Oct 2012","3.363137","1.045756","4.070986","1.337727","4.308758","0.439703","1.604616","2.248030","0.725067","2.809875"
"2012-10-09","09 Oct 2012","3.369965","1.111212","4.071762","1.374183","4.307290","0.481125","1.620624","2.255954","0.786072","2.818474"
"2012-10-10","10 Oct 2012","3.343307","1.073055","4.044541","1.369716","4.280247","0.448075","1.627717","2.248929","0.741165","2.797918"
"2012-10-11","11 Oct 2012","3.339980","1.051170","4.042569","1.363689","4.278899","0.431632","1.630086","2.250396","0.717974","2.795827"
"2012-10-12","12 Oct 2012","3.247633","1.008770","3.903663","1.296505","4.123753","0.425718","1.564831","2.194806","0.700474","2.729911"
"2012-10-15","15 Oct 2012","3.245187","1.017998","3.905120","1.303893","4.126585","0.429497","1.567362","2.191238","0.707006","2.725645"
"2012-10-16","16 Oct 2012","3.302575","0.996618","4.030712","1.315818","4.276184","0.401117","1.583975","2.198544","0.671799","2.746180"
"2012-10-17","17 Oct 2012","3.291902","0.976881","4.016691","1.241798","4.260177","0.416786","1.501772","2.152396","0.683451","2.725882"
"2012-10-18","18 Oct 2012","3.252573","1.045738","4.054787","1.298889","4.325950","0.438631","1.507215","2.083647","0.725983","2.651365"
"2012-10-19","19 Oct 2012","3.226282","1.051366","4.024484","1.301053","4.294375","0.441285","1.502906","2.068008","0.730391","2.629357"
"2012-10-22","22 Oct 2012","3.222742","1.074828","4.020381","1.350241","4.290818","0.440464","1.552856","2.092374","0.735444","2.634862"
"2012-10-23","23 Oct 2012","3.243714","1.110514","4.049581","1.397389","4.323296","0.451167","1.596099","2.120033","0.755993","2.655438"
"2012-10-24","24 Oct 2012","3.256102","1.126853","4.054208","1.424702","4.325384","0.454893","1.626517","2.145735","0.763993","2.674428"
"2012-10-25","25 Oct 2012","3.265237","1.140767","4.056298","1.426300","4.324574","0.466499","1.623759","2.149349","0.779984","2.683465"
"2012-10-26","26 Oct 2012","3.244808","1.168832","4.061612","1.402652","4.338241","0.495570","1.567470","2.088349","0.818969","2.641215"
"2012-10-29","29 Oct 2012","3.264682","1.172022","4.034586","1.416551","4.294563","0.498148","1.599201","2.139515","0.821877","2.685548"
"2012-10-30","30 Oct 2012","3.265390","1.147718","4.019980","1.402970","4.274606","0.485278","1.599232","2.151171","0.801606","2.694861"
"2012-10-31","31 Oct 2012","3.234789","1.121712","4.021547","1.378802","4.287774","0.468822","1.568332","2.105147","0.777819","2.649594"
"2012-11-01","01 Nov 2012","3.217791","1.098967","4.003637","1.330431","4.269047","0.469201","1.516050","2.069596","0.772529","2.626995"
"2012-11-02","02 Nov 2012","3.221897","1.107864","4.006119","1.337756","4.270934","0.473931","1.521788","2.074574","0.779850","2.631786"
"2012-11-05","05 Nov 2012","3.276492","1.076578","4.051588","1.326835","4.313017","0.456700","1.537827","2.122820","0.752833","2.688252"
"2012-11-06","06 Nov 2012","3.231326","1.087627","4.019333","1.310510","4.285214","0.468773","1.499092","2.068019","0.769103","2.635364"
"2012-11-07","07 Nov 2012","3.207061","1.051415","3.989171","1.287858","4.253212","0.447302","1.486545","2.055903","0.736814","2.617080"
"2012-11-08","08 Nov 2012","3.240570","1.052702","3.994608","1.299328","4.248666","0.448595","1.514601","2.104174","0.737940","2.664374"
"2012-11-09","09 Nov 2012","3.226491","1.069479","3.972017","1.292295","4.223507","0.470471","1.503484","2.098791","0.764943","2.657054"
"2012-11-12","12 Nov 2012","3.220530","1.050468","4.012943","1.331939","4.281531","0.428264","1.543613","2.092053","0.716034","2.635186"
"2012-11-13","13 Nov 2012","3.223580","1.040439","3.981481","1.310712","4.237382","0.432008","1.530869","2.103821","0.717133","2.651454"
"2012-11-14","14 Nov 2012","3.220955","1.029615","3.999477","1.298496","4.263908","0.430829","1.523478","2.098733","0.712593","2.644622"
"2012-11-15","15 Nov 2012","3.227881","1.080179","4.000761","1.309202","4.261382","0.464532","1.504823","2.078085","0.762455","2.640998"
"2012-11-16","16 Nov 2012","3.212632","1.048594","3.995709","1.296244","4.260254","0.441670","1.499497","2.066323","0.730004","2.624027"
"2012-11-19","19 Nov 2012","3.217184","1.082126","3.993496","1.319815","4.255564","0.460601","1.514027","2.075350","0.758847","2.631608"
"2012-11-20","20 Nov 2012","3.244497","1.067455","4.012092","1.307968","4.270875","0.455993","1.514699","2.097326","0.749836","2.660461"
"2012-11-21","21 Nov 2012","3.235846","1.064256","4.007270","1.301957","4.267403","0.454928","1.506068","2.086223","0.747980","2.649790"
"2012-11-22","22 Nov 2012","3.218914","1.022657","3.997223","1.265646","4.259824","0.433824","1.477171","2.063247","0.714825","2.629235"
"2012-11-23","23 Nov 2012","3.203809","0.977330","3.994628","1.229658","4.261763","0.409106","1.449702","2.040052","0.676873","2.608256"
"2012-11-26","26 Nov 2012","3.182931","0.679824","4.001704","1.095101","4.284562","0.222574","1.443448","2.077324","0.399246","2.609463"
"2012-11-27","27 Nov 2012","3.170796","0.683497","3.969327","1.090804","4.243843","0.226996","1.435342","2.070466","0.405018","2.603100"
"2012-11-28","28 Nov 2012","3.092471","0.646050","3.871175","1.003905","4.136346","0.226255","1.328472","1.972883","0.395393","2.521011"
"2012-11-29","29 Nov 2012","3.082859","0.661279","3.844600","1.002406","4.103020","0.239290","1.318345","1.964558","0.413377","2.515521"
"2012-11-30","30 Nov 2012","3.065502","0.679536","3.823621","1.028517","4.081352","0.243516","1.340407","1.968264","0.422560","2.506082"
"2012-12-03","03 Dec 2012","3.049695","0.644950","3.799347","1.000183","4.054177","0.226664","1.322352","1.958887","0.395557","2.495360"
"2012-12-04","04 Dec 2012","3.046083","0.658568","3.803356","1.004773","4.060789","0.235020","1.318071","1.948533","0.408160","2.486949"
"2012-12-05","05 Dec 2012","3.042634","0.660794","3.804714","1.020859","4.064649","0.230630","1.337589","1.958032","0.403908","2.487133"
"2012-12-06","06 Dec 2012","3.084888","0.693291","3.844438","1.048926","4.102796","0.247562","1.362614","1.989198","0.430301","2.525680"
"2012-12-07","07 Dec 2012","3.081644","0.698223","3.868289","1.062282","4.137345","0.245129","1.373004","1.984252","0.429007","2.515222"
"2012-12-10","10 Dec 2012","3.156215","0.748432","3.910553","1.120432","4.167019","0.267889","1.438420","2.065194","0.465800","2.599873"
"2012-12-11","11 Dec 2012","3.154347","0.734895","3.899842","1.107376","4.152986","0.262524","1.430389","2.065089","0.456520","2.601169"
"2012-12-12","12 Dec 2012","3.132213","0.685272","3.854291","1.047450","4.098457","0.246336","1.380821","2.041056","0.426429","2.585253"
"2012-12-13","13 Dec 2012","3.119512","0.692986","3.832834","1.059887","4.074135","0.247772","1.392426","2.044122","0.429901","2.580108"
"2012-12-14","14 Dec 2012","3.054967","0.706661","3.765839","1.075124","4.007153","0.250163","1.394213","2.011237","0.436202","2.526267"
"2012-12-17","17 Dec 2012","3.073317","0.694436","3.790731","1.080004","4.034851","0.239250","1.410454","2.031265","0.421163","2.544271"
"2012-12-18","18 Dec 2012","3.063084","0.668846","3.779694","1.018870","4.022152","0.241301","1.341654","1.986392","0.417155","2.522018"
"2012-12-19","19 Dec 2012","3.046908","0.663779","3.768412","0.995701","4.012267","0.245051","1.310062","1.957180","0.420110","2.499835"
"2012-12-20","20 Dec 2012","3.018097","0.681748","3.731133","0.993267","3.971786","0.259828","1.293365","1.932633","0.440743","2.474155"
"2012-12-21","21 Dec 2012","3.032291","0.673345","3.747929","0.995931","3.989613","0.252437","1.303560","1.946492","0.430558","2.487826"
"2012-12-24","24 Dec 2012","3.035842","0.787712","3.752397","1.044490","3.993602","0.327055","1.303932","1.930456","0.540158","2.482915"
"2012-12-27","27 Dec 2012","3.024140","0.883959","3.736910","1.116318","3.976854","0.376743","1.342229","1.933514","0.618267","2.475547"
"2012-12-28","28 Dec 2012","3.006845","0.913860","3.712136","1.123451","3.949339","0.398811","1.334591","1.919622","0.649615","2.461183"
"2012-12-31","31 Dec 2012","3.006870","0.915894","3.711148","1.122185","3.947962","0.401266","1.332375","1.918763","0.652746","2.461257"
"2013-01-02","02 Jan 2013","3.032027","0.782952","3.712692","1.026842","3.941146","0.335313","1.295005","1.943825","0.547189","2.496232"
"2013-01-03","03 Jan 2013","3.060109","0.803773","3.774468","1.033166","4.014470","0.347932","1.288088","1.935044","0.566386","2.502024"
"2013-01-04","04 Jan 2013","3.088749","0.666860","3.803335","0.982703","4.044013","0.255778","1.301146","1.976874","0.432169","2.536794"
"2013-01-07","07 Jan 2013","3.088736","0.726740","3.798892","1.030039","4.038032","0.286151","1.330174","1.986616","0.480123","2.540342"
"2013-01-08","08 Jan 2013","3.066450","0.683144","3.768055","0.974422","4.003938","0.273062","1.281441","1.957761","0.454881","2.519096"
"2013-01-09","09 Jan 2013","3.067204","0.643016","3.785162","0.946146","4.026851","0.249715","1.262616","1.945053","0.419722","2.511049"
"2013-01-10","10 Jan 2013","3.038690","0.596745","3.819735","0.853712","4.082994","0.242006","1.148439","1.840266","0.400557","2.439146"
"2013-01-11","11 Jan 2013","3.031013","0.601352","3.812339","0.883038","4.076337","0.233379","1.182088","1.855217","0.392444","2.438728"
"2013-01-14","14 Jan 2013","3.068267","0.627474","3.798826","0.915865","4.044651","0.248349","1.229632","1.923011","0.414421","2.501109"
"2013-01-15","15 Jan 2013","3.045716","0.634792","3.792007","0.913837","4.043426","0.252254","1.214466","1.893036","0.420850","2.470947"
"2013-01-16","16 Jan 2013","3.057321","0.660900","3.812580","0.926713","4.066987","0.268398","1.216823","1.892486","0.444935","2.475660"
"2013-01-17","17 Jan 2013","3.085752","0.686019","3.853285","0.965489","4.112236","0.273460","1.254823","1.920015","0.456775","2.500012"
"2013-01-18","18 Jan 2013","3.085095","0.678116","3.787934","0.978300","4.024254","0.268164","1.292247","1.974168","0.448229","2.536905"
"2013-01-21","21 Jan 2013","3.078566","0.675892","3.798189","0.984795","4.040644","0.261304","1.295669","1.964363","0.440554","2.524072"
"2013-01-22","22 Jan 2013","3.067223","0.667629","3.781130","0.984031","4.021744","0.254688","1.298442","1.963866","0.431315","2.517980"
"2013-01-23","23 Jan 2013","3.073843","0.663683","3.782516","0.974108","4.021085","0.256482","1.290639","1.966129","0.432134","2.524918"
"2013-01-24","24 Jan 2013","3.072618","0.678586","3.802071","0.974469","4.047831","0.266536","1.277443","1.945461","0.447037","2.510845"
"2013-01-25","25 Jan 2013","3.092249","0.706691","3.790262","1.017483","4.025119","0.276248","1.328967","1.996917","0.464152","2.550125"
"2013-01-28","28 Jan 2013","3.141056","0.742552","3.832184","1.070705","4.064725","0.287264","1.388378","2.055451","0.484790","2.604142"
"2013-01-29","29 Jan 2013","3.100525","0.724211","3.813368","1.042034","4.053641","0.279421","1.348276","2.002472","0.472189","2.552794"
"2013-01-30","30 Jan 2013","3.132597","0.745200","3.836301","1.078011","4.073467","0.284568","1.391176","2.045801","0.482782","2.591305"
"2013-01-31","31 Jan 2013","3.147344","0.794877","3.832671","1.124616","4.063364","0.309058","1.431273","2.078314","0.521524","2.616776"
"2013-02-01","01 Feb 2013","3.117179","0.773547","3.821279","1.093461","4.058580","0.300694","1.392436","2.033617","0.507495","2.576186"
"2013-02-04","04 Feb 2013","3.202930","0.787084","3.862454","1.151153","4.084195","0.297396","1.486704","2.154304","0.506291","2.687587"
"2013-02-05","05 Feb 2013","3.198647","0.750320","3.884126","1.119301","4.115033","0.277206","1.458270","2.128353","0.475522","2.668884"
"2013-02-06","06 Feb 2013","3.213075","0.769019","3.909512","1.136824","4.144286","0.285170","1.470446","2.135070","0.488917","2.677380"
"2013-02-07","07 Feb 2013","3.182011","0.768528","3.915382","1.114022","4.163175","0.289057","1.426670","2.075646","0.493588","2.625759"
"2013-02-08","08 Feb 2013","3.148779","0.778811","3.886616","1.131555","4.136631","0.288524","1.436928","2.061120","0.495802","2.597118"
"2013-02-11","11 Feb 2013","3.192982","0.757485","3.919149","1.126301","4.164791","0.276437","1.452731","2.102465","0.476965","2.644552"
"2013-02-12","12 Feb 2013","3.164544","0.731063","3.895934","1.111212","4.144017","0.259463","1.442431","2.084391","0.452049","2.618566"
"2013-02-13","13 Feb 2013","3.107078","0.743413","3.919081","1.075348","4.196039","0.274963","1.361405","1.969268","0.473008","2.518439"
"2013-02-14","14 Feb 2013","3.111402","0.726166","3.901815","1.034770","4.169756","0.277955","1.321803","1.957217","0.471844","2.522743"
"2013-02-15","15 Feb 2013","3.101975","0.714098","3.885760","1.031625","4.151593","0.269568","1.324553","1.959183","0.459673","2.519237"
"2013-02-18","18 Feb 2013","3.094351","0.724762","3.898897","1.054406","4.173039","0.267922","1.343735","1.957910","0.460696","2.508312"
"2013-02-19","19 Feb 2013","3.083489","0.719732","3.892115","1.047397","4.167820","0.265865","1.334818","1.946198","0.457280","2.496077"
"2013-02-20","20 Feb 2013","3.106728","0.732998","3.908724","1.077157","4.182422","0.266795","1.372307","1.982436","0.461391","2.525878"
"2013-02-21","21 Feb 2013","3.130759","0.746913","3.883481","1.082170","4.138431","0.280107","1.384016","2.018411","0.478896","2.566867"
"2013-02-22","22 Feb 2013","3.108418","0.723665","3.875026","1.034924","4.134439","0.277643","1.328254","1.970468","0.470652","2.531982"
"2013-02-25","25 Feb 2013","3.046498","0.695968","3.879497","0.998508","4.163629","0.262153","1.272428","1.882365","0.447722","2.443105"
"2013-02-26","26 Feb 2013","3.185759","0.863741","3.902053","1.198752","4.143917","0.334366","1.487717","2.106145","0.566510","2.641744"
"2013-02-27","27 Feb 2013","3.176953","0.830949","3.899002","1.178569","4.143146","0.314764","1.477010","2.097948","0.537103","2.631975"
"2013-02-28","28 Feb 2013","3.136931","0.768302","3.873137","1.096915","4.121946","0.293119","1.395638","2.031959","0.498222","2.579762"
"2013-03-01","01 Mar 2013","3.173043","0.751710","3.876599","1.055286","4.112993","0.302438","1.367708","2.054333","0.503351","2.622106"
"2013-03-04","04 Mar 2013","3.135119","0.742613","3.843464","1.052450","4.081830","0.292910","1.359640","2.027354","0.491133","2.585762"
"2013-03-05","05 Mar 2013","3.138197","0.736200","3.835103","1.082479","4.070031","0.276255","1.404554","2.061265","0.471406","2.602376"
"2013-03-06","06 Mar 2013","3.122272","0.699354","3.841382","0.998777","4.083288","0.277689","1.309661","1.993095","0.463894","2.563293"
"2013-03-07","07 Mar 2013","3.123172","0.715708","3.838420","1.007102","4.078900","0.288401","1.312897","1.995128","0.479528","2.565567"
"2013-03-08","08 Mar 2013","3.102148","0.722043","3.817311","1.022897","4.058070","0.285550","1.324995","1.989256","0.478249","2.548994"
"2013-03-11","11 Mar 2013","3.107700","0.734256","3.832079","1.041756","4.076252","0.287139","1.340929","1.994994","0.483167","2.551653"
"2013-03-12","12 Mar 2013","3.087407","0.713164","3.813319","1.021156","4.058107","0.276934","1.321852","1.975514","0.466929","2.531274"
"2013-03-13","13 Mar 2013","3.098490","0.738075","3.830024","1.047385","4.076883","0.286765","1.342481","1.986949","0.483875","2.540522"
"2013-03-14","14 Mar 2013","3.093084","0.733819","3.826144","1.044569","4.073606","0.283985","1.339830","1.982481","0.479838","2.534990"
"2013-03-15","15 Mar 2013","3.098136","0.708781","3.819230","1.037158","4.062629","0.267830","1.348026","1.999660","0.455856","2.548069"
"2013-03-18","18 Mar 2013","3.092775","0.713528","3.820259","1.037659","4.065928","0.270663","1.343512","1.990427","0.460224","2.539416"
"2013-03-19","19 Mar 2013","3.072580","0.730034","3.788035","1.052001","4.029590","0.278341","1.351936","1.987526","0.472695","2.527939"
"2013-03-20","20 Mar 2013","3.067889","0.723932","3.798119","1.039959","4.044859","0.276679","1.335418","1.969460","0.469541","2.514558"
"2013-03-21","21 Mar 2013","3.038983","0.733370","3.751169","1.028713","3.991272","0.289082","1.314719","1.948655","0.485311","2.493106"
"2013-03-22","22 Mar 2013","3.040619","0.731006","3.738325","1.028721","3.973299","0.288686","1.320110","1.960087","0.484089","2.502369"
"2013-03-25","25 Mar 2013","3.068288","0.723097","3.750147","1.048079","3.979759","0.277192","1.358318","2.005973","0.469322","2.541162"
"2013-03-26","26 Mar 2013","3.091522","0.699508","3.770732","1.005024","3.998863","0.277843","1.322580","2.003939","0.463730","2.557949"
"2013-03-27","27 Mar 2013","3.114897","0.732198","3.764369","1.047502","3.982218","0.292353","1.372366","2.056032","0.487067","2.599720"
"2013-03-28","28 Mar 2013","3.134433","0.734089","3.771903","1.042051","3.985444","0.300146","1.373758","2.075358","0.495412","2.623621"
"2013-04-02","02 Apr 2013","3.157594","0.699276","3.815299","0.994516","4.035557","0.291089","1.332385","2.060506","0.476766","2.629387"
"2013-04-03","03 Apr 2013","3.130258","0.592246","3.791359","0.899261","4.012709","0.239790","1.262400","2.019556","0.394446","2.597869"
"2013-04-04","04 Apr 2013","3.066257","0.561567","3.758697","0.867923","3.991120","0.217958","1.214667","1.942872","0.364305","2.519021"
"2013-04-05","05 Apr 2013","2.969456","0.540372","3.636422","0.841497","3.860286","0.208292","1.180328","1.886093","0.348776","2.442110"
"2013-04-08","08 Apr 2013","2.899383","0.535311","3.558698","0.839373","3.780298","0.201192","1.167995","1.844635","0.340251","2.382677"
"2013-04-09","09 Apr 2013","2.930627","0.543719","3.579727","0.860441","3.797762","0.202295","1.199041","1.883319","0.343251","2.419693"
"2013-04-10","10 Apr 2013","2.996667","0.530108","3.646049","0.847504","3.863793","0.201029","1.203958","1.925276","0.337876","2.479181"
"2013-04-11","11 Apr 2013","2.951570","0.540806","3.612902","0.883043","3.835576","0.190219","1.229816","1.906563","0.329547","2.437858"
"2013-04-12","12 Apr 2013","2.945714","0.550184","3.620767","0.883625","3.848258","0.196102","1.220923","1.890269","0.338475","2.424283"
"2013-04-15","15 Apr 2013","2.912557","0.543311","3.576309","0.875427","3.799961","0.193020","1.210714","1.872916","0.333469","2.399393"
"2013-04-16","16 Apr 2013","2.854730","0.512731","3.504748","0.871183","3.724565","0.168263","1.215618","1.857459","0.299051","2.359829"
"2013-04-17","17 Apr 2013","2.802404","0.493379","3.469021","0.856077","3.695864","0.155622","1.195854","1.816849","0.280756","2.307453"
"2013-04-18","18 Apr 2013","2.811661","0.497608","3.456457","0.842675","3.674329","0.165423","1.180194","1.818029","0.292368","2.319108"
"2013-04-19","19 Apr 2013","2.818334","0.495983","3.459394","0.843572","3.675897","0.164363","1.184291","1.825867","0.290739","2.327324"
"2013-04-22","22 Apr 2013","2.826996","0.454835","3.490146","0.759037","3.713257","0.163288","1.094182","1.773081","0.279383","2.309794"
"2013-04-23","23 Apr 2013","2.715841","0.426588","3.428834","0.716973","3.670597","0.147487","1.024294","1.655799","0.256225","2.181766"
"2013-04-24","24 Apr 2013","2.778379","0.435484","3.423268","0.732212","3.640017","0.157504","1.065987","1.742395","0.268280","2.272301"
"2013-04-25","25 Apr 2013","2.830936","0.469802","3.457048","0.759701","3.666947","0.180510","1.099167","1.795688","0.301097","2.331326"
"2013-04-26","26 Apr 2013","2.795725","0.482311","3.448486","0.761739","3.667818","0.184378","1.079803","1.749011","0.309157","2.283309"
"2013-04-29","29 Apr 2013","2.753772","0.423154","3.399292","0.669015","3.615677","0.173709","0.989941","1.689262","0.282513","2.238845"
"2013-04-30","30 Apr 2013","2.695615","0.406475","3.400306","0.616977","3.637201","0.171032","0.904301","1.580095","0.276670","2.145294"
"2013-05-02","02 May 2013","2.667548","0.397106","3.374289","0.622437","3.612316","0.158888","0.909882","1.568078","0.261432","2.121506"
"2013-05-03","03 May 2013","2.639553","0.364613","3.362689","0.597288","3.606831","0.139454","0.886283","1.536863","0.232529","2.087871"
"2013-05-06","06 May 2013","2.685054","0.410368","3.389259","0.661912","3.626870","0.154838","0.957159","1.604364","0.260285","2.145955"
"2013-05-07","07 May 2013","2.680288","0.387296","3.401344","0.639747","3.644989","0.143298","0.936702","1.585960","0.242153","2.132174"
"2013-05-08","08 May 2013","2.673753","0.406692","3.394991","0.662968","3.638997","0.149555","0.954886","1.590393","0.253847","2.128933"
"2013-05-09","09 May 2013","2.719910","0.409475","3.433329","0.655535","3.673817","0.157740","0.953698","1.616700","0.263101","2.171063"
"2013-05-10","10 May 2013","2.781151","0.420643","3.501086","0.665755","3.743459","0.165592","0.970736","1.654778","0.274120","2.223319"
"2013-05-13","13 May 2013","2.779444","0.426246","3.484952","0.681197","3.722417","0.165126","0.990707","1.671501","0.274881","2.231841"
"2013-05-14","14 May 2013","2.797040","0.419133","3.481471","0.678470","3.711405","0.163748","1.000357","1.698386","0.271172","2.259271"
"2013-05-15","15 May 2013","2.840230","0.466121","3.539236","0.737113","3.774429","0.179031","1.053641","1.737814","0.299582","2.296448"
"2013-05-16","16 May 2013","2.753849","0.417601","3.503061","0.680229","3.756653","0.153395","0.979437","1.633063","0.260594","2.189275"
"2013-05-17","17 May 2013","2.730365","0.396095","3.486289","0.648874","3.742156","0.146629","0.944966","1.600509","0.248042","2.160901"
"2013-05-20","20 May 2013","2.729569","0.397816","3.488028","0.630180","3.744248","0.155031","0.918556","1.582222","0.257652","2.153273"
"2013-05-21","21 May 2013","2.776383","0.433479","3.531970","0.683095","3.787351","0.165620","0.976483","1.637160","0.277822","2.203623"
"2013-05-22","22 May 2013","2.744694","0.461328","3.500022","0.693642","3.755311","0.182409","0.968650","1.611111","0.303230","2.172974"
"2013-05-23","23 May 2013","2.814050","0.498172","3.524936","0.783346","3.765078","0.183946","1.087509","1.733148","0.313312","2.273047"
"2013-05-24","24 May 2013","2.873740","0.521316","3.543430","0.819633","3.768717","0.195201","1.142663","1.813044","0.330526","2.351842"
"2013-05-27","27 May 2013","2.851153","0.498569","3.561376","0.766935","3.800576","0.192981","1.073184","1.744539","0.322969","2.302210"
"2013-05-28","28 May 2013","2.840416","0.463629","3.558199","0.738018","3.800142","0.174756","1.051367","1.727943","0.294564","2.287754"
"2013-05-29","29 May 2013","2.909133","0.528961","3.602436","0.842344","3.836225","0.191855","1.168277","1.834585","0.328926","2.375943"
"2013-05-30","30 May 2013","2.889984","0.508959","3.603002","0.829170","3.844204","0.178378","1.154751","1.811340","0.309554","2.350056"
"2013-05-31","31 May 2013","2.934707","0.516156","3.631913","0.803817","3.866334","0.198415","1.130215","1.826553","0.332619","2.389931"
"2013-06-03","03 Jun 2013","2.989764","0.535920","3.643910","0.837000","3.863185","0.209804","1.185623","1.908445","0.348845","2.467628"
"2013-06-04","04 Jun 2013","2.963954","0.489267","3.649281","0.777855","3.879264","0.190437","1.121447","1.848270","0.316737","2.421378"
"2013-06-05","05 Jun 2013","2.950489","0.476223","3.634326","0.771483","3.863901","0.181384","1.117747","1.841126","0.303759","2.410349"
"2013-06-06","06 Jun 2013","3.029501","0.551598","3.694654","0.868479","3.917811","0.210155","1.220851","1.941445","0.353228","2.501758"
"2013-06-07","07 Jun 2013","3.031050","0.588746","3.636675","0.914447","3.839357","0.230410","1.278801","2.002714","0.383362","2.541069"
"2013-06-10","10 Jun 2013","3.062728","0.566863","3.705875","0.880291","3.921248","0.223887","1.242611","1.983191","0.371137","2.545273"
"2013-06-11","11 Jun 2013","3.124322","0.585404","3.656387","0.978957","3.834040","0.219261","1.407191","2.170115","0.367981","2.683127"
"2013-06-12","12 Jun 2013","3.116482","0.581604","3.672450","0.929473","3.858073","0.236991","1.342796","2.121188","0.385920","2.655459"
"2013-06-13","13 Jun 2013","3.102935","0.656852","3.660611","0.966755","3.846808","0.285440","1.349912","2.108460","0.456984","2.640932"
"2013-06-14","14 Jun 2013","3.038115","0.632145","3.598128","0.930553","3.785148","0.274090","1.301692","2.046207","0.439243","2.575517"
"2013-06-17","17 Jun 2013","2.998393","0.616681","3.631397","0.926811","3.843619","0.241850","1.263170","1.955628","0.403681","2.493940"
"2013-06-18","18 Jun 2013","3.085217","0.687163","3.704758","0.967023","3.911980","0.295177","1.304204","2.029333","0.477542","2.582203"
"2013-06-19","19 Jun 2013","3.035688","0.678195","3.621840","0.947489","3.817705","0.300481","1.288805","2.015915","0.480139","2.555078"
"2013-06-20","20 Jun 2013","3.164842","0.750729","3.773363","1.083073","3.977043","0.302432","1.431607","2.138005","0.501413","2.673631"
"2013-06-21","21 Jun 2013","3.213681","0.765037","3.815503","1.111574","4.016861","0.306595","1.472233","2.189888","0.509046","2.726025"
"2013-06-24","24 Jun 2013","3.369467","0.860645","3.913675","1.234806","4.095354","0.360379","1.636600","2.394563","0.587731","2.917846"
"2013-06-25","25 Jun 2013","3.386984","0.907654","3.945277","1.270196","4.131722","0.382326","1.653792","2.398357","0.623797","2.925847"
"2013-06-26","26 Jun 2013","3.302348","0.848521","3.869997","1.172680","4.059552","0.369972","1.545437","2.296454","0.595710","2.833167"
"2013-06-27","27 Jun 2013","3.190491","0.766665","3.809326","1.038573","4.016168","0.341541","1.378355","2.122291","0.546412","2.684732"
"2013-06-28","28 Jun 2013","3.230946","0.794120","3.846814","1.116978","4.052857","0.329123","1.464679","2.185051","0.540631","2.731953"
"2013-07-01","01 Jul 2013","3.173428","0.725616","3.795422","1.047770","4.003584","0.295960","1.399179","2.121913","0.488065","2.670794"
"2013-07-02","02 Jul 2013","3.146539","0.696698","3.777984","1.011428","3.989364","0.284097","1.360200","2.083970","0.468279","2.637443"
"2013-07-03","03 Jul 2013","3.151133","0.716214","3.767229","1.019029","3.973288","0.301541","1.367928","2.098796","0.491391","2.650538"
"2013-07-04","04 Jul 2013","3.088441","0.583046","3.697703","0.907339","3.901446","0.233607","1.285848","2.039638","0.384702","2.592088"
"2013-07-05","05 Jul 2013","3.102208","0.574355","3.715163","0.886727","3.920055","0.237286","1.268639","2.039018","0.386089","2.600889"
"2013-07-08","08 Jul 2013","3.079415","0.554819","3.709420","0.847918","3.920060","0.233906","1.220639","1.993331","0.377878","2.565499"
"2013-07-09","09 Jul 2013","3.075772","0.558738","3.705838","0.854417","3.916530","0.233636","1.225244","1.992653","0.378713","2.562531"
"2013-07-10","10 Jul 2013","3.129053","0.598554","3.771894","0.901952","3.986949","0.247540","1.269623","2.033487","0.403870","2.607581"
"2013-07-11","11 Jul 2013","3.149549","0.653386","3.792142","0.941711","4.007078","0.278934","1.296438","2.053477","0.451342","2.627748"
"2013-07-12","12 Jul 2013","2.991354","0.656669","3.679114","0.959467","3.910667","0.254072","1.265275","1.917963","0.428003","2.459047"
"2013-07-15","15 Jul 2013","2.993676","0.672930","3.678833","0.971517","3.909548","0.263480","1.273839","1.923884","0.442156","2.463358"
"2013-07-16","16 Jul 2013","2.983614","0.681454","3.672266","0.968101","3.904014","0.270577","1.261314","1.907402","0.452160","2.449684"
"2013-07-17","17 Jul 2013","2.977456","0.678521","3.670531","0.966833","3.903903","0.267804","1.258829","1.900806","0.448526","2.441986"
"2013-07-18","18 Jul 2013","2.985906","0.669837","3.746164","0.939389","4.003049","0.266043","1.213283","1.848255","0.445156","2.410692"
"2013-07-19","19 Jul 2013","2.984127","0.648495","3.736141","0.915246","3.989907","0.258990","1.195658","1.844096","0.432043","2.410862"
"2013-07-22","22 Jul 2013","3.013668","0.621970","3.709907","0.878895","3.943526","0.260834","1.186153","1.888031","0.426172","2.463320"
"2013-07-23","23 Jul 2013","3.041232","0.624540","3.725425","0.902925","3.954965","0.255641","1.223566","1.929869","0.420926","2.499392"
"2013-07-24","24 Jul 2013","3.041414","0.632471","3.750185","0.912649","3.988380","0.254781","1.223837","1.915470","0.422475","2.486879"
"2013-07-25","25 Jul 2013","3.077178","0.628005","3.775224","0.886943","4.009235","0.266953","1.206420","1.933840","0.433775","2.521557"
"2013-07-26","26 Jul 2013","3.082789","0.629820","3.779809","0.893689","4.013494","0.265919","1.215125","1.941899","0.433100","2.528250"
"2013-07-29","29 Jul 2013","3.122216","0.650595","3.828058","0.911348","4.064675","0.277495","1.232168","1.966110","0.450689","2.560313"
"2013-07-30","30 Jul 2013","3.189487","0.650660","3.932202","0.922799","4.181473","0.271754","1.248249","1.992102","0.444758","2.603332"
"2013-07-31","31 Jul 2013","3.227083","0.633577","3.922903","0.892034","4.155666","0.283329","1.246611","2.045256","0.451046","2.662889"
"2013-08-01","01 Aug 2013","3.169164","0.648535","3.844054","0.940791","4.070055","0.270406","1.289342","2.041430","0.441667","2.626771"
"2013-08-02","02 Aug 2013","3.133651","0.611618","3.788201","0.863534","4.007000","0.278354","1.218404","2.004766","0.439691","2.599046"
"2013-08-05","05 Aug 2013","3.118813","0.603449","3.790733","0.868547","4.015571","0.262545","1.215840","1.982770","0.421630","2.575409"
"2013-08-06","06 Aug 2013","3.091784","0.572410","3.744963","0.859701","3.963517","0.240066","1.219874","1.983284","0.389545","2.562918"
"2013-08-07","07 Aug 2013","3.038400","0.595640","3.759947","0.878006","4.002551","0.237067","1.195524","1.896654","0.394191","2.475345"
"2013-08-08","08 Aug 2013","3.019431","0.591199","3.712364","0.871964","3.944979","0.238253","1.194928","1.901572","0.394007","2.472903"
"2013-08-09","09 Aug 2013","2.986376","0.585628","3.712447","0.866441","3.956928","0.229904","1.174644","1.855351","0.384330","2.424883"
"2013-08-12","12 Aug 2013","2.989036","0.578448","3.719677","0.858733","3.965721","0.226862","1.168057","1.851875","0.379259","2.424315"
"2013-08-13","13 Aug 2013","2.989704","0.582993","3.774759","0.893049","4.041344","0.212662","1.198365","1.846377","0.365516","2.407665"
"2013-08-14","14 Aug 2013","3.035631","0.589628","3.798083","0.887025","4.055561","0.224085","1.199132","1.878396","0.379184","2.455277"
"2013-08-15","15 Aug 2013","3.097194","0.613662","3.850126","0.912016","4.103816","0.237860","1.231851","1.931100","0.399701","2.517021"
"2013-08-16","16 Aug 2013","3.118951","0.581093","3.779640","0.867451","4.000708","0.244995","1.228550","1.998243","0.396973","2.584077"
"2013-08-19","19 Aug 2013","3.169857","0.608230","3.824831","0.904401","4.043913","0.256547","1.273485","2.051592","0.415797","2.637932"
"2013-08-20","20 Aug 2013","3.196432","0.612719","3.823391","0.906051","4.032843","0.269691","1.293254","2.096974","0.429582","2.680745"
"2013-08-21","21 Aug 2013","3.192548","0.653465","3.877680","0.968083","4.107350","0.261635","1.320507","2.063767","0.433751","2.646256"
"2013-08-22","22 Aug 2013","3.122988","0.656176","3.849582","0.954329","4.093932","0.259770","1.274774","1.976431","0.433647","2.556828"
"2013-08-23","23 Aug 2013","3.153255","0.645629","3.872483","0.975081","4.114507","0.244660","1.314233","2.020476","0.414422","2.594212"
"2013-08-26","26 Aug 2013","3.149223","0.659722","3.860705","0.979405","4.099909","0.255248","1.313630","2.019825","0.429333","2.593432"
"2013-08-27","27 Aug 2013","3.205566","0.672404","3.823903","0.966756","4.030494","0.294986","1.341847","2.124739","0.471955","2.697637"
"2013-08-28","28 Aug 2013","3.126257","0.712586","3.831242","1.007521","4.068143","0.287082","1.318746","2.006032","0.477127","2.574485"
"2013-08-29","29 Aug 2013","3.128162","0.694969","3.821239","0.999022","4.054009","0.277465","1.321127","2.017163","0.462085","2.583352"
"2013-08-30","30 Aug 2013","3.156085","0.701923","3.866019","0.967660","4.104124","0.297807","1.281015","2.002313","0.485566","2.593145"
"2013-09-02","02 Sep 2013","3.128985","0.678734","3.837590","0.965949","4.075523","0.276549","1.284425","1.991789","0.457102","2.571359"
"2013-09-03","03 Sep 2013","3.133242","0.675821","3.854361","0.971174","4.096763","0.270394","1.289329","1.990398","0.449943","2.569848"
"2013-09-04","04 Sep 2013","3.159865","0.705517","3.876108","0.996708","4.116691","0.286706","1.312658","2.016624","0.474825","2.597793"
"2013-09-05","05 Sep 2013","3.275035","0.736902","3.993133","1.044977","4.234101","0.299701","1.379787","2.113088","0.496044","2.707421"
"2013-09-06","06 Sep 2013","3.184672","0.722339","3.900828","1.005342","4.141213","0.299064","1.320263","2.032825","0.492189","2.620093"
"2013-09-09","09 Sep 2013","3.222718","0.722751","3.953565","1.008093","4.198924","0.298881","1.326911","2.049923","0.492060","2.647285"
"2013-09-10","10 Sep 2013","3.278402","0.715176","4.013383","1.021975","4.260146","0.289403","1.357966","2.096854","0.479653","2.699547"
"2013-09-11","11 Sep 2013","3.221748","0.716013","3.962305","1.010218","4.211162","0.290769","1.329570","2.046265","0.481822","2.642335"
"2013-09-12","12 Sep 2013","3.178569","0.714911","3.925377","1.017826","4.176895","0.293734","1.330485","2.020259","0.478552","2.602181"
"2013-09-13","13 Sep 2013","3.201496","0.735325","3.942742","1.020137","4.191897","0.301378","1.327628","2.030819","0.498321","2.622881"
"2013-09-16","16 Sep 2013","3.169251","0.746695","3.924903","1.009348","4.179036","0.311943","1.297753","1.987254","0.512995","2.582027"
"2013-09-17","17 Sep 2013","3.127782","0.695685","3.883877","0.961788","4.138268","0.286826","1.256377","1.948149","0.473209","2.541429"
"2013-09-18","18 Sep 2013","3.141403","0.703161","3.903324","0.978361","4.159866","0.286153","1.274243","1.961588","0.474403","2.553186"
"2013-09-19","19 Sep 2013","3.076999","0.675502","3.872018","0.951327","4.140780","0.267674","1.234191","1.892200","0.448205","2.477001"
"2013-09-20","20 Sep 2013","3.105046","0.638942","3.902178","0.923762","4.171479","0.251183","1.223817","1.905972","0.420373","2.500660"
"2013-09-23","23 Sep 2013","3.080294","0.588856","3.882644","0.854699","4.153334","0.235396","1.156579","1.858523","0.391416","2.467375"
"2013-09-24","24 Sep 2013","3.026239","0.581824","3.834753","0.861860","4.108498","0.223541","1.158671","1.829983","0.377146","2.419685"
"2013-09-25","25 Sep 2013","3.014141","0.594332","3.798878","0.881720","4.064388","0.227102","1.180604","1.845282","0.383987","2.423196"
"2013-09-26","26 Sep 2013","3.030989","0.624910","3.816086","0.912143","4.081714","0.240632","1.205787","1.863925","0.406281","2.440172"
"2013-09-27","27 Sep 2013","3.021680","0.655919","3.807052","0.933956","4.072794","0.256617","1.214797","1.859055","0.431490","2.431580"
"2013-09-30","30 Sep 2013","3.023834","0.667243","3.807877","0.942246","4.073111","0.262757","1.219899","1.861978","0.440974","2.434201"
"2013-10-01","01 Oct 2013","3.006349","0.629649","3.792101","0.888594","4.057511","0.252538","1.167783","1.826854","0.420538","2.410717"
"2013-10-02","02 Oct 2013","2.970851","0.582394","3.774091","0.867623","4.046714","0.219629","1.157620","1.803355","0.373248","2.375078"
"2013-10-03","03 Oct 2013","2.998947","0.574194","3.805371","0.874692","4.079316","0.211565","1.176314","1.829947","0.362274","2.402462"
"2013-10-04","04 Oct 2013","2.988067","0.544145","3.815238","0.838050","4.096563","0.199717","1.139411","1.798400","0.342091","2.379328"
"2013-10-07","07 Oct 2013","2.963857","0.551516","3.791818","0.849827","4.074045","0.200214","1.146991","1.789989","0.344552","2.360248"
"2013-10-08","08 Oct 2013","2.990551","0.574716","3.808011","0.876635","4.086233","0.210261","1.175260","1.820883","0.361092","2.390925"
"2013-10-09","09 Oct 2013","2.988912","0.582850","3.800468","0.878756","4.076328","0.216122","1.173857","1.819651","0.369494","2.390665"
"2013-10-10","10 Oct 2013","3.015228","0.574536","3.836558","0.878755","4.115964","0.210134","1.181561","1.835732","0.360824","2.411421"
"2013-10-11","11 Oct 2013","3.018415","0.566895","3.822217","0.861578","4.094699","0.211715","1.166823","1.835939","0.360518","2.418201"
"2013-10-14","14 Oct 2013","3.009127","0.553445","3.825865","0.848537","4.103148","0.204687","1.153312","1.820035","0.349653","2.403339"
"2013-10-15","15 Oct 2013","3.024683","0.530802","3.841713","0.823409","4.118676","0.196836","1.135748","1.820703","0.335387","2.414196"
"2013-10-16","16 Oct 2013","3.057337","0.535759","3.873774","0.831190","4.150262","0.199360","1.148890","1.844883","0.339206","2.444369"
"2013-10-17","17 Oct 2013","3.028330","0.522883","3.853291","0.800756","4.132591","0.198743","1.109183","1.803841","0.335557","2.408675"
"2013-10-18","18 Oct 2013","2.990358","0.508719","3.825133","0.780374","4.108172","0.192767","1.081868","1.765866","0.325792","2.367836"
"2013-10-21","21 Oct 2013","2.985257","0.502440","3.824183","0.795416","4.109598","0.181830","1.104628","1.778071","0.312300","2.368106"
"2013-10-22","22 Oct 2013","2.935823","0.473058","3.773476","0.746514","4.058106","0.174677","1.048290","1.722807","0.297454","2.316699"
"2013-10-23","23 Oct 2013","2.911600","0.489776","3.750425","0.737433","4.034961","0.190087","1.021427","1.689383","0.318599","2.288041"
"2013-10-24","24 Oct 2013","2.907805","0.516761","3.739882","0.753112","4.021795","0.205919","1.026979","1.688663","0.342556","2.286487"
"2013-10-25","25 Oct 2013","2.949342","0.542065","3.762005","0.777035","4.036576","0.220576","1.055544","1.731765","0.364416","2.334023"
"2013-10-28","28 Oct 2013","2.897389","0.543385","3.717351","0.785372","3.995291","0.215225","1.054864","1.701082","0.359281","2.286659"
"2013-10-29","29 Oct 2013","2.866830","0.524960","3.708466","0.769963","3.994741","0.203619","1.035877","1.668492","0.342352","2.249695"
"2013-10-30","30 Oct 2013","2.859427","0.521047","3.705936","0.760953","3.993891","0.203242","1.023900","1.655853","0.341049","2.239114"
"2013-10-31","31 Oct 2013","2.827884","0.493905","3.684366","0.717783","3.975635","0.195847","0.974891","1.609602","0.326486","2.199788"
"2013-11-01","01 Nov 2013","2.807695","0.429697","3.680483","0.677164","3.978767","0.158880","0.953851","1.593580","0.270279","2.178587"
"2013-11-04","04 Nov 2013","2.799171","0.449866","3.673094","0.687355","3.971588","0.170421","0.953345","1.584188","0.287977","2.168720"
"2013-11-05","05 Nov 2013","2.860402","0.465537","3.723188","0.726324","4.017746","0.171690","1.008863","1.652160","0.292844","2.235871"
"2013-11-06","06 Nov 2013","2.863092","0.459422","3.735216","0.725164","4.033482","0.167054","1.010203","1.652616","0.286280","2.235786"
"2013-11-07","07 Nov 2013","2.817230","0.379821","3.718320","0.626419","4.026776","0.137295","0.912527","1.571029","0.234456","2.170846"
"2013-11-08","08 Nov 2013","2.875389","0.399010","3.763276","0.643253","4.065752","0.148935","0.934459","1.613864","0.251652","2.226679"
"2013-11-11","11 Nov 2013","2.861329","0.395228","3.749298","0.638141","4.051935","0.147276","0.927587","1.603217","0.248963","2.213741"
"2013-11-12","12 Nov 2013","2.901998","0.404799","3.784545","0.637179","4.084209","0.157060","0.927736","1.623107","0.261845","2.248458"
"2013-11-13","13 Nov 2013","2.873410","0.378404","3.768969","0.599733","4.073227","0.148080","0.885965","1.581771","0.245736","2.212070"
"2013-11-14","14 Nov 2013","2.837039","0.394655","3.737244","0.607392","4.043490","0.156201","0.879470","1.554493","0.258856","2.176883"
"2013-11-15","15 Nov 2013","2.845032","0.414179","3.737767","0.624460","4.041172","0.166045","0.893290","1.566433","0.274368","2.187861"
"2013-11-18","18 Nov 2013","2.852906","0.427284","3.740922","0.617350","4.041897","0.179785","0.878073","1.559925","0.292566","2.191630"
"2013-11-19","19 Nov 2013","2.853353","0.420798","3.737073","0.614222","4.036540","0.176134","0.878733","1.563557","0.286926","2.194495"
"2013-11-20","20 Nov 2013","2.865804","0.455545","3.747303","0.649584","4.046049","0.191102","0.907830","1.582774","0.311823","2.209380"
"2013-11-21","21 Nov 2013","2.895397","0.450664","3.780460","0.651108","4.080349","0.187750","0.917145","1.603160","0.306829","2.235308"
"2013-11-22","22 Nov 2013","2.874646","0.409461","3.753271","0.613990","4.050916","0.168533","0.889909","1.585685","0.275653","2.217999"
"2013-11-25","25 Nov 2013","2.856647","0.401846","3.737574","0.604381","4.036152","0.165118","0.878033","1.569476","0.270144","2.199913"
"2013-11-26","26 Nov 2013","2.850643","0.395930","3.742909","0.596883","4.045622","0.162189","0.868206","1.556672","0.265606","2.188533"
"2013-11-27","27 Nov 2013","2.855817","0.412185","3.748409","0.607103","4.051083","0.171456","0.872946","1.559085","0.279745","2.192358"
"2013-11-28","28 Nov 2013","2.853136","0.422534","3.739641","0.615146","4.040111","0.176954","0.878311","1.561700","0.288280","2.192914"
"2013-11-29","29 Nov 2013","2.847934","0.425876","3.727813","0.625156","4.026150","0.176031","0.890150","1.568682","0.288070","2.193642"
"2013-12-02","02 Dec 2013","2.870049","0.450004","3.744315","0.649550","4.040512","0.187414","0.913327","1.592448","0.306330","2.217659"
"2013-12-03","03 Dec 2013","2.855954","0.452079","3.723928","0.644735","4.017797","0.190742","0.904618","1.582060","0.310489","2.206331"
"2013-12-04","04 Dec 2013","2.897135","0.469207","3.761934","0.675182","4.054702","0.194930","0.942798","1.625308","0.319079","2.249333"
"2013-12-05","05 Dec 2013","2.952611","0.517251","3.807272","0.743273","4.096630","0.210575","1.016690","1.695563","0.347729","2.312537"
"2013-12-06","06 Dec 2013","2.952938","0.515817","3.787571","0.726504","4.069308","0.217795","1.000350","1.694996","0.354990","2.318268"
"2013-12-09","09 Dec 2013","2.929670","0.514689","3.767801","0.710219","4.050649","0.221933","0.974838","1.666077","0.359354","2.291843"
"2013-12-10","10 Dec 2013","2.902183","0.479491","3.746353","0.673016","4.031489","0.223945","0.942494","1.636428","0.341843","2.262315"
"2013-12-11","11 Dec 2013","2.868945","0.484867","3.711918","0.680587","3.997233","0.251056","0.947841","1.624007","0.355832","2.236269"
"2013-12-12","12 Dec 2013","2.909951","0.533704","3.737154","0.717461","4.016301","0.269128","0.977758","1.661693","0.393800","2.280169"
"2013-12-13","13 Dec 2013","2.909209","0.550016","3.728904","0.733147","4.005250","0.242291","0.985685","1.664698","0.390210","2.282330"
"2013-12-16","16 Dec 2013","2.917593","0.566122","3.748055","0.733207","4.027948","0.255099","0.976028","1.656082","0.408195","2.281813"
"2013-12-17","17 Dec 2013","2.918172","0.572425","3.747274","0.726293","4.026484","0.263562","0.964619","1.649812","0.418875","2.280574"
"2013-12-18","18 Dec 2013","2.947689","0.555613","3.743517","0.727645","4.011091","0.270628","0.992614","1.702369","0.411585","2.328545"
"2013-12-19","19 Dec 2013","2.976417","0.563973","3.748495","0.727551","4.007534","0.276723","1.001476","1.735630","0.423643","2.366796"
"2013-12-20","20 Dec 2013","2.989940","0.546009","3.755351","0.715954","4.012055","0.280612","1.002861","1.750882","0.415485","2.383527"
"2013-12-23","23 Dec 2013","3.012793","0.574392","3.784789","0.787311","4.044207","0.251370","1.074808","1.792884","0.404873","2.409448"
"2013-12-24","24 Dec 2013","3.013304","0.573780","3.782637","0.788004","4.041170","0.261743","1.078254","1.797122","0.409124","2.412049"
"2013-12-27","27 Dec 2013","3.055806","0.585317","3.812934","0.790017","4.067116","0.345866","1.096748","1.840183","0.458285","2.459489"
"2013-12-30","30 Dec 2013","3.046247","0.595342","3.792973","0.748297","4.042977","0.295743","1.036319","1.806833","0.456482","2.446512"
"2013-12-31","31 Dec 2013","3.047805","0.591796","3.789477","0.742994","4.037725","0.299271","1.034604","1.810859","0.457396","2.450725"
"2014-01-02","02 Jan 2014","2.996293","0.471578","3.791293","0.658868","4.058249","0.243171","0.962306","1.725893","0.353881","2.371438"
"2014-01-03","03 Jan 2014","2.955817","0.444496","3.791218","0.638622","4.072638","0.214060","0.930185","1.667778","0.321258","2.312456"
"2014-01-06","06 Jan 2014","2.936367","0.445997","3.772625","0.637431","4.054351","0.195920","0.921218","1.650211","0.313729","2.292955"
"2014-01-07","07 Jan 2014","2.905320","0.444992","3.740834","0.620241","4.022271","0.211530","0.895752","1.619957","0.323720","2.262159"
"2014-01-08","08 Jan 2014","2.892174","0.444049","3.722459","0.612194","4.002016","0.216951","0.885390","1.609830","0.327465","2.251493"
"2014-01-09","09 Jan 2014","2.923443","0.443633","3.733806","0.597113","4.005929","0.219236","0.878386","1.633932","0.334543","2.287307"
"2014-01-10","10 Jan 2014","2.913370","0.436794","3.740770","0.598646","4.019057","0.221750","0.877866","1.620173","0.328497","2.270558"
"2014-01-13","13 Jan 2014","2.892227","0.439920","3.728206","0.610523","4.009813","0.214491","0.884058","1.606915","0.323290","2.248905"
"2014-01-14","14 Jan 2014","2.894517","0.466711","3.700622","0.612410","3.971372","0.226588","0.880244","1.617523","0.351027","2.262980"
"2014-01-15","15 Jan 2014","2.895049","0.475526","3.694690","0.619249","3.963181","0.230852","0.886259","1.623466","0.358462","2.267204"
"2014-01-16","16 Jan 2014","2.840962","0.487647","3.668653","0.619628","3.947232","0.251586","0.863074","1.564394","0.373665","2.201799"
"2014-01-17","17 Jan 2014","2.813059","0.485972","3.637349","0.613136","3.914747","0.233683","0.848800","1.541934","0.365179","2.176290"
"2014-01-20","20 Jan 2014","2.791901","0.488537","3.605970","0.600506","3.879689","0.241346","0.830693","1.525351","0.374023","2.159635"
"2014-01-21","21 Jan 2014","2.826916","0.473938","3.600712","0.594766","3.860262","0.239697","0.851557","1.581261","0.367479","2.215053"
"2014-01-22","22 Jan 2014","2.838568","0.466110","3.613495","0.600232","3.873498","0.230927","0.863823","1.594479","0.356064","2.226917"
"2014-01-23","23 Jan 2014","2.816006","0.474217","3.604304","0.617614","3.869217","0.226322","0.871480","1.576702","0.353706","2.200888"
"2014-01-24","24 Jan 2014","2.833698","0.476674","3.595428","0.610133","3.850891","0.237167","0.874044","1.603370","0.365256","2.230494"
"2014-01-27","27 Jan 2014","2.836551","0.486377","3.603136","0.612260","3.860230","0.244167","0.871055","1.599581","0.375292","2.229662"
"2014-01-28","28 Jan 2014","2.780572","0.478469","3.610080","0.608453","3.889542","0.226720","0.838792","1.516670","0.356072","2.144177"
"2014-01-29","29 Jan 2014","2.767508","0.479005","3.594330","0.598816","3.872760","0.230820","0.824641","1.502849","0.360657","2.131580"
"2014-01-30","30 Jan 2014","2.722075","0.463829","3.532978","0.583843","3.806035","0.228678","0.809848","1.480019","0.351320","2.098044"
"2014-01-31","31 Jan 2014","2.675394","0.432779","3.496637","0.541762","3.773322","0.211405","0.760574","1.425548","0.328459","2.045587"
"2014-02-03","03 Feb 2014","2.697560","0.413686","3.510805","0.517328","3.784367","0.208288","0.746904","1.437229","0.319924","2.067535"
"2014-02-04","04 Feb 2014","2.686792","0.409428","3.522359","0.522442","3.804016","0.199261","0.747005","1.420413","0.309530","2.047759"
"2014-02-05","05 Feb 2014","2.687678","0.404396","3.529368","0.517146","3.813168","0.196722","0.741555","1.415525","0.305583","2.045003"
"2014-02-06","06 Feb 2014","2.723743","0.430929","3.547990","0.553451","3.825639","0.207489","0.784969","1.464663","0.323505","2.090614"
"2014-02-07","07 Feb 2014","2.665642","0.405680","3.499234","0.531998","3.780651","0.202122","0.759145","1.418206","0.304991","2.033266"
"2014-02-10","10 Feb 2014","2.667719","0.408737","3.504056","0.541515","3.786564","0.195238","0.768600","1.422754","0.301660","2.035279"
"2014-02-11","11 Feb 2014","2.678792","0.413335","3.502550","0.557997","3.780842","0.209360","0.794688","1.450276","0.308425","2.055698"
"2014-02-12","12 Feb 2014","2.684115","0.416410","3.506641","0.564815","3.784535","0.207779","0.802803","1.457876","0.308519","2.062135"
"2014-02-13","13 Feb 2014","2.680499","0.424096","3.507534","0.560449","3.786798","0.208532","0.790139","1.444622","0.315508","2.053753"
"2014-02-14","14 Feb 2014","2.670105","0.403769","3.495960","0.543761","3.774919","0.206004","0.779427","1.437132","0.302841","2.044968"
"2014-02-17","17 Feb 2014","2.656355","0.397722","3.488549","0.535417","3.769847","0.206647","0.768509","1.421702","0.299989","2.028800"
"2014-02-18","18 Feb 2014","2.643570","0.385501","3.475741","0.517337","3.756863","0.191788","0.747847","1.403772","0.287991","2.014237"
"2014-02-19","19 Feb 2014","2.639231","0.380902","3.473561","0.514935","3.755442","0.176190","0.744117","1.398134","0.277654","2.008744"
"2014-02-20","20 Feb 2014","2.668087","0.382932","3.501311","0.527445","3.782797","0.174434","0.764768","1.425926","0.276087","2.037889"
"2014-02-21","21 Feb 2014","2.646816","0.374170","3.483282","0.511473","3.765906","0.172300","0.744301","1.402397","0.271720","2.014814"
"2014-02-24","24 Feb 2014","2.669873","0.372606","3.492524","0.512479","3.770067","0.175302","0.754494","1.427557","0.272938","2.042945"
"2014-02-25","25 Feb 2014","2.649922","0.366902","3.461246","0.493226","3.734604","0.176456","0.731940","1.409994","0.274036","2.027049"
"2014-02-26","26 Feb 2014","2.621350","0.359196","3.416148","0.484636","3.683863","0.188867","0.726125","1.401340","0.276041","2.009862"
"2014-02-27","27 Feb 2014","2.565824","0.349906","3.391050","0.451473","3.669475","0.183005","0.669589","1.324882","0.271605","1.937804"
"2014-02-28","28 Feb 2014","2.614862","0.375383","3.420158","0.495728","3.691551","0.181001","0.725310","1.388756","0.281243","1.997751"
"2014-03-03","03 Mar 2014","2.569094","0.371845","3.377082","0.479980","3.649519","0.181707","0.697662","1.347200","0.281420","1.952060"
"2014-03-04","04 Mar 2014","2.534018","0.345314","3.362420","0.460161","3.642459","0.164117","0.675103","1.309770","0.256130","1.910203"
"2014-03-05","05 Mar 2014","2.527810","0.334163","3.363372","0.443209","3.645846","0.160886","0.656567","1.293977","0.249928","1.898837"
"2014-03-06","06 Mar 2014","2.556565","0.354305","3.385502","0.466009","3.665598","0.183498","0.683690","1.326045","0.271072","1.930743"
"2014-03-07","07 Mar 2014","2.579785","0.380642","3.386104","0.483270","3.657877","0.201954","0.701576","1.355631","0.297068","1.962632"
"2014-03-10","10 Mar 2014","2.570294","0.365912","3.338113","0.451979","3.596023","0.193875","0.678053","1.359115","0.292309","1.969591"
"2014-03-11","11 Mar 2014","2.605929","0.374059","3.416535","0.471944","3.689479","0.188972","0.693047","1.363247","0.289588","1.981846"
"2014-03-12","12 Mar 2014","2.565411","0.382206","3.401906","0.481722","3.684422","0.186575","0.686317","1.323365","0.289674","1.933053"
"2014-03-13","13 Mar 2014","2.523819","0.374161","3.352143","0.470740","3.632012","0.189450","0.671789","1.298135","0.286856","1.898972"
"2014-03-14","14 Mar 2014","2.499956","0.378671","3.328914","0.476392","3.609286","0.192163","0.672395","1.285016","0.289443","1.878171"
"2014-03-17","17 Mar 2014","2.510232","0.388969","3.332414","0.475148","3.610006","0.193122","0.667303","1.288301","0.298628","1.887962"
"2014-03-18","18 Mar 2014","2.529548","0.384730","3.315030","0.460418","3.579283","0.201075","0.664983","1.316787","0.305462","1.921890"
"2014-03-19","19 Mar 2014","2.586462","0.386183","3.354103","0.459204","3.611793","0.209379","0.680644","1.367517","0.313964","1.983463"
"2014-03-20","20 Mar 2014","2.636200","0.408319","3.387509","0.500681","3.639570","0.215433","0.735961","1.431674","0.325545","2.043223"
"2014-03-21","21 Mar 2014","2.605403","0.409450","3.355232","0.490923","3.606802","0.218901","0.717539","1.405029","0.329729","2.013886"
"2014-03-24","24 Mar 2014","2.617405","0.402502","3.368384","0.474747","3.620199","0.221393","0.704158","1.405673","0.330430","2.022445"
"2014-03-25","25 Mar 2014","2.584433","0.392764","3.317851","0.458254","3.563631","0.221118","0.688217","1.390118","0.327457","2.000581"
"2014-03-26","26 Mar 2014","2.564963","0.387037","3.333871","0.436883","3.591860","0.218897","0.648692","1.337979","0.324448","1.959049"
"2014-03-27","27 Mar 2014","2.538099","0.380223","3.313309","0.415604","3.573437","0.219990","0.618603","1.304111","0.324124","1.927828"
"2014-03-28","28 Mar 2014","2.542738","0.386300","3.308261","0.430206","3.565106","0.220224","0.637345","1.321283","0.325769","1.939436"
"2014-03-31","31 Mar 2014","2.557252","0.396906","3.321798","0.444305","3.578310","0.224107","0.652636","1.336868","0.332552","1.954601"
"2014-04-01","01 Apr 2014","2.561745","0.389464","3.323163","0.441011","3.578589","0.219987","0.654297","1.343075","0.326129","1.960804"
"2014-04-02","02 Apr 2014","2.579498","0.392096","3.349966","0.449093","3.608523","0.218402","0.663444","1.352419","0.325180","1.973059"
"2014-04-03","03 Apr 2014","2.565587","0.389767","3.339434","0.434680","3.599096","0.221636","0.643287","1.332401","0.328151","1.956136"
"2014-04-04","04 Apr 2014","2.510740","0.372424","3.315927","0.388315","3.586381","0.219452","0.573787","1.248748","0.322238","1.881792"
"2014-04-07","07 Apr 2014","2.501277","0.369971","3.310144","0.382954","3.581885","0.218583","0.565282","1.237061","0.320806","1.870363"
"2014-04-08","08 Apr 2014","2.529331","0.372338","3.329515","0.401641","3.598287","0.215257","0.595421","1.273541","0.317541","1.904066"
"2014-04-09","09 Apr 2014","2.533235","0.372795","3.327778","0.405400","3.594602","0.215007","0.602390","1.282575","0.317269","1.911437"
"2014-04-10","10 Apr 2014","2.495347","0.377720","3.292656","0.402868","3.560556","0.217253","0.587831","1.250876","0.321285","1.874036"
"2014-04-11","11 Apr 2014","2.491870","0.395810","3.279761","0.417089","3.544405","0.227450","0.598505","1.257543","0.336731","1.876526"
"2014-04-14","14 Apr 2014","2.482553","0.388252","3.275047","0.409989","3.541322","0.222829","0.590084","1.246071","0.329990","1.865005"
"2014-04-15","15 Apr 2014","2.456330","0.373485","3.256327","0.394498","3.525298","0.214255","0.570546","1.218380","0.317322","1.835753"
"2014-04-16","16 Apr 2014","2.428644","0.380965","3.221747","0.395389","3.488391","0.219253","0.564210","1.202037","0.324690","1.813428"
"2014-04-17","17 Apr 2014","2.440313","0.390918","3.219845","0.441604","3.482185","0.209477","0.622052","1.245549","0.316577","1.839167"
"2014-04-22","22 Apr 2014","2.459768","0.392392","3.240197","0.450626","3.502855","0.207914","0.636145","1.263473","0.315168","1.858026"
"2014-04-23","23 Apr 2014","2.446357","0.395199","3.217843","0.449627","3.477387","0.210952","0.633371","1.258803","0.319103","1.850038"
"2014-04-24","24 Apr 2014","2.439225","0.407109","3.209250","0.464586","3.468463","0.227700","0.646450","1.261781","0.331844","1.846343"
"2014-04-25","25 Apr 2014","2.413411","0.416258","3.161629","0.435638","3.412852","0.236471","0.606725","1.236434","0.351605","1.827591"
"2014-04-28","28 Apr 2014","2.427612","0.427353","3.181320","0.443404","3.434390","0.242783","0.612052","1.242959","0.361205","1.837659"
"2014-04-29","29 Apr 2014","2.437713","0.410210","3.207250","0.434488","3.465826","0.230448","0.606531","1.238916","0.343808","1.838440"
"2014-04-30","30 Apr 2014","2.415979","0.407191","3.215088","0.425260","3.484051","0.226605","0.583054","1.198135","0.339553","1.800964"
"2014-05-02","02 May 2014","2.387720","0.405313","3.182916","0.439631","3.450911","0.217300","0.597048","1.192239","0.329252","1.780617"
"2014-05-05","05 May 2014","2.373498","0.394965","3.178500","0.397669","3.449514","0.224892","0.544820","1.151990","0.334930","1.755203"
"2014-05-06","06 May 2014","2.349256","0.393463","3.129077","0.395686","3.391369","0.226029","0.545645","1.152493","0.335541","1.746545"
"2014-05-07","07 May 2014","2.379134","0.399382","3.175402","0.416155","3.443530","0.221882","0.569003","1.172303","0.332696","1.768164"
"2014-05-08","08 May 2014","2.336386","0.389909","3.146935","0.396635","3.420177","0.217997","0.536932","1.124686","0.326576","1.719052"
"2014-05-09","09 May 2014","2.325663","0.400156","3.155736","0.408035","3.436049","0.218990","0.538476","1.108425","0.330595","1.700262"
"2014-05-12","12 May 2014","2.357993","0.402509","3.153638","0.439424","3.422024","0.213147","0.592194","1.173282","0.324274","1.753882"
"2014-05-13","13 May 2014","2.314207","0.393803","3.150105","0.447270","3.433631","0.196718","0.589071","1.130865","0.305017","1.698419"
"2014-05-14","14 May 2014","2.275437","0.375347","3.085574","0.417932","3.359778","0.193522","0.560128","1.107517","0.296859","1.671992"
"2014-05-15","15 May 2014","2.293478","0.389420","3.107490","0.454063","3.383569","0.191211","0.601671","1.138146","0.297827","1.693213"
"2014-05-16","16 May 2014","2.312644","0.380374","3.144768","0.398671","3.426022","0.205521","0.534180","1.100925","0.311140","1.688580"
"2014-05-19","19 May 2014","2.338981","0.412159","3.181480","0.442849","3.466669","0.214093","0.575826","1.129654","0.328426","1.712452"
"2014-05-20","20 May 2014","2.408260","0.422764","3.222667","0.488186","3.498021","0.210633","0.648052","1.220597","0.326650","1.797785"
"2014-05-21","21 May 2014","2.394056","0.417934","3.207532","0.468707","3.482331","0.213962","0.623311","1.199675","0.329093","1.781556"
"2014-05-22","22 May 2014","2.379224","0.414519","3.183714","0.488458","3.455910","0.203085","0.649958","1.212227","0.316455","1.778310"
"2014-05-23","23 May 2014","2.358960","0.401020","3.165874","0.470002","3.438933","0.198210","0.629313","1.190287","0.307907","1.756773"
"2014-05-26","26 May 2014","2.314176","0.356073","3.124597","0.386352","3.398217","0.192715","0.537452","1.117804","0.290869","1.702027"
"2014-05-27","27 May 2014","2.286486","0.357818","3.117754","0.394748","3.399235","0.187284","0.536970","1.092769","0.285841","1.668745"
"2014-05-28","28 May 2014","2.239097","0.344745","3.074146","0.379529","3.357320","0.179991","0.515121","1.055300","0.274938","1.623304"
"2014-05-29","29 May 2014","2.243520","0.339039","3.080979","0.385920","3.365295","0.172947","0.527148","1.065069","0.265840","1.629104"
"2014-05-30","30 May 2014","2.261330","0.335850","3.098761","0.391584","3.383122","0.169062","0.539665","1.082646","0.260716","1.647164"
"2014-06-02","02 Jun 2014","2.243670","0.331188","3.107528","0.370274","3.401194","0.170763","0.505485","1.041962","0.261744","1.614149"
"2014-06-03","03 Jun 2014","2.288297","0.333389","3.149941","0.386269","3.442742","0.168649","0.533673","1.083011","0.259734","1.658713"
"2014-06-04","04 Jun 2014","2.303173","0.325861","3.159139","0.391779","3.450064","0.161646","0.549267","1.104234","0.250087","1.677736"
"2014-06-05","05 Jun 2014","2.290754","0.272402","3.164854","0.308562","3.461297","0.148908","0.464241","1.046528","0.223112","1.645426"
"2014-06-06","06 Jun 2014","2.141600","0.235545","3.042833","0.214271","3.348836","0.146590","0.328995","0.880609","0.212433","1.481668"
"2014-06-09","09 Jun 2014","2.128805","0.257290","3.021642","0.249054","3.325252","0.150644","0.361934","0.894373","0.222260","1.479845"
"2014-06-10","10 Jun 2014","2.163163","0.280921","3.082269","0.313046","3.396878","0.145507","0.435156","0.944910","0.222476","1.513560"
"2014-06-11","11 Jun 2014","2.170582","0.262389","3.093087","0.317067","3.409841","0.129948","0.453506","0.964191","0.200774","1.525409"
"2014-06-12","12 Jun 2014","2.197137","0.229926","3.142912","0.283571","3.467730","0.116546","0.428212","0.958491","0.178123","1.535571"
"2014-06-13","13 Jun 2014","2.183261","0.192330","3.116133","0.236672","3.435526","0.104164","0.387139","0.936166","0.155296","1.522187"
"2014-06-16","16 Jun 2014","2.156395","0.193835","3.082311","0.267499","3.401234","0.094141","0.426914","0.954025","0.144607","1.513895"
"2014-06-17","17 Jun 2014","2.211814","0.204905","3.123616","0.295475","3.437141","0.095571","0.469466","1.012018","0.148554","1.574242"
"2014-06-18","18 Jun 2014","2.213121","0.227409","3.133914","0.315995","3.450928","0.105324","0.482251","1.013491","0.164841","1.572973"
"2014-06-19","19 Jun 2014","2.132622","0.226930","3.081210","0.300185","3.409724","0.106497","0.444510","0.941020","0.166482","1.488113"
"2014-06-20","20 Jun 2014","2.177871","0.238427","3.124616","0.319470","3.452033","0.110250","0.470932","0.978477","0.173233","1.531181"
"2014-06-23","23 Jun 2014","2.158036","0.225446","3.094193","0.295453","3.417051","0.108233","0.443960","0.956113","0.167908","1.512524"
"2014-06-24","24 Jun 2014","2.122258","0.214282","3.085304","0.278386","3.418921","0.103304","0.418376","0.915848","0.160021","1.468872"
"2014-06-25","25 Jun 2014","2.085943","0.219687","3.042523","0.271709","3.373595","0.108625","0.400636","0.886853","0.167349","1.435857"
"2014-06-26","26 Jun 2014","2.065189","0.216457","3.015383","0.264571","3.344125","0.108147","0.390527","0.872789","0.166090","1.418805"
"2014-06-27","27 Jun 2014","2.081666","0.206332","2.973965","0.255820","3.280114","0.106519","0.395885","0.905123","0.161456","1.454886"
"2014-06-30","30 Jun 2014","2.089976","0.206117","2.998186","0.253682","3.310129","0.106628","0.391748","0.900797","0.161590","1.454825"
"2014-07-01","01 Jul 2014","2.076008","0.189287","2.994975","0.234366","3.311013","0.099440","0.371971","0.880678","0.149683","1.436257"
"2014-07-02","02 Jul 2014","2.120914","0.186555","3.028082","0.238844","3.339181","0.097967","0.388677","0.918000","0.147136","1.481824"
"2014-07-03","03 Jul 2014","2.126017","0.177995","3.054442","0.216113","3.372696","0.098433","0.359720","0.894777","0.145698","1.471396"
"2014-07-04","04 Jul 2014","2.086966","0.167144","3.013605","0.187456","3.330860","0.098752","0.321018","0.852406","0.143575","1.431039"
"2014-07-07","07 Jul 2014","2.094252","0.168322","3.024653","0.189726","3.343268","0.098941","0.323916","0.856297","0.144064","1.436246"
"2014-07-08","08 Jul 2014","2.084840","0.173163","3.004104","0.208664","3.319426","0.096265","0.347675","0.871199","0.142243","1.438489"
"2014-07-09","09 Jul 2014","2.102863","0.183891","3.013731","0.210501","3.325227","0.104983","0.347383","0.880038","0.154348","1.454983"
"2014-07-10","10 Jul 2014","2.107800","0.191575","3.003202","0.226535","3.309261","0.106263","0.368118","0.900468","0.157501","1.469373"
"2014-07-11","11 Jul 2014","2.100723","0.188625","3.003042","0.216560","3.311461","0.106876","0.353878","0.885491","0.157538","1.457600"
"2014-07-14","14 Jul 2014","2.095466","0.193735","2.976953","0.219086","3.277605","0.110931","0.356997","0.891637","0.163120","1.461473"
"2014-07-15","15 Jul 2014","2.062887","0.178219","2.942339","0.205602","3.242677","0.102503","0.343406","0.870671","0.150183","1.433551"
"2014-07-16","16 Jul 2014","2.046073","0.186294","2.917961","0.204368","3.215389","0.109001","0.335263","0.858119","0.159331","1.419687"
"2014-07-17","17 Jul 2014","2.023643","0.180242","2.889299","0.195697","3.184576","0.106871","0.324695","0.843691","0.155561","1.401536"
"2014-07-18","18 Jul 2014","2.008299","0.169160","2.875320","0.187205","3.171353","0.100594","0.317309","0.833074","0.146023","1.387629"
"2014-07-21","21 Jul 2014","1.993463","0.169922","2.861052","0.180995","3.157222","0.102796","0.305800","0.817742","0.148705","1.372191"
"2014-07-22","22 Jul 2014","1.977621","0.170712","2.860019","0.197078","3.162732","0.096309","0.322667","0.816352","0.141909","1.358031"
"2014-07-23","23 Jul 2014","1.950767","0.171627","2.836258","0.193915","3.140408","0.096981","0.313059","0.795748","0.143006","1.332352"
"2014-07-24","24 Jul 2014","1.977181","0.163926","2.864439","0.194795","3.169201","0.091668","0.323145","0.816450","0.135160","1.356891"
"2014-07-25","25 Jul 2014","1.946362","0.153782","2.834175","0.177089","3.139209","0.088892","0.300205","0.788005","0.129766","1.326560"
"2014-07-28","28 Jul 2014","1.924815","0.146093","2.811734","0.170738","3.116852","0.084507","0.293338","0.775263","0.123129","1.308483"
"2014-07-29","29 Jul 2014","1.900783","0.143664","2.782055","0.166158","3.085328","0.083645","0.285789","0.761178","0.121651","1.289218"
"2014-07-30","30 Jul 2014","1.911660","0.144909","2.783374","0.176098","3.083306","0.082026","0.302149","0.780770","0.120051","1.305855"
"2014-07-31","31 Jul 2014","1.962383","0.153729","2.838237","0.200794","3.139810","0.081914","0.338193","0.826659","0.121866","1.354550"
"2014-08-01","01 Aug 2014","1.974876","0.150808","2.829833","0.195506","3.123012","0.082878","0.337670","0.839559","0.122059","1.372184"
"2014-08-04","04 Aug 2014","1.931924","0.133115","2.788954","0.181065","3.083790","0.072771","0.322468","0.812388","0.106768","1.334667"
"2014-08-05","05 Aug 2014","1.964153","0.131112","2.832151","0.192970","3.131456","0.067906","0.344044","0.839949","0.100808","1.363450"
"2014-08-06","06 Aug 2014","1.960437","0.127467","2.792474","0.193825","3.078242","0.066269","0.352448","0.856574","0.097928","1.375686"
"2014-08-07","07 Aug 2014","1.945468","0.118467","2.772952","0.181804","3.057012","0.063210","0.339931","0.844318","0.092400","1.362763"
"2014-08-08","08 Aug 2014","1.910886","0.119528","2.743119","0.182107","3.029669","0.062551","0.333943","0.822419","0.092081","1.331461"
"2014-08-11","11 Aug 2014","1.907348","0.107024","2.747130","0.156613","3.035723","0.061211","0.304371","0.799945","0.087655","1.319006"
"2014-08-12","12 Aug 2014","1.889486","0.102139","2.748081","0.156362","3.044624","0.056284","0.302234","0.785776","0.081166","1.298425"
"2014-08-13","13 Aug 2014","1.887153","0.104597","2.755553","0.158010","3.055930","0.057126","0.301226","0.780401","0.082750","1.292670"
"2014-08-14","14 Aug 2014","1.840394","0.097047","2.687973","0.130900","2.979826","0.059713","0.263518","0.739584","0.083905","1.251859"
"2014-08-15","15 Aug 2014","1.798831","0.092779","2.652885","0.124978","2.948032","0.056897","0.251223","0.710973","0.079934","1.213440"
"2014-08-18","18 Aug 2014","1.827392","0.096969","2.676822","0.144823","2.970718","0.054627","0.281757","0.746909","0.078264","1.246532"
"2014-08-19","19 Aug 2014","1.835890","0.089892","2.663081","0.117247","2.946781","0.059688","0.251371","0.737128","0.082054","1.252805"
"2014-08-20","20 Aug 2014","1.803612","0.093991","2.622005","0.115785","2.902664","0.062583","0.243104","0.718185","0.086329","1.226968"
"2014-08-21","21 Aug 2014","1.803390","0.094462","2.611929","0.116388","2.888866","0.063209","0.245184","0.722776","0.087075","1.230853"
"2014-08-22","22 Aug 2014","1.799361","0.093676","2.600744","0.103231","2.874452","0.067463","0.227929","0.711622","0.091551","1.225731"
"2014-08-25","25 Aug 2014","1.723507","0.071659","2.541308","0.062551","2.821342","0.061057","0.170972","0.635210","0.079570","1.144964"
"2014-08-26","26 Aug 2014","1.703071","0.089318","2.518283","0.085244","2.798083","0.066078","0.188486","0.634703","0.089469","1.131941"
"2014-08-27","27 Aug 2014","1.636849","0.101083","2.456425","0.102363","2.739633","0.066762","0.194597","0.604487","0.093338","1.077356"
"2014-08-28","28 Aug 2014","1.664754","0.119468","2.458078","0.135399","2.731669","0.071597","0.237117","0.651862","0.102866","1.118741"
"2014-08-29","29 Aug 2014","1.651337","0.110459","2.471573","0.139180","2.756935","0.062254","0.243662","0.645386","0.090467","1.102719"
"2014-09-01","01 Sep 2014","1.690211","0.101670","2.511555","0.117875","2.795327","0.063726","0.223916","0.649535","0.089902","1.128151"
"2014-09-02","02 Sep 2014","1.707835","0.104444","2.560318","0.127149","2.856409","0.062166","0.233798","0.654968","0.088907","1.134712"
"2014-09-03","03 Sep 2014","1.726075","0.108585","2.593683","0.136208","2.895765","0.062359","0.244716","0.665961","0.090105","1.147236"
"2014-09-04","04 Sep 2014","1.652811","0.052225","2.589144","0.068722","2.919945","0.038301","0.169324","0.574671","0.050325","1.054037"
"2014-09-05","05 Sep 2014","1.600751","0.051545","2.560199","0.053970","2.900737","0.040388","0.138753","0.523074","0.052757","0.996711"
"2014-09-08","08 Sep 2014","1.598393","0.051500","2.552529","0.058167","2.891553","0.039209","0.145534","0.529095","0.051397","0.999014"
"2014-09-09","09 Sep 2014","1.700509","0.069863","2.701357","0.092541","3.058528","0.043503","0.191576","0.592232","0.060357","1.077994"
"2014-09-10","10 Sep 2014","1.735749","0.082574","2.736201","0.115685","3.093435","0.046606","0.221361","0.627315","0.066703","1.113757"
"2014-09-11","11 Sep 2014","1.733406","0.084178","2.720890","0.121338","3.073363","0.046348","0.229784","0.635880","0.066744","1.118410"
"2014-09-12","12 Sep 2014","1.807865","0.097144","2.753839","0.145929","3.087487","0.050997","0.269864","0.704148","0.074673","1.198523"
"2014-09-15","15 Sep 2014","1.805151","0.092980","2.731978","0.123898","3.055735","0.055094","0.241295","0.685750","0.078272","1.192336"
"2014-09-16","16 Sep 2014","1.825141","0.107272","2.759268","0.136308","3.085300","0.061981","0.250842","0.695637","0.089334","1.206535"
"2014-09-17","17 Sep 2014","1.771709","0.096735","2.715313","0.116466","3.045740","0.058723","0.221132","0.650109","0.083410","1.153754"
"2014-09-18","18 Sep 2014","1.799464","0.102406","2.731291","0.133872","3.057378","0.058577","0.247856","0.684471","0.084435","1.187092"
"2014-09-19","19 Sep 2014","1.710227","0.092598","2.679859","0.122237","3.024540","0.051899","0.223217","0.621990","0.074998","1.101154"
"2014-09-22","22 Sep 2014","1.719537","0.090565","2.661673","0.108664","2.992963","0.055341","0.207736","0.619848","0.078312","1.110289"
"2014-09-23","23 Sep 2014","1.735921","0.105627","2.667587","0.127777","2.994633","0.061129","0.228239","0.641190","0.088261","1.130539"
"2014-09-24","24 Sep 2014","1.678034","0.107908","2.640180","0.132718","2.982386","0.059151","0.224060","0.606355","0.086820","1.075982"
"2014-09-25","25 Sep 2014","1.689864","0.101731","2.636786","0.114047","2.970449","0.060892","0.203106","0.599156","0.087283","1.082390"
"2014-09-26","26 Sep 2014","1.700893","0.101501","2.624199","0.113182","2.947777","0.061926","0.205879","0.611928","0.088274","1.098744"
"2014-09-29","29 Sep 2014","1.711805","0.108603","2.617460","0.125798","2.934200","0.064022","0.222838","0.632490","0.092188","1.117120"
"2014-09-30","30 Sep 2014","1.681540","0.104516","2.598464","0.112748","2.919714","0.063927","0.201197","0.600779","0.091268","1.083477"
"2014-10-01","01 Oct 2014","1.632042","0.092048","2.551074","0.098605","2.874492","0.057880","0.182977","0.568750","0.081702","1.040427"
"2014-10-02","02 Oct 2014","1.662211","0.096489","2.579786","0.109994","2.902441","0.058442","0.200710","0.594629","0.083272","1.069634"
"2014-10-03","03 Oct 2014","1.666126","0.102937","2.574236","0.120548","2.893412","0.060262","0.213237","0.606764","0.086780","1.078704"
"2014-10-06","06 Oct 2014","1.657642","0.100587","2.564585","0.118690","2.883607","0.058948","0.211315","0.602718","0.084771","1.072256"
"2014-10-07","07 Oct 2014","1.664730","0.110882","2.572908","0.134249","2.892908","0.061824","0.227739","0.615527","0.090393","1.081422"
"2014-10-08","08 Oct 2014","1.645374","0.120482","2.557592","0.137750","2.879253","0.067087","0.222797","0.599492","0.098644","1.061821"
"2014-10-09","09 Oct 2014","1.621628","0.124865","2.538305","0.140407","2.862471","0.068747","0.220096","0.585099","0.101623","1.040582"
"2014-10-10","10 Oct 2014","1.631685","0.126359","2.538708","0.142035","2.858555","0.069827","0.223613","0.593933","0.103126","1.051996"
"2014-10-13","13 Oct 2014","1.653873","0.135945","2.565229","0.161603","2.887403","0.071292","0.248254","0.619204","0.106954","1.075045"
"2014-10-14","14 Oct 2014","1.609190","0.133475","2.532506","0.155571","2.860885","0.069977","0.234498","0.587788","0.105060","1.033113"
"2014-10-15","15 Oct 2014","1.596072","0.154809","2.481154","0.181376","2.794795","0.078208","0.259398","0.605043","0.119224","1.038779"
"2014-10-16","16 Oct 2014","1.631554","0.201770","2.513974","0.264738","2.830894","0.088199","0.355295","0.685338","0.141250","1.094235"
"2014-10-17","17 Oct 2014","1.709331","0.180640","2.609373","0.213853","2.926217","0.089414","0.300957","0.673725","0.137605","1.131660"
"2014-10-20","20 Oct 2014","1.730894","0.182545","2.622870","0.222619","2.936508","0.088906","0.316320","0.696547","0.137378","1.155763"
"2014-10-21","21 Oct 2014","1.730588","0.184765","2.624080","0.210751","2.936867","0.094105","0.296547","0.679530","0.143763","1.147769"
"2014-10-22","22 Oct 2014","1.721120","0.183778","2.620614","0.208358","2.935951","0.093688","0.291803","0.670476","0.143118","1.137144"
"2014-10-23","23 Oct 2014","1.740679","0.193341","2.641820","0.227504","2.958309","0.095220","0.315640","0.694454","0.147022","1.158469"
"2014-10-24","24 Oct 2014","1.728622","0.190989","2.626537","0.217893","2.941308","0.096242","0.301798","0.679857","0.147649","1.145660"
"2014-10-27","27 Oct 2014","1.731393","0.197821","2.616351","0.235823","2.927010","0.096153","0.325392","0.701158","0.149083","1.158688"
"2014-10-28","28 Oct 2014","1.689265","0.202319","2.601710","0.244366","2.925672","0.095053","0.326915","0.677025","0.149109","1.118329"
"2014-10-29","29 Oct 2014","1.679973","0.208316","2.594398","0.242975","2.918582","0.099475","0.318704","0.663986","0.155538","1.106418"
"2014-10-30","30 Oct 2014","1.651300","0.205628","2.564657","0.245887","2.890265","0.096071","0.322088","0.656463","0.151135","1.086804"
"2014-10-31","31 Oct 2014","1.601456","0.187646","2.509500","0.215912","2.833005","0.091029","0.284846","0.612377","0.141395","1.039769"
"2014-11-03","03 Nov 2014","1.612534","0.182049","2.524646","0.228761","2.852325","0.083555","0.310426","0.639806","0.131590","1.058508"
"2014-11-04","04 Nov 2014","1.590821","0.167981","2.497671","0.221890","2.825437","0.075336","0.309509","0.636997","0.119043","1.046655"
"2014-11-05","05 Nov 2014","1.626580","0.172071","2.528635","0.230028","2.853286","0.076715","0.323197","0.662125","0.121447","1.079098"
"2014-11-06","06 Nov 2014","1.614787","0.151911","2.537926","0.203327","2.871074","0.069488","0.294915","0.635921","0.108695","1.057985"
"2014-11-07","07 Nov 2014","1.618423","0.160138","2.544228","0.210232","2.878121","0.073311","0.299072","0.637374","0.114931","1.059825"
"2014-11-10","10 Nov 2014","1.601714","0.157019","2.543263","0.209868","2.885592","0.070656","0.298206","0.628534","0.111264","1.044217"
"2014-11-11","11 Nov 2014","1.591755","0.149095","2.532323","0.197669","2.873824","0.068347","0.284518","0.615703","0.106849","1.033091"
"2014-11-12","12 Nov 2014","1.576288","0.147511","2.507119","0.196814","2.845303","0.067364","0.283643","0.611610","0.105378","1.024073"
"2014-11-13","13 Nov 2014","1.587475","0.152887","2.511861","0.203464","2.846838","0.069578","0.291311","0.621824","0.109087","1.035806"
"2014-11-14","14 Nov 2014","1.577229","0.150399","2.509440","0.200193","2.848297","0.068429","0.286561","0.613219","0.107252","1.025004"
"2014-11-17","17 Nov 2014","1.585159","0.157567","2.513051","0.207265","2.849529","0.071666","0.292850","0.619872","0.112551","1.032787"
"2014-11-18","18 Nov 2014","1.562655","0.161027","2.508505","0.208089","2.853696","0.073107","0.287500","0.601986","0.115079","1.008909"
"2014-11-19","19 Nov 2014","1.602155","0.175011","2.544934","0.226496","2.887497","0.078518","0.309251","0.631441","0.124339","1.044586"
"2014-11-20","20 Nov 2014","1.569553","0.166049","2.517173","0.214492","2.863074","0.074924","0.294012","0.608157","0.118283","1.015157"
"2014-11-21","21 Nov 2014","1.526029","0.152610","2.479372","0.190714","2.828004","0.071231","0.262532","0.567670","0.111131","0.971451"
"2014-11-24","24 Nov 2014","1.503460","0.143823","2.466948","0.175804","2.820066","0.068650","0.243125","0.543291","0.106265","0.946242"
"2014-11-25","25 Nov 2014","1.475867","0.143709","2.444056","0.174814","2.800829","0.068282","0.238536","0.528267","0.105886","0.923164"
"2014-11-26","26 Nov 2014","1.466913","0.149170","2.416262","0.182918","2.765649","0.069979","0.247259","0.534167","0.109042","0.923442"
"2014-11-27","27 Nov 2014","1.411792","0.142886","2.346082","0.178948","2.692869","0.066041","0.242038","0.514772","0.103188","0.886445"
"2014-11-28","28 Nov 2014","1.376587","0.151441","2.311031","0.191474","2.661657","0.068007","0.251554","0.507829","0.107431","0.863571"
"2014-12-01","01 Dec 2014","1.359179","0.154973","2.283540","0.197336","2.631464","0.068735","0.257007","0.507092","0.109072","0.854996"
"2014-12-02","02 Dec 2014","1.392600","0.153348","2.316491","0.195513","2.661550","0.068635","0.258621","0.521003","0.108529","0.880007"
"2014-12-03","03 Dec 2014","1.391024","0.146175","2.315514","0.182721","2.659308","0.067076","0.243880","0.509381","0.105139","0.873635"
"2014-12-04","04 Dec 2014","1.401580","0.161636","2.320920","0.193152","2.660127","0.075079","0.248354","0.511668","0.117781","0.880037"
"2014-12-05","05 Dec 2014","1.378053","0.159933","2.297416","0.192954","2.638607","0.073574","0.247256","0.502934","0.115718","0.863095"
"2014-12-08","08 Dec 2014","1.361328","0.162036","2.265705","0.193837","2.600739","0.074701","0.246154","0.497560","0.117491","0.853207"
"2014-12-09","09 Dec 2014","1.358777","0.179471","2.240513","0.219065","2.567307","0.080183","0.272984","0.518341","0.127663","0.864116"
"2014-12-10","10 Dec 2014","1.380888","0.198837","2.256104","0.241117","2.579104","0.088008","0.294240","0.539209","0.140944","0.886083"
"2014-12-11","11 Dec 2014","1.365423","0.190305","2.223082","0.238963","2.540742","0.082760","0.298036","0.543761","0.132989","0.882956"
"2014-12-12","12 Dec 2014","1.344042","0.191453","2.199365","0.247476","2.519604","0.081000","0.309115","0.546640","0.131254","0.873256"
"2014-12-15","15 Dec 2014","1.332995","0.201551","2.182687","0.260982","2.502081","0.084216","0.321474","0.551121","0.137224","0.869687"
"2014-12-16","16 Dec 2014","1.323670","0.209965","2.142107","0.268841","2.447191","0.088112","0.327760","0.555171","0.143556","0.870115"
"2014-12-17","17 Dec 2014","1.301603","0.198034","2.129136","0.258248","2.440710","0.082345","0.318603","0.542506","0.134303","0.851654"
"2014-12-18","18 Dec 2014","1.302845","0.168003","2.151735","0.215567","2.469592","0.072874","0.274430","0.510324","0.116725","0.835236"
"2014-12-19","19 Dec 2014","1.295084","0.162027","2.154467","0.211180","2.478571","0.069741","0.271376","0.505773","0.111809","0.827974"
"2014-12-22","22 Dec 2014","1.281414","0.150353","2.141115","0.196990","2.465795","0.065330","0.257377","0.492717","0.104145","0.814851"
"2014-12-23","23 Dec 2014","1.273251","0.135834","2.129600","0.182826","2.453749","0.059141","0.246836","0.486814","0.093776","0.809043"
"2014-12-24","24 Dec 2014","1.273805","0.134273","2.129490","0.180446","2.452985","0.058715","0.244405","0.485424","0.092935","0.808796"
"2014-12-29","29 Dec 2014","1.264269","0.152079","2.110191","0.192070","2.427315","0.067642","0.246766","0.477804","0.107214","0.799576"
"2014-12-30","30 Dec 2014","1.227526","0.122597","2.086352","0.160931","2.412672","0.055139","0.218402","0.449136","0.086304","0.766119"
"2014-12-31","31 Dec 2014","1.228449","0.119407","2.085900","0.156254","2.410946","0.054218","0.213726","0.446502","0.084528","0.765611"
"2015-01-02","02 Jan 2015","1.158300","0.086179","2.024878","0.116876","2.359584","0.040941","0.172641","0.396964","0.061936","0.704822"
"2015-01-05","05 Jan 2015","1.164797","0.092589","2.021210","0.128025","2.352067","0.042616","0.186428","0.411269","0.065263","0.716446"
"2015-01-06","06 Jan 2015","1.119840","0.085663","1.915465","0.129925","2.224689","0.037610","0.195742","0.417790","0.057905","0.704391"
"2015-01-07","07 Jan 2015","1.188764","0.078180","1.978199","0.139410","2.286136","0.031400","0.225647","0.475625","0.048900","0.772494"
"2015-01-08","08 Jan 2015","1.211068","0.075703","2.010235","0.138530","2.321714","0.030193","0.228006","0.485259","0.046927","0.788270"
"2015-01-09","09 Jan 2015","1.235733","0.074790","2.057708","0.135121","2.376797","0.030514","0.223973","0.486455","0.047095","0.799003"
"2015-01-12","12 Jan 2015","1.169460","0.078842","1.982856","0.133066","2.301806","0.032907","0.211388","0.451396","0.050865","0.746881"
"2015-01-13","13 Jan 2015","1.132063","0.064989","1.937774","0.120490","2.260038","0.026578","0.201265","0.437912","0.040496","0.723170"
"2015-01-14","14 Jan 2015","1.086567","0.061637","1.897927","0.110926","2.226064","0.026107","0.184329","0.407270","0.039291","0.683305"
"2015-01-15","15 Jan 2015","1.087959","0.043321","1.909917","0.093351","2.247554","0.018422","0.172538","0.404747","0.026323","0.683868"
"2015-01-16","16 Jan 2015","1.036270","0.030465","1.862192","0.070745","2.204208","0.014814","0.142201","0.363356","0.019396","0.636004"
"2015-01-19","19 Jan 2015","1.025150","0.034945","1.849380","0.071892","2.188130","0.017272","0.138574","0.353344","0.023268","0.624280"
"2015-01-20","20 Jan 2015","1.039979","0.040279","1.857033","0.083879","2.194781","0.018170","0.155632","0.374306","0.025436","0.643813"
"2015-01-21","21 Jan 2015","1.075445","0.041953","1.890334","0.090906","2.225193","0.018020","0.168987","0.398665","0.025567","0.675068"
"2015-01-22","22 Jan 2015","1.090975","0.003596","1.924292","0.040051","2.260220","0.005151","0.119832","0.369445","0.002206","0.667954"
"2015-01-23","23 Jan 2015","0.937252","-0.000873","1.643623","0.033827","1.931267","0.002943","0.106932","0.325641","-0.001262","0.580190"
"2015-01-26","26 Jan 2015","0.930706","0.022120","1.602111","0.062999","1.872452","0.011087","0.134893","0.344273","0.013229","0.588229"
"2015-01-27","27 Jan 2015","0.949596","0.027389","1.613447","0.072414","1.879114","0.012544","0.147636","0.361503","0.016042","0.607415"
"2015-01-28","28 Jan 2015","0.962333","0.038765","1.632204","0.081294","1.895890","0.017856","0.151947","0.362631","0.024720","0.612321"
"2015-01-29","29 Jan 2015","0.943305","0.012103","1.625042","0.063000","1.916859","0.004990","0.147094","0.368370","0.003857","0.609917"
"2015-01-30","30 Jan 2015","0.942022","0.025825","1.606375","0.061652","1.866174","0.013900","0.129554","0.340158","0.017314","0.591360"
"2015-02-02","02 Feb 2015","0.917251","0.018349","1.552663","0.051034","1.798422","0.011486","0.117920","0.327469","0.012877","0.575447"
"2015-02-03","03 Feb 2015","0.936988","0.005769","1.566720","0.040533","1.808964","0.006096","0.114302","0.337223","0.003806","0.592520"
"2015-02-04","04 Feb 2015","0.943567","-0.003882","1.572448","0.026606","1.811424","0.003215","0.100469","0.329933","-0.001667","0.592697"
"2015-02-05","05 Feb 2015","0.945993","-0.009017","1.569476","0.022020","1.805886","0.001043","0.098152","0.331632","-0.005331","0.595890"
"2015-02-06","06 Feb 2015","0.949099","-0.010592","1.566365","0.018606","1.798315","0.000927","0.094382","0.330303","-0.005822","0.597495"
"2015-02-09","09 Feb 2015","0.988793","0.001607","1.612351","0.039737","1.847240","0.004260","0.121557","0.364028","0.000667","0.634317"
"2015-02-10","10 Feb 2015","1.008085","-0.005426","1.622828","0.033100","1.851651","0.001594","0.119186","0.372531","-0.004021","0.650312"
"2015-02-11","11 Feb 2015","1.007831","-0.002078","1.616966","0.038833","1.843959","0.002446","0.125939","0.378400","-0.002304","0.653688"
"2015-02-12","12 Feb 2015","1.003414","-0.003756","1.612380","0.028215","1.836181","0.003920","0.109243","0.361120","-0.000954","0.642334"
"2015-02-13","13 Feb 2015","0.980062","-0.001774","1.591545","0.024371","1.816395","0.005840","0.098675","0.341534","0.001758","0.619387"
"2015-02-16","16 Feb 2015","1.024899","-0.003737","1.621168","0.020458","1.835476","0.006515","0.099435","0.361666","0.001969","0.655777"
"2015-02-17","17 Feb 2015","1.029528","-0.007398","1.624031","0.017930","1.837541","0.004810","0.099171","0.364912","-0.000835","0.660390"
"2015-02-18","18 Feb 2015","1.057470","-0.008118","1.654036","0.025945","1.868881","0.002615","0.115466","0.390022","-0.003567","0.687824"
"2015-02-19","19 Feb 2015","1.047527","-0.000884","1.647912","0.031007","1.864549","0.005978","0.116001","0.383277","0.001950","0.678066"
"2015-02-20","20 Feb 2015","1.010964","-0.007724","1.631636","0.005800","1.855252","0.007084","0.076056","0.332289","0.001814","0.630507"
"2015-02-23","23 Feb 2015","0.977569","-0.014505","1.672961","-0.000905","1.934576","0.002747","0.063488","0.299718","-0.004498","0.587240"
"2015-02-24","24 Feb 2015","0.974644","-0.022497","1.666726","-0.001882","1.930764","-0.002254","0.069679","0.309656","-0.012073","0.592328"
"2015-02-25","25 Feb 2015","0.933362","-0.023626","1.620368","-0.006424","1.884852","-0.002364","0.059875","0.287652","-0.012389","0.560094"
"2015-02-26","26 Feb 2015","0.858694","-0.045801","1.524475","-0.037138","1.783415","-0.010183","0.024120","0.241184","-0.026254","0.501271"
"2015-02-27","27 Feb 2015","0.868160","-0.044024","1.527868","-0.037917","1.780397","-0.008708","0.021870","0.241345","-0.024161","0.506370"
"2015-03-02","02 Mar 2015","0.869930","-0.039952","1.534350","-0.035752","1.787861","-0.006595","0.021427","0.238707","-0.020804","0.504905"
"2015-03-03","03 Mar 2015","0.913242","-0.036481","1.578543","-0.025433","1.831080","-0.006270","0.039251","0.269078","-0.019739","0.543056"
"2015-03-04","04 Mar 2015","0.925725","-0.035025","1.592955","-0.017115","1.848915","-0.007158","0.053147","0.286619","-0.020479","0.558790"
"2015-03-05","05 Mar 2015","0.877025","-0.054515","1.531607","-0.050812","1.779565","-0.012309","0.011078","0.238981","-0.030669","0.510982"
"2015-03-06","06 Mar 2015","0.863667","-0.055618","1.492112","-0.055915","1.726307","-0.011720","0.003575","0.230964","-0.030237","0.502706"
"2015-03-09","09 Mar 2015","0.826816","-0.029278","1.468158","-0.034336","1.709556","-0.000281","0.010777","0.211473","-0.011076","0.469623"
"2015-03-10","10 Mar 2015","0.722721","-0.027429","1.394812","-0.050480","1.653997","0.003195","-0.028949","0.132131","-0.006400","0.369990"
"2015-03-11","11 Mar 2015","0.701320","-0.063498","1.237642","-0.071383","1.438261","-0.014404","-0.024382","0.165699","-0.034935","0.395176"
"2015-03-12","12 Mar 2015","0.700843","-0.065563","1.211692","-0.069720","1.401278","-0.015926","-0.018291","0.176173","-0.037194","0.403576"
"2015-03-13","13 Mar 2015","0.732772","-0.069221","1.238245","-0.064766","1.425924","-0.019066","-0.003269","0.204383","-0.041714","0.436080"
"2015-03-16","16 Mar 2015","0.720318","-0.070484","1.195784","-0.061654","1.371581","-0.020532","0.003705","0.212037","-0.043719","0.437263"
"2015-03-17","17 Mar 2015","0.773682","-0.055067","1.258508","-0.037367","1.437229","-0.015707","0.034101","0.251455","-0.034806","0.483507"
"2015-03-18","18 Mar 2015","0.779505","-0.049215","1.280038","-0.029245","1.467137","-0.013905","0.041989","0.256475","-0.031418","0.487041"
"2015-03-19","19 Mar 2015","0.754892","-0.033753","1.263430","-0.016415","1.455400","-0.007275","0.046233","0.244044","-0.020261","0.465533"
"2015-03-20","20 Mar 2015","0.742943","-0.068195","1.257854","-0.055402","1.454456","-0.020553","0.012442","0.222587","-0.043239","0.450423"
"2015-03-23","23 Mar 2015","0.784104","-0.062788","1.291691","-0.041116","1.484250","-0.019873","0.035359","0.257568","-0.041345","0.490705"
"2015-03-24","24 Mar 2015","0.799817","-0.060764","1.310399","-0.036497","1.504097","-0.019486","0.042463","0.268550","-0.040476","0.504198"
"2015-03-25","25 Mar 2015","0.811897","-0.062718","1.323046","-0.037263","1.516308","-0.020434","0.044049","0.274946","-0.042026","0.513910"
"2015-03-26","26 Mar 2015","0.815691","-0.078928","1.313935","-0.054585","1.499967","-0.026704","0.031277","0.272803","-0.052896","0.517412"
"2015-03-27","27 Mar 2015","0.819780","-0.082556","1.327895","-0.059867","1.517959","-0.027836","0.025703","0.268996","-0.055001","0.516697"
"2015-03-30","30 Mar 2015","0.795346","-0.065743","1.309814","-0.043728","1.505140","-0.021086","0.034453","0.260934","-0.043416","0.497815"
"2015-03-31","31 Mar 2015","0.767561","-0.092280","1.288979","-0.081428","1.486356","-0.029765","-0.006558","0.222403","-0.059270","0.464284"
"2015-04-01","01 Apr 2015","0.746422","-0.096217","1.236310","-0.084182","1.420501","-0.031664","-0.007660","0.220496","-0.062350","0.456222"
"2015-04-02","02 Apr 2015","0.763996","-0.094124","1.263183","-0.080273","1.451200","-0.031093","-0.001980","0.229782","-0.061245","0.469061"
"2015-04-07","07 Apr 2015","0.744976","-0.096143","1.246797","-0.085754","1.436827","-0.031342","-0.011045","0.215125","-0.061945","0.451361"
"2015-04-08","08 Apr 2015","0.741388","-0.100134","1.278761","-0.095444","1.485938","-0.031940","-0.025487","0.197021","-0.063464","0.436479"
"2015-04-09","09 Apr 2015","0.748230","-0.101325","1.293719","-0.096963","1.504380","-0.032331","-0.026698","0.197600","-0.064182","0.439545"
"2015-04-10","10 Apr 2015","0.753673","-0.102524","1.301762","-0.098070","1.513223","-0.032804","-0.027083","0.199215","-0.065000","0.443008"
"2015-04-13","13 Apr 2015","0.751655","-0.095742","1.288189","-0.088337","1.495035","-0.030642","-0.016750","0.207194","-0.061011","0.446950"
"2015-04-14","14 Apr 2015","0.757021","-0.096909","1.296367","-0.089432","1.504135","-0.031099","-0.017162","0.208718","-0.061803","0.450303"
"2015-04-15","15 Apr 2015","0.734726","-0.082743","1.277639","-0.074558","1.490697","-0.025692","-0.007506","0.204279","-0.052373","0.435206"
"2015-04-16","16 Apr 2015","0.746014","-0.094971","1.271407","-0.086832","1.473169","-0.030485","-0.014929","0.208179","-0.060663","0.445678"
"2015-04-17","17 Apr 2015","0.789342","-0.088780","1.314835","-0.073196","1.514981","-0.029190","0.005858","0.240171","-0.057871","0.484476"
"2015-04-20","20 Apr 2015","0.771869","-0.082195","1.307445","-0.068106","1.514769","-0.026383","0.006312","0.230779","-0.053126","0.469065"
"2015-04-21","21 Apr 2015","0.798559","-0.086498","1.347230","-0.071628","1.558749","-0.028131","0.006111","0.239592","-0.056129","0.486363"
"2015-04-22","22 Apr 2015","0.784516","-0.085745","1.328984","-0.072001","1.539434","-0.027685","0.003779","0.232890","-0.055428","0.475992"
"2015-04-23","23 Apr 2015","0.782933","-0.099649","1.350150","-0.059953","1.564314","-0.112888","0.011985","0.223735","-0.109242","0.463747"
"2015-04-24","24 Apr 2015","0.799968","-0.099790","1.371079","-0.060132","1.583135","-0.124306","0.009334","0.223240","-0.114888","0.471121"
"2015-04-27","27 Apr 2015","0.784287","-0.101104","1.368652","-0.055772","1.588993","-0.136501","0.012700","0.217589","-0.122738","0.458051"
"2015-04-28","28 Apr 2015","0.776921","-0.107835","1.362061","-0.064701","1.582118","-0.141738","0.002457","0.207258","-0.128373","0.449023"
"2015-04-29","29 Apr 2015","0.890967","-0.103753","1.499508","-0.045050","1.730927","-0.126729","0.045872","0.287892","-0.120688","0.549142"
"2015-04-30","30 Apr 2015","0.960611","-0.095904","1.577398","-0.031548","1.808404","-0.122085","0.067277","0.327710","-0.114970","0.604692"
"2015-05-04","04 May 2015","1.007864","-0.103494","1.620377","-0.034724","1.846315","-0.127719","0.072861","0.352617","-0.121886","0.643318"
"2015-05-05","05 May 2015","1.145248","-0.106393","1.781241","-0.021561","1.998911","-0.113026","0.113819","0.439750","-0.117830","0.757646"
"2015-05-06","06 May 2015","1.250068","-0.105035","1.925993","-0.016656","2.142591","-0.108102","0.128349","0.481681","-0.114829","0.828141"
"2015-05-07","07 May 2015","1.239632","-0.110483","1.903869","-0.029456","2.119514","-0.100459","0.114235","0.470511","-0.112529","0.819200"
"2015-05-08","08 May 2015","1.187716","-0.111559","1.844620","-0.037533","2.044488","-0.101333","0.096440","0.435141","-0.112746","0.773208"
"2015-05-11","11 May 2015","1.224823","-0.108862","1.890935","-0.037356","2.085664","-0.091767","0.098752","0.447767","-0.106071","0.797352"
"2015-05-12","12 May 2015","1.339765","-0.109196","2.034461","-0.022770","2.223962","-0.102165","0.128969","0.508270","-0.113262","0.883870"
"2015-05-13","13 May 2015","1.302125","-0.107543","2.008983","-0.029242","2.209183","-0.095095","0.114594","0.481298","-0.107872","0.849513"
"2015-05-14","14 May 2015","1.345031","-0.109387","2.081909","-0.029290","2.308344","-0.093493","0.119954","0.500016","-0.108049","0.879834"
"2015-05-15","15 May 2015","1.289355","-0.115148","1.994483","-0.042033","2.202222","-0.094035","0.100486","0.468321","-0.110315","0.837567"
"2015-05-18","18 May 2015","1.334962","-0.116291","2.052361","-0.033273","2.245548","-0.107252","0.115550","0.492618","-0.118897","0.870659"
"2015-05-19","19 May 2015","1.294475","-0.122150","1.991466","-0.051605","2.179894","-0.096909","0.090776","0.462352","-0.114808","0.836911"
"2015-05-20","20 May 2015","1.284803","-0.124989","1.969510","-0.057151","2.151305","-0.095538","0.084305","0.455716","-0.115118","0.829806"
"2015-05-21","21 May 2015","1.302989","-0.127310","1.991426","-0.055819","2.189562","-0.097597","0.090694","0.470366","-0.117707","0.848062"
"2015-05-22","22 May 2015","1.293598","-0.128104","1.983142","-0.052843","2.185912","-0.105029","0.093987","0.469972","-0.122459","0.843091"
"2015-05-25","25 May 2015","1.292314","-0.124428","1.985691","-0.050836","2.174893","-0.102982","0.092970","0.464594","-0.119444","0.837551"
"2015-05-26","26 May 2015","1.309397","-0.123125","1.995403","-0.044332","2.193795","-0.103775","0.104926","0.483801","-0.119837","0.858319"
"2015-05-27","27 May 2015","1.279054","-0.117119","1.958466","-0.046359","2.154715","-0.090664","0.096312","0.465479","-0.109204","0.833648"
"2015-05-28","28 May 2015","1.261340","-0.117750","1.934362","-0.042670","2.133921","-0.098899","0.100151","0.463824","-0.114381","0.824637"
"2015-05-29","29 May 2015","1.253334","-0.112577","1.914340","-0.042649","2.119511","-0.083890","0.099252","0.463554","-0.103454","0.822834"
"2015-06-01","01 Jun 2015","1.267870","-0.113904","1.931640","-0.041085","2.113517","-0.092607","0.100685","0.465030","-0.108964","0.828232"
"2015-06-02","02 Jun 2015","1.436106","-0.105985","2.095085","-0.005635","2.255763","-0.102782","0.163757","0.575407","-0.113531","0.971329"
"2015-06-03","03 Jun 2015","1.566437","-0.094852","2.280861","0.010501","2.417435","-0.093944","0.188333","0.626288","-0.103981","1.055064"
"2015-06-04","04 Jun 2015","1.560142","-0.109034","2.245354","-0.009331","2.396087","-0.090444","0.172400","0.622798","-0.108173","1.056422"
"2015-06-05","05 Jun 2015","1.628448","-0.107685","2.308643","0.005454","2.468471","-0.094965","0.201833","0.675420","-0.111398","1.121024"
"2015-06-08","08 Jun 2015","1.661080","-0.103991","2.352422","0.011808","2.514240","-0.092398","0.211614","0.692764","-0.108561","1.145423"
"2015-06-09","09 Jun 2015","1.727356","-0.100683","2.440998","0.023334","2.597405","-0.097075","0.230373","0.725874","-0.110309","1.192953"
"2015-06-10","10 Jun 2015","1.753226","-0.091560","2.493993","0.028481","2.638212","-0.086927","0.231955","0.726777","-0.100137","1.201359"
"2015-06-11","11 Jun 2015","1.646784","-0.099379","2.365663","0.020220","2.558396","-0.096421","0.218636","0.691180","-0.108997","1.135668"
"2015-06-12","12 Jun 2015","1.719351","-0.062577","2.445975","0.069378","2.557845","-0.087844","0.267581","0.735496","-0.088415","1.185880"
"2015-06-15","15 Jun 2015","1.751528","-0.031273","2.455156","0.125256","2.561230","-0.089706","0.333444","0.799073","-0.077479","1.236681"
"2015-06-16","16 Jun 2015","1.722791","-0.024907","2.418985","0.128587","2.602865","-0.071582","0.338704","0.804899","-0.064646","1.232385"
"2015-06-17","17 Jun 2015","1.712241","-0.051211","2.402478","0.089711","2.577770","-0.075964","0.298162","0.773745","-0.077893","1.212488"
"2015-06-18","18 Jun 2015","1.677849","-0.052834","2.357765","0.080846","2.514228","-0.073860","0.281955","0.746713","-0.076741","1.180256"
"2015-06-19","19 Jun 2015","1.673672","-0.053827","2.367971","0.077258","2.479842","-0.081032","0.271643","0.726702","-0.080673","1.161634"
"2015-06-22","22 Jun 2015","1.669430","-0.063529","2.393121","0.059012","2.526985","-0.079049","0.250062","0.706558","-0.083212","1.147264"
"2015-06-23","23 Jun 2015","1.635963","-0.075423","2.380346","0.034908","2.506229","-0.080323","0.216784","0.664136","-0.088115","1.105055"
"2015-06-24","24 Jun 2015","1.624615","-0.065007","2.381689","0.041916","2.502208","-0.070449","0.218578","0.656502","-0.077628","1.092793"
"2015-06-25","25 Jun 2015","1.641170","-0.081357","2.408480","0.022016","2.534179","-0.077778","0.200806","0.649662","-0.088748","1.097493"
"2015-06-26","26 Jun 2015","1.694990","-0.078340","2.478677","0.023867","2.563879","-0.072179","0.204366","0.663825","-0.084144","1.127575"
"2015-06-29","29 Jun 2015","1.721983","-0.043887","2.496620","0.086537","2.587211","-0.077478","0.277075","0.729895","-0.073985","1.176100"
"2015-06-30","30 Jun 2015","1.693510","-0.051697","2.478732","0.074518","2.542065","-0.085110","0.259264","0.702320","-0.081254","1.144606"
"2015-07-01","01 Jul 2015","1.692132","-0.068539","2.488274","0.056286","2.583004","-0.096979","0.242833","0.692217","-0.095282","1.139663"
"2015-07-02","02 Jul 2015","1.750608","-0.071526","2.557849","0.057748","2.643615","-0.100166","0.251497","0.717976","-0.098787","1.181242"
"2015-07-03","03 Jul 2015","1.724488","-0.073582","2.511368","0.049478","2.599763","-0.094027","0.239995","0.703053","-0.095825","1.162758"
"2015-07-06","06 Jul 2015","1.697373","-0.063808","2.463964","0.065159","2.594603","-0.091326","0.257501","0.714216","-0.090535","1.159635"
"2015-07-07","07 Jul 2015","1.617934","-0.066502","2.362120","0.053958","2.482058","-0.090608","0.235693","0.670823","-0.090562","1.098351"
"2015-07-08","08 Jul 2015","1.586020","-0.075252","2.303205","0.043558","2.412060","-0.097763","0.223661","0.654589","-0.098309","1.076449"
"2015-07-09","09 Jul 2015","1.595387","-0.080098","2.344504","0.030049","2.408736","-0.095991","0.203876","0.632305","-0.098637","1.063041"
"2015-07-10","10 Jul 2015","1.688379","-0.086737","2.450850","0.025184","2.506128","-0.094272","0.209374","0.667827","-0.100896","1.127210"
"2015-07-13","13 Jul 2015","1.686317","-0.096786","2.504257","0.009503","2.546415","-0.102369","0.187899","0.640898","-0.109268","1.105111"
"2015-07-14","14 Jul 2015","1.636205","-0.100100","2.465634","0.004099","2.546523","-0.107210","0.177476","0.616915","-0.113232","1.068019"
"2015-07-15","15 Jul 2015","1.532015","-0.112318","2.331088","-0.018696","2.472004","-0.108372","0.145790","0.566568","-0.118527","0.996111"
"2015-07-16","16 Jul 2015","1.538146","-0.112945","2.341831","-0.015363","2.487755","-0.113875","0.151175","0.573116","-0.122180","1.002438"
"2015-07-17","17 Jul 2015","1.459197","-0.121405","2.247411","-0.035018","2.388045","-0.114466","0.120496","0.523067","-0.125298","0.937696"
"2015-07-20","20 Jul 2015","1.420240","-0.125785","2.210995","-0.047963","2.354393","-0.111345","0.100552","0.493210","-0.124781","0.902169"
"2015-07-21","21 Jul 2015","1.463496","-0.122045","2.249910","-0.039503","2.383675","-0.109321","0.115011","0.519707","-0.122426","0.937959"
"2015-07-22","22 Jul 2015","1.451606","-0.121307","2.238305","-0.039709","2.375639","-0.108664","0.113197","0.514143","-0.121642","0.929127"
"2015-07-23","23 Jul 2015","1.424805","-0.121601","2.206275","-0.044768","2.344467","-0.105024","0.103907","0.497868","-0.119349","0.907605"
"2015-07-24","24 Jul 2015","1.385338","-0.124371","2.145994","-0.051742","2.276148","-0.104926","0.092499","0.477530","-0.120172","0.878893"
"2015-07-27","27 Jul 2015","1.376191","-0.116340","2.125201","-0.036046","2.261475","-0.108232","0.110164","0.490167","-0.119048","0.882321"
"2015-07-28","28 Jul 2015","1.402845","-0.123968","2.160407","-0.050576","2.267285","-0.104931","0.094907","0.483828","-0.120041","0.890032"
"2015-07-29","29 Jul 2015","1.413720","-0.124586","2.169913","-0.053401","2.270789","-0.101210","0.092405","0.485302","-0.118089","0.896183"
"2015-07-30","30 Jul 2015","1.377764","-0.132896","2.129051","-0.066284","2.231428","-0.105998","0.075234","0.460732","-0.124053","0.865916"
"2015-07-31","31 Jul 2015","1.351172","-0.130448","2.085693","-0.066579","2.183483","-0.101929","0.071750","0.450264","-0.120475","0.848497"
"2015-08-03","03 Aug 2015","1.327780","-0.125718","2.062716","-0.060302","2.169760","-0.102437","0.075826","0.445379","-0.118742","0.834333"
"2015-08-04","04 Aug 2015","1.343227","-0.135994","2.085838","-0.072747","2.187108","-0.107575","0.064638","0.441553","-0.126008","0.839305"
"2015-08-05","05 Aug 2015","1.438371","-0.129530","2.203158","-0.056800","2.319939","-0.103987","0.093103","0.495792","-0.122020","0.914455"
"2015-08-06","06 Aug 2015","1.427104","-0.136998","2.200688","-0.070647","2.271192","-0.107752","0.073540","0.470748","-0.126800","0.891901"
"2015-08-07","07 Aug 2015","1.394162","-0.140062","2.176559","-0.080476","2.253523","-0.105613","0.057616","0.445533","-0.126384","0.861336"
"2015-08-10","10 Aug 2015","1.386820","-0.139563","2.157145","-0.077731","2.232215","-0.108122","0.061093","0.447572","-0.127745","0.859957"
"2015-08-11","11 Aug 2015","1.340049","-0.137806","2.101838","-0.083765","2.163009","-0.101682","0.046886","0.418991","-0.122691","0.821290"
"2015-08-12","12 Aug 2015","1.339643","-0.138812","2.088950","-0.084557","2.143160","-0.102099","0.046809","0.420290","-0.123405","0.822838"
"2015-08-13","13 Aug 2015","1.349768","-0.139741","2.087529","-0.079232","2.187011","-0.105599","0.058653","0.440194","-0.126394","0.842564"
"2015-08-14","14 Aug 2015","1.372377","-0.137697","2.113324","-0.078086","2.168707","-0.103491","0.059360","0.443533","-0.124177","0.852699"
"2015-08-17","17 Aug 2015","1.324641","-0.134333","2.052537","-0.076406","2.150202","-0.099595","0.057775","0.430979","-0.120420","0.825777"
"2015-08-18","18 Aug 2015","1.356052","-0.130154","2.088409","-0.060967","2.190829","-0.107953","0.080162","0.459846","-0.124129","0.856540"
"2015-08-19","19 Aug 2015","1.376827","-0.126402","2.113740","-0.055764","2.214198","-0.104692","0.087350","0.471547","-0.120776","0.872484"
"2015-08-20","20 Aug 2015","1.320103","-0.129549","2.065855","-0.065517","2.151599","-0.107622","0.067887","0.433034","-0.123140","0.821545"
"2015-08-21","21 Aug 2015","1.362117","-0.126712","2.088350","-0.048916","2.166318","-0.117596","0.094848","0.472416","-0.128596","0.865358"
"2015-08-24","24 Aug 2015","1.351629","-0.118160","2.058543","-0.040221","2.131199","-0.109994","0.102644","0.476262","-0.120588","0.863695"
"2015-08-25","25 Aug 2015","1.487556","-0.116034","2.237715","-0.025908","2.316564","-0.112000","0.133336","0.543034","-0.121843","0.963203"
"2015-08-26","26 Aug 2015","1.508804","-0.108561","2.264988","-0.015400","2.304209","-0.110480","0.144278","0.553853","-0.117850","0.976509"
"2015-08-27","27 Aug 2015","1.467286","-0.109752","2.234210","-0.015107","2.336060","-0.115656","0.142651","0.542113","-0.121391","0.951580"
"2015-08-28","28 Aug 2015","1.435396","-0.113836","2.189181","-0.020756","2.277532","-0.120653","0.133711","0.525106","-0.125820","0.927325"
"2015-08-31","31 Aug 2015","1.462291","-0.105701","2.217891","-0.015778","2.319351","-0.104895","0.140093","0.539142","-0.113256","0.948635"
"2015-09-01","01 Sep 2015","1.528938","-0.109952","2.296133","-0.009163","2.392375","-0.116950","0.157405","0.575634","-0.122774","1.000227"
"2015-09-02","02 Sep 2015","1.540412","-0.111336","2.304432","-0.012779","2.393140","-0.113712","0.154310","0.577100","-0.121432","1.006821"
"2015-09-03","03 Sep 2015","1.493037","-0.126415","2.272052","-0.043755","2.344346","-0.113465","0.112140","0.523784","-0.126628","0.952456"
"2015-09-04","04 Sep 2015","1.441601","-0.131124","2.216744","-0.058221","2.291810","-0.109827","0.089383","0.488297","-0.125873","0.908397"
"2015-09-07","07 Sep 2015","1.442881","-0.124200","2.244536","-0.054372","2.311206","-0.102616","0.089284","0.482520","-0.118463","0.902283"
"2015-09-08","08 Sep 2015","1.415611","-0.125740","2.228882","-0.058140","2.348685","-0.101858","0.083357","0.471101","-0.118576","0.884102"
"2015-09-09","09 Sep 2015","1.436768","-0.126554","2.246393","-0.059718","2.388229","-0.096495","0.085348","0.483089","-0.115997","0.903002"
"2015-09-10","10 Sep 2015","1.416138","-0.122537","2.213866","-0.058445","2.353562","-0.090629","0.083679","0.475388","-0.110723","0.889593"
"2015-09-11","11 Sep 2015","1.414038","-0.117481","2.211910","-0.054160","2.352602","-0.085373","0.086918","0.476457","-0.105484","0.888944"
"2015-09-14","14 Sep 2015","1.394512","-0.120793","2.220467","-0.056072","2.411524","-0.091808","0.084133","0.468346","-0.110648","0.874643"
"2015-09-15","15 Sep 2015","1.443436","-0.119371","2.265163","-0.046681","2.447997","-0.095493","0.101667","0.500064","-0.112767","0.916239"
"2015-09-16","16 Sep 2015","1.476970","-0.113794","2.294605","-0.037605","2.471350","-0.091100","0.115200","0.522362","-0.108172","0.945017"
"2015-09-17","17 Sep 2015","1.480628","-0.104757","2.301165","-0.021715","2.487810","-0.092144","0.133133","0.537437","-0.105269","0.954681"
"2015-09-18","18 Sep 2015","1.340554","-0.118099","2.145541","-0.050823","2.333147","-0.098271","0.085244","0.452754","-0.113180","0.841042"
"2015-09-21","21 Sep 2015","1.374566","-0.111689","2.192700","-0.041202","2.382019","-0.094167","0.098183","0.472380","-0.108318","0.866992"
"2015-09-22","22 Sep 2015","1.326090","-0.119926","2.151776","-0.056369","2.351177","-0.097976","0.075934","0.437869","-0.113483","0.824141"
"2015-09-23","23 Sep 2015","1.318953","-0.119585","2.132462","-0.055177","2.328114","-0.098716","0.077337","0.438125","-0.113822","0.821854"
"2015-09-24","24 Sep 2015","1.291778","-0.121113","2.080850","-0.057214","2.268877","-0.100683","0.073733","0.429118","-0.115558","0.805782"
"2015-09-25","25 Sep 2015","1.366649","-0.115926","2.172145","-0.045270","2.353439","-0.098307","0.094334","0.468479","-0.112526","0.862080"
"2015-09-28","28 Sep 2015","1.325159","-0.120038","2.130371","-0.053332","2.319050","-0.101155","0.081035","0.444206","-0.115576","0.828791"
"2015-09-29","29 Sep 2015","1.312382","-0.126138","2.106797","-0.053241","2.298407","-0.115442","0.083544","0.445103","-0.126729","0.824419"
"2015-09-30","30 Sep 2015","1.303381","-0.120422","2.094294","-0.053842","2.296538","-0.101238","0.079947","0.439548","-0.115819","0.817879"
"2015-10-01","01 Oct 2015","1.252578","-0.133199","2.052251","-0.071270","2.266586","-0.112574","0.056466","0.404013","-0.127364","0.773409"
"2015-10-02","02 Oct 2015","1.193523","-0.141680","1.999390","-0.089014","2.198277","-0.116682","0.028430","0.358607","-0.132549","0.718008"
"2015-10-05","05 Oct 2015","1.235545","-0.140660","2.053097","-0.084190","2.249846","-0.117161","0.038223","0.379327","-0.132695","0.748756"
"2015-10-06","06 Oct 2015","1.297942","-0.135250","2.123049","-0.071504","2.314737","-0.115835","0.059075","0.416079","-0.130192","0.798468"
"2015-10-07","07 Oct 2015","1.294943","-0.135332","2.111491","-0.072549","2.298242","-0.114353","0.057764","0.414848","-0.129337","0.797014"
"2015-10-08","08 Oct 2015","1.266378","-0.142566","2.072778","-0.080963","2.271963","-0.120520","0.047943","0.400834","-0.135904","0.777332"
"2015-10-09","09 Oct 2015","1.289094","-0.140918","2.092494","-0.076483","2.287058","-0.120105","0.055815","0.415215","-0.135199","0.796499"
"2015-10-12","12 Oct 2015","1.261326","-0.138621","2.063936","-0.078059","2.263836","-0.115780","0.049795","0.400547","-0.131432","0.774969"
"2015-10-13","13 Oct 2015","1.266270","-0.138098","2.079698","-0.073532","2.288972","-0.120876","0.055866","0.406434","-0.134340","0.779824"
"2015-10-14","14 Oct 2015","1.240498","-0.135557","2.052814","-0.081054","2.259764","-0.107850","0.041554","0.384727","-0.125138","0.755198"
"2015-10-15","15 Oct 2015","1.241680","-0.144238","2.056784","-0.087211","2.265523","-0.118987","0.037280","0.382957","-0.135394","0.754949"
"2015-10-16","16 Oct 2015","1.232987","-0.142494","2.042093","-0.087944","2.248149","-0.114623","0.034823","0.378211","-0.131994","0.748523"
"2015-10-19","19 Oct 2015","1.222366","-0.141861","2.041326","-0.089019","2.269709","-0.112279","0.032289","0.372858","-0.130282","0.740510"
"2015-10-20","20 Oct 2015","1.280710","-0.137986","2.101987","-0.064818","2.320557","-0.131251","0.069102","0.422293","-0.140747","0.795122"
"2015-10-21","21 Oct 2015","1.244998","-0.118546","1.997117","-0.075978","2.265331","-0.119374","0.034600","0.385483","-0.119594","0.770312"
"2015-10-22","22 Oct 2015","1.160198","-0.154373","1.920900","-0.122690","2.191587","-0.174195","-0.030079","0.299911","-0.163330","0.681313"
"2015-10-23","23 Oct 2015","1.154362","-0.165109","1.906808","-0.137242","2.171330","-0.218263","-0.054006","0.276187","-0.189378","0.667747"
"2015-10-26","26 Oct 2015","1.121264","-0.166610","1.899573","-0.136097","2.177208","-0.209537","-0.054561","0.258921","-0.187116","0.636935"
"2015-10-27","27 Oct 2015","1.074158","-0.175220","1.850892","-0.146779","2.128916","-0.222840","-0.071764","0.227422","-0.198046","0.595923"
"2015-10-28","28 Oct 2015","1.080546","-0.175231","1.852764","-0.147286","2.128512","-0.221972","-0.071316","0.231333","-0.197418","0.602090"
"2015-10-29","29 Oct 2015","1.116341","-0.169443","1.880577","-0.135495","2.152595","-0.216907","-0.051990","0.262268","-0.192670","0.637910"
"2015-10-30","30 Oct 2015","1.147285","-0.162022","1.915165","-0.127840","2.187488","-0.213825","-0.043041","0.278682","-0.187173","0.662160"
"2015-11-02","02 Nov 2015","1.197589","-0.159530","1.979202","-0.120437","2.257634","-0.188756","-0.022697","0.316369","-0.174196","0.706792"
"2015-11-03","03 Nov 2015","1.190352","-0.162791","1.983620","-0.122922","2.266691","-0.201952","-0.028654","0.305085","-0.182619","0.695360"
"2015-11-04","04 Nov 2015","1.183662","-0.169078","1.989873","-0.135179","2.277975","-0.200487","-0.043822","0.289367","-0.184158","0.682614"
"2015-11-05","05 Nov 2015","1.227204","-0.166195","2.048365","-0.126570","2.341609","-0.204226","-0.030161","0.313249","-0.185273","0.715784"
"2015-11-06","06 Nov 2015","1.306765","-0.149629","2.144043","-0.097536","2.442920","-0.197812","0.009633","0.369691","-0.175436","0.783874"
"2015-11-09","09 Nov 2015","1.333752","-0.150184","2.215482","-0.104311","2.531661","-0.190997","0.000142","0.363923","-0.171396","0.789719"
"2015-11-10","10 Nov 2015","1.280078","-0.165899","2.178895","-0.132472","2.501713","-0.208423","-0.041931","0.306239","-0.186251","0.730013"
"2015-11-11","11 Nov 2015","1.243419","-0.168150","2.135390","-0.143534","2.457063","-0.187682","-0.055598","0.286216","-0.175933","0.701919"
"2015-11-12","12 Nov 2015","1.219529","-0.179402","2.113573","-0.151321","2.438424","-0.192788","-0.060649","0.277059","-0.184922","0.684796"
"2015-11-13","13 Nov 2015","1.176586","-0.183305","2.054637","-0.154626","2.371390","-0.230663","-0.075780","0.244760","-0.205866","0.646434"
"2015-11-16","16 Nov 2015","1.173437","-0.182253","2.037555","-0.152629","2.348726","-0.228212","-0.072159","0.249529","-0.204212","0.649060"
"2015-11-17","17 Nov 2015","1.167659","-0.185271","2.030875","-0.158921","2.341225","-0.229611","-0.080402","0.241150","-0.205862","0.642095"
"2015-11-18","18 Nov 2015","1.145578","-0.187085","2.005741","-0.163589","2.315729","-0.224985","-0.087066","0.229082","-0.204188","0.624757"
"2015-11-19","19 Nov 2015","1.105349","-0.193746","1.941551","-0.168653","2.243559","-0.226771","-0.091343","0.217640","-0.208870","0.600918"
"2015-11-20","20 Nov 2015","1.082218","-0.200705","1.897733","-0.175855","2.190320","-0.247124","-0.102429","0.202394","-0.222316","0.583538"
"2015-11-23","23 Nov 2015","1.130401","-0.202791","1.945401","-0.174781","2.236822","-0.237773","-0.090958","0.233714","-0.218839","0.626003"
"2015-11-24","24 Nov 2015","1.115130","-0.196133","1.945886","-0.166813","2.243313","-0.259571","-0.093214","0.215882","-0.226728","0.605334"
"2015-11-25","25 Nov 2015","1.061939","-0.217197","1.899494","-0.201453","2.199527","-0.270271","-0.137865","0.161756","-0.240652","0.549779"
"2015-11-26","26 Nov 2015","1.064898","-0.219338","1.915205","-0.205796","2.222139","-0.246571","-0.137204","0.166187","-0.229822","0.552634"
"2015-11-27","27 Nov 2015","1.029705","-0.222345","1.887954","-0.206599","2.199606","-0.261644","-0.143635","0.144434","-0.239543","0.521170"
"2015-11-30","30 Nov 2015","1.050382","-0.219100","1.914936","-0.197747","2.230382","-0.253059","-0.128135","0.165499","-0.234551","0.542137"
"2015-12-01","01 Dec 2015","1.052237","-0.230129","1.935563","-0.204304","2.259631","-0.267588","-0.132545","0.161516","-0.248115","0.538978"
"2015-12-02","02 Dec 2015","1.038483","-0.231913","1.927972","-0.220792","2.253616","-0.250596","-0.155503","0.137874","-0.238232","0.519607"
"2015-12-03","03 Dec 2015","1.175224","-0.172641","2.056639","-0.128850","2.380114","-0.215678","-0.039679","0.275530","-0.195894","0.660409"
"2015-12-04","04 Dec 2015","1.250273","-0.151673","2.096188","-0.103737","2.401831","-0.188644","-0.002450","0.338626","-0.171879","0.736782"
"2015-12-07","07 Dec 2015","1.171628","-0.157720","2.021609","-0.119794","2.330047","-0.202391","-0.034948","0.279085","-0.180676","0.663708"
"2015-12-08","08 Dec 2015","1.143853","-0.165783","1.966975","-0.129039","2.264553","-0.207189","-0.044155","0.268248","-0.186887","0.647388"
"2015-12-09","09 Dec 2015","1.145560","-0.163734","1.944314","-0.129430","2.229528","-0.219775","-0.048276","0.266604","-0.191322","0.650538"
"2015-12-10","10 Dec 2015","1.154807","-0.154692","2.006906","-0.129071","2.314677","-0.196875","-0.054039","0.254224","-0.174442","0.641859"
"2015-12-11","11 Dec 2015","1.120993","-0.157960","1.967019","-0.134476","2.273403","-0.198872","-0.063156","0.235648","-0.176958","0.615209"
"2015-12-14","14 Dec 2015","1.182695","-0.149760","2.016725","-0.111227","2.315579","-0.223495","-0.032395","0.280890","-0.186884","0.671642"
"2015-12-15","15 Dec 2015","1.260392","-0.145808","2.082513","-0.097237","2.374387","-0.225574","-0.004616","0.335944","-0.186766","0.743009"
"2015-12-16","16 Dec 2015","1.266147","-0.150965","2.084897","-0.104581","2.374924","-0.224457","-0.010233","0.336408","-0.188286","0.747415"
"2015-12-17","17 Dec 2015","1.221157","-0.165824","2.036097","-0.119289","2.326814","-0.223983","-0.023875","0.314288","-0.196013","0.713176"
"2015-12-18","18 Dec 2015","1.170219","-0.167740","1.971352","-0.124692","2.255403","-0.262636","-0.044993","0.273317","-0.215578","0.666249"
"2015-12-21","21 Dec 2015","1.183542","-0.166294","1.986596","-0.123595","2.271382","-0.253176","-0.040960","0.282533","-0.210051","0.677994"
"2015-12-22","22 Dec 2015","1.212439","-0.174907","2.023510","-0.123865","2.312147","-0.251027","-0.029863","0.305879","-0.214648","0.704652"
"2015-12-23","23 Dec 2015","1.256386","-0.185692","2.084439","-0.123803","2.379597","-0.265341","-0.019329","0.331015","-0.228737","0.738934"
"2015-12-28","28 Dec 2015","1.239260","-0.192423","2.059690","-0.134565","2.350834","-0.280079","-0.035177","0.312465","-0.238650","0.721717"
"2015-12-29","29 Dec 2015","1.269076","-0.193266","2.098042","-0.132471","2.391549","-0.288629","-0.030553","0.325325","-0.243529","0.743098"
"2015-12-30","30 Dec 2015","1.260031","-0.199389","2.113997","-0.140508","2.418195","-0.289735","-0.041028","0.309648","-0.247178","0.726975"
"2016-01-04","04 Jan 2016","1.194642","-0.218333","2.037666","-0.163344","2.338858","-0.304441","-0.069325","0.267507","-0.263739","0.672741"
"2016-01-05","05 Jan 2016","1.179850","-0.220528","2.035571","-0.173587","2.341835","-0.299162","-0.085175","0.246928","-0.261072","0.653003"
"2016-01-06","06 Jan 2016","1.152162","-0.226866","2.008601","-0.183653","2.315736","-0.301909","-0.099020","0.226188","-0.265211","0.627843"
"2016-01-07","07 Jan 2016","1.201408","-0.226331","2.062172","-0.175649","2.370702","-0.296121","-0.079989","0.261970","-0.262993","0.672011"
"2016-01-08","08 Jan 2016","1.174617","-0.227945","2.038110","-0.176191","2.347681","-0.318481","-0.088186","0.240683","-0.275247","0.645793"
"2016-01-11","11 Jan 2016","1.216366","-0.222348","2.070950","-0.169862","2.375888","-0.302383","-0.074076","0.271338","-0.264160","0.685314"
"2016-01-12","12 Jan 2016","1.249480","-0.220297","2.091001","-0.163268","2.390507","-0.289504","-0.057349","0.302961","-0.257177","0.721248"
"2016-01-13","13 Jan 2016","1.194596","-0.221426","2.024141","-0.170794","2.320413","-0.281782","-0.071417","0.273654","-0.253276","0.678675"
"2016-01-14","14 Jan 2016","1.164168","-0.223283","1.991166","-0.173836","2.287874","-0.278864","-0.076733","0.259237","-0.252864","0.655410"
"2016-01-15","15 Jan 2016","1.149571","-0.222316","1.948393","-0.181366","2.232281","-0.274659","-0.088288","0.249263","-0.248624","0.646844"
"2016-01-18","18 Jan 2016","1.160796","-0.213850","1.970616","-0.169845","2.259234","-0.271989","-0.076945","0.258078","-0.243644","0.655122"
"2016-01-19","19 Jan 2016","1.163472","-0.204343","1.976431","-0.164444","2.265787","-0.265062","-0.075829","0.256392","-0.234743","0.654909"
"2016-01-20","20 Jan 2016","1.156162","-0.199191","1.959099","-0.164829","2.244262","-0.252442","-0.078295","0.253341","-0.224946","0.650976"
"2016-01-21","21 Jan 2016","1.090319","-0.228802","1.893528","-0.207119","2.179897","-0.255865","-0.125842","0.198120","-0.239845","0.589600"
"2016-01-22","22 Jan 2016","1.133814","-0.224840","1.950290","-0.203766","2.239395","-0.269582","-0.124198","0.209674","-0.244064","0.616867"
"2016-01-25","25 Jan 2016","1.120359","-0.225797","1.932705","-0.203873","2.221115","-0.263738","-0.123087","0.207614","-0.241976","0.609149"
"2016-01-26","26 Jan 2016","1.079853","-0.225018","1.890955","-0.210624","2.179374","-0.262109","-0.138768","0.178228","-0.239839","0.572608"
"2016-01-27","27 Jan 2016","1.084270","-0.213905","1.892830","-0.200269","2.180483","-0.248544","-0.128778","0.186694","-0.227439","0.579165"
"2016-01-28","28 Jan 2016","1.039627","-0.224189","1.845624","-0.215712","2.134336","-0.236728","-0.145233","0.162015","-0.226343","0.543845"
"2016-01-29","29 Jan 2016","0.979924","-0.237385","1.779367","-0.236150","2.065054","-0.263751","-0.178378","0.112093","-0.245401","0.487611"
"2016-02-01","01 Feb 2016","0.981440","-0.238986","1.784319","-0.236482","2.072142","-0.257528","-0.175789","0.116095","-0.243418","0.490159"
"2016-02-02","02 Feb 2016","0.972860","-0.241813","1.781696","-0.238353","2.072273","-0.264327","-0.179161","0.108718","-0.248486","0.480907"
"2016-02-03","03 Feb 2016","0.976840","-0.247128","1.783611","-0.242331","2.073327","-0.266759","-0.180363","0.111564","-0.252515","0.485108"
"2016-02-04","04 Feb 2016","0.990848","-0.253745","1.783108","-0.244594","2.066932","-0.266284","-0.174597","0.128107","-0.256092","0.503555"
"2016-02-05","05 Feb 2016","1.000214","-0.253949","1.794243","-0.243560","2.078609","-0.266559","-0.171914","0.133773","-0.256472","0.511240"
"2016-02-08","08 Feb 2016","1.009432","-0.250940","1.777181","-0.230019","2.051021","-0.275971","-0.152045","0.157506","-0.261129","0.531245"
"2016-02-09","09 Feb 2016","1.049135","-0.244593","1.813412","-0.217977","2.085528","-0.266172","-0.131598","0.190554","-0.253741","0.569673"
"2016-02-10","10 Feb 2016","1.019847","-0.248450","1.803363","-0.230347","2.084096","-0.260201","-0.151113","0.160755","-0.251707","0.536577"
"2016-02-11","11 Feb 2016","1.019483","-0.235936","1.789067","-0.216295","2.064788","-0.246475","-0.135976","0.173778","-0.238880","0.544305"
"2016-02-12","12 Feb 2016","1.015088","-0.237974","1.776964","-0.215568","2.050117","-0.247337","-0.132751","0.177392","-0.240796","0.544889"
"2016-02-15","15 Feb 2016","1.005707","-0.236453","1.777096","-0.222454","2.053546","-0.241431","-0.145874","0.160358","-0.235805","0.530103"
"2016-02-16","16 Feb 2016","1.042496","-0.226454","1.820663","-0.207085","2.098669","-0.246304","-0.128690","0.183017","-0.233841","0.559595"
"2016-02-17","17 Feb 2016","1.015141","-0.227224","1.793491","-0.210824","2.072723","-0.241474","-0.135665","0.167540","-0.231618","0.537102"
"2016-02-18","18 Feb 2016","0.957994","-0.243761","1.736107","-0.242103","2.021853","-0.186411","-0.160551","0.142969","-0.210686","0.497572"
"2016-02-19","19 Feb 2016","0.956523","-0.236759","1.716166","-0.224501","1.989651","-0.241561","-0.153131","0.137756","-0.236109","0.493656"
"2016-02-22","22 Feb 2016","0.935311","-0.234312","1.693739","-0.223065","1.965414","-0.267086","-0.162230","0.115995","-0.247406","0.470459"
"2016-02-23","23 Feb 2016","0.957280","-0.228340","1.706758","-0.210598","1.974410","-0.270270","-0.145538","0.137964","-0.246832","0.494112"
"2016-02-24","24 Feb 2016","0.897427","-0.235027","1.641205","-0.227013","1.909207","-0.248769","-0.165915","0.104886","-0.238473","0.446916"
"2016-02-25","25 Feb 2016","0.912492","-0.241578","1.665172","-0.233535","1.936629","-0.247644","-0.168788","0.109480","-0.241125","0.456718"
"2016-02-26","26 Feb 2016","0.898272","-0.246664","1.673843","-0.252331","1.956128","-0.218611","-0.189876","0.088526","-0.227287","0.436901"
"2016-02-29","29 Feb 2016","0.863994","-0.257182","1.627074","-0.263663","1.901341","-0.267035","-0.213759","0.051920","-0.256392","0.400825"
"2016-03-01","01 Mar 2016","0.878380","-0.267271","1.676811","-0.277215","1.962692","-0.302112","-0.236392","0.028355","-0.278144","0.391756"
"2016-03-02","02 Mar 2016","0.930013","-0.264132","1.752626","-0.273224","2.047909","-0.283630","-0.224666","0.055396","-0.267390","0.430249"
"2016-03-03","03 Mar 2016","0.919092","-0.283350","1.735969","-0.288045","2.028920","-0.307046","-0.236405","0.046508","-0.289317","0.421354"
"2016-03-04","04 Mar 2016","0.937460","-0.276696","1.755811","-0.274134","2.049504","-0.310454","-0.219320","0.064983","-0.288803","0.439664"
"2016-03-07","07 Mar 2016","0.930543","-0.274854","1.752908","-0.271135","2.048153","-0.319778","-0.219759","0.058692","-0.292766","0.431735"
"2016-03-08","08 Mar 2016","0.905228","-0.279327","1.742106","-0.283022","2.043133","-0.324864","-0.239981","0.029055","-0.296553","0.401325"
"2016-03-09","09 Mar 2016","0.933035","-0.273824","1.756188","-0.270124","2.052875","-0.303579","-0.214628","0.066525","-0.284309","0.437254"
"2016-03-10","10 Mar 2016","0.869759","-0.273916","1.690216","-0.273300","1.988132","-0.306767","-0.226913","0.031701","-0.285989","0.385636"
"2016-03-11","11 Mar 2016","0.907338","-0.248004","1.717230","-0.236812","2.009894","-0.307521","-0.188657","0.070430","-0.274839","0.424825"
"2016-03-14","14 Mar 2016","0.886952","-0.251620","1.696236","-0.239482","1.988980","-0.319814","-0.194716","0.056861","-0.283047","0.406877"
"2016-03-15","15 Mar 2016","0.937949","-0.242991","1.739090","-0.221313","2.026909","-0.327230","-0.169506","0.095334","-0.283468","0.454164"
"2016-03-16","16 Mar 2016","0.910644","-0.241075","1.713830","-0.220784","2.003821","-0.323278","-0.172572","0.081619","-0.280644","0.432026"
"2016-03-17","17 Mar 2016","0.865821","-0.250602","1.651691","-0.235665","1.936322","-0.313959","-0.188225","0.060036","-0.280176","0.400306"
"2016-03-18","18 Mar 2016","0.839659","-0.250242","1.607209","-0.234011","1.883012","-0.345339","-0.195477","0.041539","-0.295670","0.378507"
"2016-03-21","21 Mar 2016","0.859073","-0.252426","1.623936","-0.233829","1.898009","-0.348209","-0.191410","0.053688","-0.298352","0.395677"
"2016-03-22","22 Mar 2016","0.842614","-0.256842","1.610834","-0.234770","1.887774","-0.349237","-0.190801","0.049041","-0.301933","0.383976"
"2016-03-23","23 Mar 2016","0.869809","-0.258991","1.633869","-0.238326","1.908747","-0.332359","-0.186830","0.067702","-0.294161","0.409458"
"2016-03-24","24 Mar 2016","0.834574","-0.251870","1.595032","-0.233473","1.870229","-0.322197","-0.186765","0.053719","-0.285558","0.383488"
"2016-03-29","29 Mar 2016","0.786659","-0.254542","1.543556","-0.242847","1.818918","-0.315577","-0.202407","0.024691","-0.282898","0.343842"
"2016-03-30","30 Mar 2016","0.794150","-0.258675","1.545689","-0.247843","1.819681","-0.300054","-0.200982","0.034739","-0.277061","0.354581"
"2016-03-31","31 Mar 2016","0.788075","-0.266996","1.538339","-0.250317","1.811774","-0.321575","-0.202838","0.031005","-0.292877","0.349443"
"2016-04-01","01 Apr 2016","0.762826","-0.274339","1.507475","-0.258826","1.780059","-0.320169","-0.211037","0.019092","-0.295837","0.331210"
"2016-04-04","04 Apr 2016","0.775002","-0.274198","1.508431","-0.257328","1.777575","-0.301973","-0.201492","0.038118","-0.286838","0.349631"
"2016-04-05","05 Apr 2016","0.755493","-0.271831","1.487637","-0.256458","1.756705","-0.303741","-0.204864","0.026576","-0.286439","0.333185"
"2016-04-06","06 Apr 2016","0.780509","-0.275768","1.523034","-0.257356","1.796431","-0.303071","-0.200186","0.040432","-0.288446","0.352675"
"2016-04-07","07 Apr 2016","0.796224","-0.274087","1.531731","-0.254246","1.801306","-0.301814","-0.194436","0.052059","-0.287044","0.367831"
"2016-04-08","08 Apr 2016","0.783408","-0.278152","1.529220","-0.262369","1.803092","-0.304502","-0.206514","0.035721","-0.289881","0.351527"
"2016-04-11","11 Apr 2016","0.816413","-0.275762","1.573740","-0.256222","1.849306","-0.326164","-0.202454","0.043868","-0.299796","0.370829"
"2016-04-12","12 Apr 2016","0.829838","-0.278178","1.605361","-0.257590","1.887256","-0.340491","-0.206147","0.040451","-0.308250","0.373564"
"2016-04-13","13 Apr 2016","0.810733","-0.284813","1.576047","-0.258101","1.856619","-0.337999","-0.200358","0.044674","-0.311519","0.367360"
"2016-04-14","14 Apr 2016","0.822493","-0.290879","1.583835","-0.261888","1.862593","-0.339672","-0.199320","0.053336","-0.315622","0.379055"
"2016-04-15","15 Apr 2016","0.814873","-0.294216","1.572431","-0.264470","1.847931","-0.362066","-0.206947","0.041304","-0.328476","0.368805"
"2016-04-18","18 Apr 2016","0.825230","-0.288157","1.586641","-0.256889","1.862882","-0.367718","-0.201423","0.045523","-0.328428","0.375330"
"2016-04-19","19 Apr 2016","0.857345","-0.293938","1.634439","-0.260965","1.916500","-0.367443","-0.200017","0.058589","-0.331302","0.397605"
"2016-04-20","20 Apr 2016","0.837054","-0.289070","1.616207","-0.257954","1.900182","-0.362447","-0.200875","0.048553","-0.326308","0.381059"
"2016-04-21","21 Apr 2016","0.886567","-0.294735","1.681654","-0.259167","1.972952","-0.346764","-0.188642","0.081200","-0.321857","0.423196"
"2016-04-22","22 Apr 2016","0.919417","-0.289238","1.714553","-0.247493","2.000867","-0.393467","-0.184528","0.085539","-0.342811","0.441131"
"2016-04-25","25 Apr 2016","0.966788","-0.292910","1.776761","-0.246232","2.068691","-0.388405","-0.173552","0.113037","-0.342714","0.478967"
"2016-04-26","26 Apr 2016","0.973681","-0.290685","1.776686","-0.244855","2.064674","-0.393131","-0.173530","0.115204","-0.343608","0.484586"
"2016-04-27","27 Apr 2016","0.976811","-0.290462","1.787220","-0.249170","2.077688","-0.388957","-0.180033","0.109661","-0.340662","0.482676"
"2016-04-28","28 Apr 2016","0.941045","-0.299699","1.756612","-0.258544","2.051236","-0.389760","-0.190432","0.089811","-0.346092","0.453061"
"2016-04-29","29 Apr 2016","0.970250","-0.304382","1.773375","-0.259680","2.062657","-0.381198","-0.181218","0.115329","-0.344457","0.484109"
"2016-05-02","02 May 2016","0.944126","-0.307106","1.742334","-0.262438","2.031399","-0.375986","-0.183824","0.106459","-0.343481","0.466494"
"2016-05-03","03 May 2016","0.888185","-0.328423","1.680852","-0.285851","1.970260","-0.384672","-0.208105","0.073280","-0.358505","0.421706"
"2016-05-04","04 May 2016","0.914583","-0.331314","1.712577","-0.285210","2.003921","-0.384172","-0.201563","0.089646","-0.360113","0.443760"
"2016-05-05","05 May 2016","0.899215","-0.337151","1.695857","-0.292561","1.987468","-0.384179","-0.209097","0.080227","-0.362888","0.431412"
"2016-05-06","06 May 2016","0.884942","-0.341282","1.683025","-0.296803","1.975955","-0.388398","-0.214476","0.071074","-0.367145","0.419109"
"2016-05-09","09 May 2016","0.868715","-0.339649","1.669083","-0.294486","1.962888","-0.399548","-0.217237","0.059118","-0.372118","0.403404"
"2016-05-10","10 May 2016","0.843622","-0.343086","1.640681","-0.297398","1.934295","-0.405461","-0.222306","0.046533","-0.377038","0.384052"
"2016-05-11","11 May 2016","0.863123","-0.338923","1.679950","-0.299175","1.980967","-0.392495","-0.225537","0.047483","-0.367507","0.392570"
"2016-05-12","12 May 2016","0.892800","-0.349325","1.700584","-0.305100","1.997397","-0.392132","-0.220803","0.069599","-0.372945","0.421853"
"2016-05-13","13 May 2016","0.861948","-0.350270","1.672462","-0.304245","1.971925","-0.403260","-0.224576","0.052897","-0.379513","0.396121"
"2016-05-16","16 May 2016","0.870539","-0.345846","1.681774","-0.293914","1.981804","-0.409125","-0.212700","0.063772","-0.381159","0.405552"
"2016-05-17","17 May 2016","0.844270","-0.348654","1.656021","-0.297042","1.957933","-0.412336","-0.218310","0.049994","-0.384314","0.384596"
"2016-05-18","18 May 2016","0.884784","-0.347220","1.697586","-0.291168","1.998680","-0.409985","-0.205465","0.076171","-0.382859","0.419429"
"2016-05-19","19 May 2016","0.867478","-0.343545","1.677229","-0.289130","1.977885","-0.406547","-0.206400","0.068510","-0.379179","0.406509"
"2016-05-20","20 May 2016","0.874777","-0.350555","1.679251","-0.293086","1.977877","-0.410329","-0.205541","0.075758","-0.384954","0.415287"
"2016-05-23","23 May 2016","0.872901","-0.353287","1.677193","-0.296278","1.975758","-0.411393","-0.208474","0.073519","-0.386774","0.413363"
"2016-05-24","24 May 2016","0.852960","-0.355532","1.662996","-0.301358","1.965301","-0.410013","-0.216401","0.059575","-0.386923","0.395201"
"2016-05-25","25 May 2016","0.816795","-0.356509","1.627470","-0.309226","1.932314","-0.400062","-0.229071","0.037491","-0.381599","0.365227"
"2016-05-26","26 May 2016","0.814769","-0.365623","1.623805","-0.319417","1.927814","-0.403510","-0.237595","0.032907","-0.387652","0.362677"
"2016-05-27","27 May 2016","0.796965","-0.362238","1.610260","-0.318955","1.916752","-0.401592","-0.241836","0.020540","-0.384698","0.346121"
"2016-05-30","30 May 2016","0.836023","-0.353893","1.642540","-0.306827","1.942514","-0.404868","-0.227531","0.043396","-0.382476","0.378298"
"2016-05-31","31 May 2016","0.830888","-0.354594","1.628679","-0.301364","1.924872","-0.419805","-0.221779","0.045766","-0.391256","0.377275"
"2016-06-01","01 Jun 2016","0.807890","-0.360079","1.597729","-0.310327","1.891102","-0.419740","-0.232721","0.031316","-0.393496","0.359123"
"2016-06-02","02 Jun 2016","0.811980","-0.360356","1.594732","-0.307220","1.885439","-0.421141","-0.226668","0.039674","-0.394821","0.366482"
"2016-06-03","03 Jun 2016","0.769537","-0.363120","1.537540","-0.316241","1.822408","-0.421727","-0.242337","0.013242","-0.395679","0.332372"
"2016-06-06","06 Jun 2016","0.772699","-0.355107","1.533601","-0.307968","1.813914","-0.425702","-0.237492","0.014989","-0.393630","0.334919"
"2016-06-07","07 Jun 2016","0.754982","-0.362199","1.504050","-0.312363","1.781190","-0.427451","-0.238602","0.013120","-0.398555","0.326631"
"2016-06-08","08 Jun 2016","0.747166","-0.334041","1.486735","-0.301570","1.758024","-0.387836","-0.239637","0.004168","-0.361987","0.318248"
"2016-06-09","09 Jun 2016","0.700083","-0.341720","1.399405","-0.315532","1.655612","-0.373474","-0.252774","-0.011432","-0.357754","0.291621"
"2016-06-10","10 Jun 2016","0.714641","-0.341501","1.395298","-0.310164","1.644733","-0.363170","-0.238259","0.012902","-0.353183","0.314704"
"2016-06-13","13 Jun 2016","0.741934","-0.309599","1.432120","-0.279617","1.684695","-0.340508","-0.212425","0.033781","-0.325719","0.336864"
"2016-06-14","14 Jun 2016","0.756385","-0.289179","1.432930","-0.270042","1.677689","-0.311648","-0.207662","0.041187","-0.299178","0.349679"
"2016-06-15","15 Jun 2016","0.752159","-0.284081","1.437899","-0.270677","1.686085","-0.304634","-0.213248","0.031554","-0.292287","0.341159"
"2016-06-16","16 Jun 2016","0.786107","-0.283612","1.444816","-0.272497","1.682565","-0.262058","-0.199644","0.069557","-0.270157","0.383920"
"2016-06-17","17 Jun 2016","0.762935","-0.304969","1.448431","-0.294552","1.698929","-0.279127","-0.222816","0.042207","-0.289499","0.355206"
"2016-06-20","20 Jun 2016","0.744758","-0.311781","1.449238","-0.303937","1.705883","-0.306815","-0.242423","0.011480","-0.306412","0.326719"
"2016-06-21","21 Jun 2016","0.747704","-0.310098","1.453643","-0.304092","1.710127","-0.307289","-0.244460","0.009368","-0.305468","0.326881"
"2016-06-22","22 Jun 2016","0.743658","-0.313883","1.463310","-0.306382","1.725230","-0.322108","-0.249803","-0.000576","-0.315061","0.317559"
"2016-06-23","23 Jun 2016","0.745892","-0.318888","1.473257","-0.303016","1.741175","-0.323713","-0.239283","0.011450","-0.319838","0.324284"
"2016-06-24","24 Jun 2016","0.724177","-0.318319","1.388082","-0.298288","1.625188","-0.371691","-0.242945","0.002237","-0.343507","0.314902"
"2016-06-27","27 Jun 2016","0.661420","-0.357331","1.279083","-0.331199","1.499562","-0.396270","-0.266894","-0.020389","-0.376377","0.277980"
"2016-06-28","28 Jun 2016","0.616724","-0.381079","1.250025","-0.352373","1.478152","-0.428925","-0.292166","-0.058096","-0.405338","0.233194"
"2016-06-29","29 Jun 2016","0.577213","-0.397346","1.212769","-0.368670","1.442853","-0.448342","-0.311861","-0.087141","-0.423404","0.197433"
"2016-06-30","30 Jun 2016","0.562101","-0.409958","1.191042","-0.384447","1.418133","-0.455160","-0.327945","-0.101583","-0.432570","0.183706"
"2016-07-01","01 Jul 2016","0.509498","-0.430467","1.154976","-0.410431","1.390724","-0.467998","-0.359853","-0.146008","-0.448795","0.131794"
"2016-07-04","04 Jul 2016","0.516771","-0.438197","1.171120","-0.410066","1.409880","-0.496585","-0.358949","-0.145812","-0.468147","0.134137"
"2016-07-05","05 Jul 2016","0.502735","-0.431007","1.147613","-0.408095","1.381745","-0.492831","-0.362935","-0.155790","-0.461840","0.122415"
"2016-07-06","06 Jul 2016","0.480019","-0.431769","1.106323","-0.412885","1.333358","-0.484153","-0.368695","-0.164054","-0.457301","0.108911"
"2016-07-07","07 Jul 2016","0.505023","-0.423660","1.137361","-0.400143","1.366692","-0.481775","-0.353149","-0.145005","-0.452720","0.130607"
"2016-07-08","08 Jul 2016","0.464632","-0.419818","1.093782","-0.407154","1.321982","-0.473978","-0.370601","-0.175913","-0.445406","0.093665"
"2016-07-11","11 Jul 2016","0.473928","-0.419253","1.105130","-0.405358","1.333707","-0.477299","-0.368307","-0.171616","-0.446897","0.100433"
"2016-07-12","12 Jul 2016","0.506309","-0.405638","1.153660","-0.390526","1.387809","-0.473300","-0.354570","-0.155744","-0.438169","0.122816"
"2016-07-13","13 Jul 2016","0.478948","-0.407496","1.122358","-0.389243","1.356537","-0.478326","-0.354350","-0.164985","-0.442377","0.103746"
"2016-07-14","14 Jul 2016","0.524028","-0.391946","1.181443","-0.378343","1.420944","-0.443062","-0.339202","-0.137840","-0.416146","0.139938"
"2016-07-15","15 Jul 2016","0.541569","-0.386171","1.194716","-0.372775","1.430117","-0.455652","-0.337241","-0.133741","-0.419165","0.151360"
"2016-07-18","18 Jul 2016","0.538024","-0.381969","1.193949","-0.371438","1.429378","-0.465547","-0.342479","-0.143938","-0.421429","0.143476"
"2016-07-19","19 Jul 2016","0.528800","-0.383298","1.182594","-0.369085","1.418067","-0.467869","-0.338697","-0.143460","-0.423993","0.138864"
"2016-07-20","20 Jul 2016","0.538813","-0.375215","1.194236","-0.361473","1.430716","-0.453130","-0.329566","-0.132878","-0.412569","0.149192"
"2016-07-21","21 Jul 2016","0.557401","-0.370517","1.200472","-0.361095","1.430410","-0.446290","-0.328871","-0.123480","-0.405727","0.165932"
"2016-07-22","22 Jul 2016","0.549289","-0.371642","1.179254","-0.361855","1.403242","-0.461256","-0.332448","-0.128766","-0.413572","0.160645"
"2016-07-25","25 Jul 2016","0.522217","-0.373181","1.138721","-0.362238","1.357816","-0.470909","-0.335755","-0.140169","-0.419416","0.141944"
"2016-07-26","26 Jul 2016","0.523775","-0.366197","1.126714","-0.357300","1.339654","-0.474739","-0.333892","-0.138050","-0.417149","0.145670"
"2016-07-27","27 Jul 2016","0.502183","-0.370840","1.107535","-0.365310","1.322664","-0.456816","-0.340732","-0.148685","-0.410471","0.128646"
"2016-07-28","28 Jul 2016","0.498483","-0.373089","1.092231","-0.366114","1.303025","-0.454777","-0.338676","-0.144494","-0.410785","0.130589"
"2016-07-29","29 Jul 2016","0.468627","-0.372708","1.058046","-0.376586","1.268198","-0.424539","-0.351427","-0.161836","-0.394155","0.107036"
"2016-08-01","01 Aug 2016","0.454414","-0.395671","1.048295","-0.387704","1.262000","-0.448037","-0.354597","-0.164885","-0.419543","0.097688"
"2016-08-02","02 Aug 2016","0.512541","-0.388438","1.115010","-0.374284","1.331256","-0.440112","-0.332306","-0.126343","-0.412640","0.147081"
"2016-08-03","03 Aug 2016","0.505917","-0.402152","1.097986","-0.383306","1.310755","-0.447912","-0.335134","-0.124400","-0.424142","0.146617"
"2016-08-04","04 Aug 2016","0.464027","-0.412991","1.075900","-0.402704","1.298984","-0.438588","-0.359325","-0.159032","-0.424051","0.104920"
"2016-08-05","05 Aug 2016","0.468498","-0.409569","1.088621","-0.402370","1.314448","-0.436278","-0.361900","-0.162591","-0.420687","0.104239"
"2016-08-08","08 Aug 2016","0.478133","-0.407481","1.101876","-0.395776","1.328228","-0.452416","-0.356823","-0.159080","-0.428311","0.109963"
"2016-08-09","09 Aug 2016","0.450409","-0.414404","1.078004","-0.405089","1.307483","-0.451285","-0.367836","-0.176570","-0.431091","0.086215"
"2016-08-10","10 Aug 2016","0.414468","-0.422267","1.037911","-0.414909","1.267367","-0.453529","-0.379820","-0.196550","-0.436073","0.057884"
"2016-08-11","11 Aug 2016","0.401371","-0.418873","1.028395","-0.414298","1.259625","-0.451386","-0.383326","-0.206507","-0.432989","0.045115"
"2016-08-12","12 Aug 2016","0.407456","-0.415185","1.034320","-0.409103","1.265457","-0.450211","-0.377560","-0.200455","-0.430780","0.051209"
"2016-08-15","15 Aug 2016","0.437510","-0.410543","1.067664","-0.398783","1.299163","-0.455128","-0.363810","-0.180535","-0.431633","0.076431"
"2016-08-16","16 Aug 2016","0.452571","-0.413774","1.082891","-0.397559","1.313892","-0.464190","-0.359401","-0.171120","-0.438348","0.089194"
"2016-08-17","17 Aug 2016","0.460032","-0.415233","1.088277","-0.397745","1.318342","-0.463666","-0.357135","-0.165073","-0.438953","0.096695"
"2016-08-18","18 Aug 2016","0.414745","-0.430152","1.039375","-0.421647","1.272081","-0.440356","-0.378740","-0.188433","-0.433682","0.063412"
"2016-08-19","19 Aug 2016","0.449436","-0.413865","1.070152","-0.399358","1.296741","-0.462538","-0.361531","-0.172203","-0.437228","0.088337"
"2016-08-22","22 Aug 2016","0.439701","-0.421814","1.036605","-0.407978","1.251867","-0.478946","-0.371349","-0.179633","-0.449000","0.082782"
"2016-08-23","23 Aug 2016","0.438064","-0.413317","1.032525","-0.400774","1.245217","-0.495745","-0.372432","-0.187374","-0.452691","0.077441"
"2016-08-24","24 Aug 2016","0.447784","-0.408544","1.044227","-0.398739","1.257291","-0.487883","-0.370955","-0.183488","-0.445863","0.084385"
"2016-08-25","25 Aug 2016","0.469522","-0.410507","1.074636","-0.401267","1.290931","-0.479169","-0.369289","-0.173161","-0.442344","0.100548"
"2016-08-26","26 Aug 2016","0.460268","-0.406379","1.063254","-0.398228","1.278556","-0.482876","-0.370198","-0.179486","-0.441957","0.092300"
"2016-08-29","29 Aug 2016","0.468301","-0.403468","1.082955","-0.399845","1.302348","-0.478107","-0.374635","-0.183249","-0.437364","0.093177"
"2016-08-30","30 Aug 2016","0.445854","-0.417766","1.056341","-0.405359","1.276775","-0.479243","-0.371671","-0.182224","-0.446929","0.082613"
"2016-08-31","31 Aug 2016","0.460085","-0.403884","1.069566","-0.396087","1.288062","-0.474052","-0.367532","-0.178251","-0.436422","0.091834"
"2016-09-01","01 Sep 2016","0.508176","-0.404886","1.136619","-0.384397","1.363776","-0.470152","-0.342673","-0.140262","-0.437028","0.134216"
"2016-09-02","02 Sep 2016","0.504868","-0.410818","1.140391","-0.391659","1.370582","-0.471895","-0.349950","-0.147051","-0.440707","0.128428"
"2016-09-05","05 Sep 2016","0.487056","-0.431122","1.137730","-0.400938","1.376595","-0.499189","-0.354453","-0.155676","-0.466520","0.112916"
"2016-09-06","06 Sep 2016","0.444993","-0.440891","1.089827","-0.419418","1.326192","-0.504408","-0.380426","-0.190554","-0.472772","0.074020"
"2016-09-07","07 Sep 2016","0.401116","-0.449609","1.027226","-0.440780","1.258714","-0.470604","-0.400475","-0.210763","-0.458497","0.044838"
"2016-09-08","08 Sep 2016","0.435834","-0.429745","1.096201","-0.416426","1.343416","-0.457147","-0.375401","-0.187319","-0.442673","0.069899"
"2016-09-09","09 Sep 2016","0.541207","-0.400002","1.234402","-0.377919","1.489336","-0.464524","-0.336688","-0.135719","-0.432352","0.145247"
"2016-09-12","12 Sep 2016","0.566517","-0.386061","1.251768","-0.360642","1.502798","-0.455075","-0.316749","-0.111502","-0.421038","0.171398"
"2016-09-13","13 Sep 2016","0.570331","-0.393006","1.251189","-0.366301","1.500087","-0.460437","-0.319724","-0.109717","-0.427292","0.175324"
"2016-09-14","14 Sep 2016","0.576046","-0.395904","1.267516","-0.369467","1.518815","-0.481953","-0.328153","-0.120127","-0.439291","0.171218"
"2016-09-15","15 Sep 2016","0.604463","-0.409575","1.312457","-0.378517","1.571520","-0.478507","-0.326272","-0.103585","-0.445107","0.193847"
"2016-09-16","16 Sep 2016","0.583081","-0.408488","1.293198","-0.383878","1.553187","-0.474613","-0.337629","-0.122226","-0.441732","0.172683"
"2016-09-19","19 Sep 2016","0.574219","-0.415579","1.290101","-0.383113","1.553045","-0.499018","-0.336891","-0.126936","-0.458795","0.164367"
"2016-09-20","20 Sep 2016","0.528415","-0.422340","1.217493","-0.393867","1.469951","-0.502853","-0.351556","-0.149976","-0.463563","0.132058"
"2016-09-21","21 Sep 2016","0.544528","-0.426454","1.225571","-0.393539","1.474904","-0.501586","-0.344116","-0.133363","-0.465555","0.150609"
"2016-09-22","22 Sep 2016","0.463237","-0.434572","1.122784","-0.412942","1.363589","-0.513017","-0.377893","-0.189011","-0.473827","0.081830"
"2016-09-23","23 Sep 2016","0.482742","-0.413474","1.131453","-0.402882","1.365634","-0.486489","-0.373063","-0.180422","-0.447979","0.097715"
"2016-09-26","26 Sep 2016","0.459036","-0.419069","1.109425","-0.402772","1.343796","-0.526319","-0.380299","-0.200625","-0.471564","0.073630"
"2016-09-27","27 Sep 2016","0.448262","-0.428446","1.102370","-0.414992","1.337578","-0.540379","-0.395998","-0.217722","-0.482750","0.059086"
"2016-09-28","28 Sep 2016","0.432249","-0.445273","1.091144","-0.424299","1.329785","-0.556730","-0.400663","-0.224261","-0.500784","0.046882"
"2016-09-29","29 Sep 2016","0.461381","-0.442606","1.110937","-0.416334","1.344921","-0.559676","-0.387181","-0.200838","-0.501443","0.075536"
"2016-09-30","30 Sep 2016","0.439981","-0.444875","1.090838","-0.421213","1.326167","-0.556452","-0.394447","-0.214226","-0.500775","0.057216"
"2016-10-03","03 Oct 2016","0.458711","-0.475489","1.113906","-0.431365","1.353347","-0.583056","-0.385178","-0.189876","-0.532665","0.080172"
"2016-10-04","04 Oct 2016","0.485301","-0.477262","1.151466","-0.431248","1.394671","-0.584564","-0.381666","-0.178290","-0.534460","0.098982"
"2016-10-05","05 Oct 2016","0.542556","-0.480336","1.231938","-0.439431","1.489645","-0.514956","-0.367848","-0.132203","-0.500392","0.153511"
"2016-10-06","06 Oct 2016","0.574858","-0.456065","1.260412","-0.418132","1.513013","-0.500424","-0.350831","-0.114101","-0.480353","0.178719"
"2016-10-07","07 Oct 2016","0.574200","-0.452565","1.267528","-0.417621","1.522252","-0.503411","-0.355251","-0.122423","-0.479633","0.172642"
"2016-10-10","10 Oct 2016","0.611476","-0.453832","1.309613","-0.408454","1.564786","-0.523694","-0.340899","-0.099681","-0.491779","0.202847"
"2016-10-11","11 Oct 2016","0.600359","-0.462487","1.298822","-0.419243","1.554333","-0.526805","-0.351845","-0.110348","-0.497354","0.192028"
"2016-10-12","12 Oct 2016","0.634880","-0.463353","1.324478","-0.415622","1.576115","-0.517368","-0.338150","-0.081044","-0.493531","0.227091"
"2016-10-13","13 Oct 2016","0.591446","-0.474402","1.283879","-0.416954","1.540356","-0.542485","-0.339808","-0.097624","-0.513514","0.195022"
"2016-10-14","14 Oct 2016","0.607237","-0.436246","1.314346","-0.391770","1.575373","-0.501818","-0.326213","-0.093197","-0.472187","0.202101"
"2016-10-17","17 Oct 2016","0.613539","-0.452226","1.317587","-0.404566","1.577120","-0.514046","-0.333361","-0.091481","-0.486644","0.207641"
"2016-10-18","18 Oct 2016","0.608197","-0.455307","1.307153","-0.409478","1.563973","-0.516567","-0.339323","-0.097223","-0.489115","0.202660"
"2016-10-19","19 Oct 2016","0.583171","-0.458392","1.284879","-0.415991","1.544327","-0.513086","-0.348534","-0.112980","-0.488577","0.181327"
"2016-10-20","20 Oct 2016","0.581353","-0.458084","1.267054","-0.410889","1.520521","-0.514364","-0.339665","-0.102777","-0.489783","0.187585"
"2016-10-21","21 Oct 2016","0.569813","-0.473750","1.246913","-0.403579","1.493431","-0.610292","-0.338419","-0.115524","-0.548913","0.173485"
"2016-10-24","24 Oct 2016","0.572183","-0.473193","1.262500","-0.400852","1.515315","-0.610265","-0.335101","-0.114202","-0.549101","0.173548"
"2016-10-25","25 Oct 2016","0.591974","-0.474486","1.283997","-0.396676","1.536990","-0.618728","-0.327236","-0.100910","-0.554699","0.190485"
"2016-10-26","26 Oct 2016","0.656539","-0.467645","1.348750","-0.382752","1.600442","-0.609830","-0.302211","-0.055603","-0.547542","0.247970"
"2016-10-27","27 Oct 2016","0.733787","-0.435747","1.441234","-0.358313","1.694015","-0.601536","-0.285383","-0.027437","-0.525473","0.300238"
"2016-10-28","28 Oct 2016","0.764229","-0.420455","1.476207","-0.334586","1.734693","-0.550367","-0.245368","0.021458","-0.494070","0.340695"
"2016-10-31","31 Oct 2016","0.746634","-0.412218","1.449749","-0.329504","1.703953","-0.553569","-0.247514","0.010041","-0.491059","0.325926"
"2016-11-01","01 Nov 2016","0.797565","-0.412869","1.498530","-0.331426","1.750329","-0.536679","-0.240083","0.039660","-0.482323","0.369469"
"2016-11-02","02 Nov 2016","0.754132","-0.427915","1.450808","-0.353582","1.702935","-0.525434","-0.262381","0.013050","-0.483453","0.334688"
"2016-11-03","03 Nov 2016","0.776739","-0.442458","1.471100","-0.364225","1.720713","-0.543932","-0.267582","0.020570","-0.500237","0.351584"
"2016-11-04","04 Nov 2016","0.754193","-0.450763","1.446052","-0.371734","1.695030","-0.557586","-0.277277","0.005191","-0.511432","0.332141"
"2016-11-07","07 Nov 2016","0.773252","-0.449742","1.486049","-0.360558","1.742589","-0.590940","-0.268394","0.009895","-0.529101","0.340654"
"2016-11-08","08 Nov 2016","0.770964","-0.449452","1.482473","-0.358880","1.738374","-0.596850","-0.267629","0.008798","-0.532113","0.338822"
"2016-11-09","09 Nov 2016","0.807745","-0.457629","1.535734","-0.367694","1.797490","-0.591792","-0.269940","0.021985","-0.533380","0.363942"
"2016-11-10","10 Nov 2016","0.970694","-0.447575","1.701681","-0.353625","1.960996","-0.544415","-0.227560","0.125156","-0.504177","0.504832"
"2016-11-11","11 Nov 2016","1.012229","-0.405967","1.749751","-0.298564","2.013134","-0.521121","-0.169132","0.177409","-0.474066","0.549898"
"2016-11-14","14 Nov 2016","1.088723","-0.388620","1.837773","-0.261372","2.106081","-0.519781","-0.117901","0.242823","-0.467652","0.621106"
"2016-11-15","15 Nov 2016","1.022780","-0.414041","1.743912","-0.300164","2.000486","-0.530267","-0.163544","0.191840","-0.483483","0.565470"
"2016-11-16","16 Nov 2016","1.042801","-0.413251","1.759083","-0.297558","2.014885","-0.505766","-0.150993","0.215819","-0.471165","0.589717"
"2016-11-17","17 Nov 2016","1.060237","-0.414622","1.772533","-0.295881","2.025770","-0.512957","-0.146649","0.226406","-0.475705","0.604940"
"2016-11-18","18 Nov 2016","1.024687","-0.420648","1.726029","-0.309097","1.974178","-0.524062","-0.168098","0.196581","-0.483098","0.572514"
"2016-11-21","21 Nov 2016","1.055860","-0.420202","1.760095","-0.308288","2.007973","-0.527822","-0.165016","0.210004","-0.484439","0.595875"
"2016-11-22","22 Nov 2016","1.002888","-0.434538","1.711478","-0.337407","1.961006","-0.531938","-0.205426","0.158408","-0.491523","0.541787"
"2016-11-23","23 Nov 2016","1.090169","-0.415234","1.809087","-0.303724","2.062651","-0.510099","-0.155542","0.229259","-0.473013","0.622195"
"2016-11-24","24 Nov 2016","1.047631","-0.426548","1.768708","-0.322823","2.023521","-0.516373","-0.181854","0.192946","-0.480801","0.581270"
"2016-11-25","25 Nov 2016","1.068408","-0.427578","1.792564","-0.319706","2.049063","-0.508735","-0.171747","0.211071","-0.478159","0.601395"
"2016-11-28","28 Nov 2016","1.035478","-0.417073","1.752933","-0.310260","2.007081","-0.516282","-0.171774","0.193812","-0.476685","0.574758"
"2016-11-29","29 Nov 2016","1.009529","-0.423862","1.744599","-0.321352","2.008092","-0.503595","-0.183801","0.175122","-0.473536","0.549640"
"2016-11-30","30 Nov 2016","0.993362","-0.408552","1.728641","-0.317957","1.989984","-0.504494","-0.195917","0.150570","-0.464324","0.527558"
"2016-12-01","01 Dec 2016","1.051203","-0.424212","1.803195","-0.333326","2.070947","-0.485008","-0.195404","0.180195","-0.462228","0.573305"
"2016-12-02","02 Dec 2016","1.053649","-0.423689","1.811602","-0.324291","2.083197","-0.491518","-0.182811","0.190203","-0.466724","0.578437"
"2016-12-05","05 Dec 2016","1.070209","-0.418219","1.815413","-0.309765","2.079233","-0.530523","-0.172085","0.199221","-0.484419","0.592164"
"2016-12-06","06 Dec 2016","1.041840","-0.433149","1.774830","-0.327712","2.032990","-0.555249","-0.194777","0.173336","-0.503557","0.566179"
"2016-12-07","07 Dec 2016","1.025935","-0.428107","1.766560","-0.328073","2.027834","-0.551550","-0.201849","0.157666","-0.498491","0.548360"
"2016-12-08","08 Dec 2016","1.068975","-0.429851","1.820105","-0.332551","2.084605","-0.535358","-0.199481","0.177665","-0.490581","0.581066"
"2016-12-09","09 Dec 2016","1.076003","-0.473936","1.883422","-0.404093","2.169014","-0.514291","-0.271047","0.127736","-0.497842","0.556141"
"2016-12-12","12 Dec 2016","1.123244","-0.468495","1.954223","-0.399316","2.247510","-0.515221","-0.265789","0.143162","-0.495160","0.585986"
"2016-12-13","13 Dec 2016","1.052055","-0.448821","1.865350","-0.412672","2.151105","-0.471611","-0.302080","0.086122","-0.458460","0.521847"
"2016-12-14","14 Dec 2016","0.981661","-0.455791","1.791746","-0.434599","2.078193","-0.445854","-0.331898","0.040129","-0.447421","0.462029"
"2016-12-15","15 Dec 2016","1.023052","-0.468016","1.820368","-0.437429","2.101607","-0.443743","-0.318189","0.076715","-0.453653","0.505564"
"2016-12-16","16 Dec 2016","1.004414","-0.467719","1.767693","-0.420073","2.031210","-0.617055","-0.328924","0.045781","-0.540058","0.483367"
"2016-12-19","19 Dec 2016","0.968269","-0.469642","1.735725","-0.430137","2.001705","-0.590237","-0.342413","0.021877","-0.527205","0.451091"
"2016-12-20","20 Dec 2016","0.958386","-0.487792","1.707064","-0.434074","1.967023","-0.596540","-0.332861","0.035791","-0.542137","0.455437"
"2016-12-21","21 Dec 2016","0.936149","-0.499221","1.688952","-0.447945","1.950814","-0.601103","-0.348435","0.016162","-0.550010","0.433360"
"2016-12-22","22 Dec 2016","0.968255","-0.503366","1.710737","-0.472980","1.968321","-0.518244","-0.359915","0.035604","-0.507382","0.464915"
"2016-12-23","23 Dec 2016","0.932202","-0.507189","1.671786","-0.457356","1.929133","-0.579006","-0.349935","0.022555","-0.542949","0.437173"
"2016-12-27","27 Dec 2016","0.926219","-0.516276","1.654902","-0.468039","1.906953","-0.613495","-0.365256","0.009748","-0.563645","0.429997"
"2016-12-28","28 Dec 2016","0.919000","-0.525574","1.669545","-0.481469","1.931389","-0.573928","-0.372529","0.003222","-0.548987","0.419943"
"2016-12-29","29 Dec 2016","0.922312","-0.535175","1.631421","-0.477317","1.878329","-0.567085","-0.350701","0.037664","-0.552567","0.445338"
"2016-12-30","30 Dec 2016","0.932033","-0.502129","1.690992","-0.459409","1.955379","-0.577501","-0.359596","0.007904","-0.538563","0.426832"
"2017-01-02","02 Jan 2017","0.885675","-0.482404","1.647833","-0.467264","1.913055","-0.543724","-0.388240","-0.038339","-0.507535","0.378381"
"2017-01-03","03 Jan 2017","0.984869","-0.508747","1.765616","-0.463351","2.037689","-0.573158","-0.354630","0.031459","-0.539934","0.464794"
"2017-01-04","04 Jan 2017","1.007132","-0.518818","1.810898","-0.461687","2.093365","-0.568659","-0.341235","0.050652","-0.545170","0.482945"
"2017-01-05","05 Jan 2017","1.057494","-0.472725","1.851335","-0.425784","2.128432","-0.519320","-0.309057","0.089656","-0.495319","0.530171"
"2017-01-06","06 Jan 2017","1.075250","-0.440229","1.855717","-0.394207","2.126122","-0.537022","-0.289424","0.102647","-0.486754","0.546923"
"2017-01-09","09 Jan 2017","1.039470","-0.467835","1.848937","-0.415805","2.133086","-0.530836","-0.304295","0.078869","-0.499894","0.511473"
"2017-01-10","10 Jan 2017","1.040947","-0.463469","1.842311","-0.412883","2.122078","-0.550481","-0.307311","0.074530","-0.506758","0.511140"
"2017-01-11","11 Jan 2017","0.992615","-0.459702","1.801772","-0.409686","2.087969","-0.515126","-0.303778","0.059757","-0.488386","0.475756"
"2017-01-12","12 Jan 2017","0.999853","-0.446736","1.820366","-0.403340","2.110645","-0.500049","-0.302665","0.057965","-0.473346","0.476805"
"2017-01-13","13 Jan 2017","1.024306","-0.449948","1.859480","-0.400931","2.154755","-0.519577","-0.299092","0.065722","-0.485398","0.491594"
"2017-01-16","16 Jan 2017","1.038368","-0.421239","1.880092","-0.391714","2.176737","-0.473183","-0.299667","0.064631","-0.444637","0.497607"
"2017-01-17","17 Jan 2017","0.991369","-0.434137","1.834486","-0.408050","2.132004","-0.495444","-0.324403","0.026200","-0.461865","0.452900"
"2017-01-18","18 Jan 2017","1.037043","-0.432924","1.892546","-0.400622","2.194321","-0.496558","-0.309875","0.053396","-0.462575","0.489440"
"2017-01-19","19 Jan 2017","1.110883","-0.420048","1.966149","-0.381745","2.266027","-0.493894","-0.282714","0.101635","-0.455002","0.553458"
"2017-01-20","20 Jan 2017","1.127026","-0.386488","1.981074","-0.362967","2.279201","-0.463700","-0.275116","0.106471","-0.420348","0.564260"
"2017-01-23","23 Jan 2017","1.131834","-0.421865","1.975510","-0.374879","2.271513","-0.483494","-0.264003","0.130898","-0.452142","0.581201"
"2017-01-24","24 Jan 2017","1.107302","-0.427428","1.951573","-0.380356","2.248784","-0.483296","-0.270305","0.117764","-0.455186","0.561268"
"2017-01-25","25 Jan 2017","1.183319","-0.397767","2.025098","-0.356371","2.318770","-0.459894","-0.245344","0.162191","-0.426774","0.624892"
"2017-01-26","26 Jan 2017","1.224907","-0.404929","2.044571","-0.351494","2.329335","-0.464240","-0.224554","0.204423","-0.433929","0.672379"
"2017-01-27","27 Jan 2017","1.249181","-0.376805","2.048289","-0.334073","2.324451","-0.422767","-0.208026","0.229087","-0.396894","0.701036"
"2017-01-30","30 Jan 2017","1.287003","-0.375696","2.071956","-0.310629","2.344889","-0.385295","-0.157954","0.293626","-0.382049","0.754892"
"2017-01-31","31 Jan 2017","1.286023","-0.386227","2.065927","-0.326180","2.335041","-0.427181","-0.181426","0.274062","-0.406402","0.746456"
"2017-02-01","01 Feb 2017","1.320915","-0.393411","2.116787","-0.331700","2.391503","-0.426413","-0.180849","0.287668","-0.409754","0.770443"
"2017-02-02","02 Feb 2017","1.252111","-0.427825","2.052150","-0.376468","2.329837","-0.418457","-0.226789","0.233693","-0.422296","0.707175"
"2017-02-03","03 Feb 2017","1.276039","-0.419440","2.108376","-0.379167","2.396836","-0.425923","-0.240945","0.219757","-0.419613","0.708659"
"2017-02-06","06 Feb 2017","1.290189","-0.433965","2.106733","-0.373530","2.389490","-0.458983","-0.222861","0.245451","-0.446437","0.731198"
"2017-02-07","07 Feb 2017","1.306092","-0.433111","2.135667","-0.378001","2.422792","-0.454715","-0.229109","0.243952","-0.442858","0.737610"
"2017-02-08","08 Feb 2017","1.248832","-0.480863","2.082999","-0.405708","2.375304","-0.488056","-0.243498","0.220864","-0.487810","0.694765"
"2017-02-09","09 Feb 2017","1.174029","-0.485746","2.001467","-0.423994","2.293982","-0.457150","-0.268079","0.178877","-0.473477","0.635085"
"2017-02-10","10 Feb 2017","1.239212","-0.474824","2.067131","-0.405834","2.359766","-0.432288","-0.235821","0.232067","-0.456478","0.697007"
"2017-02-13","13 Feb 2017","1.233953","-0.471759","2.060697","-0.390942","2.350680","-0.497237","-0.231811","0.221512","-0.488870","0.686942"
"2017-02-14","14 Feb 2017","1.216301","-0.474919","2.047276","-0.399362","2.339050","-0.495854","-0.244349","0.204258","-0.489051","0.668409"
"2017-02-15","15 Feb 2017","1.259816","-0.475555","2.104237","-0.396636","2.401047","-0.485807","-0.233147","0.230060","-0.484758","0.703351"
"2017-02-16","16 Feb 2017","1.216754","-0.481101","2.053564","-0.395199","2.350477","-0.487486","-0.229519","0.220719","-0.490042","0.676295"
"2017-02-17","17 Feb 2017","1.193587","-0.481447","2.014333","-0.394888","2.303017","-0.522747","-0.239039","0.200705","-0.507638","0.655110"
"2017-02-20","20 Feb 2017","1.233219","-0.444666","2.034653","-0.360284","2.313511","-0.516859","-0.210907","0.231314","-0.485089","0.693281"
"2017-02-21","21 Feb 2017","1.229907","-0.430121","2.050316","-0.340266","2.337902","-0.508808","-0.193298","0.235518","-0.475275","0.689230"
"2017-02-22","22 Feb 2017","1.197861","-0.435245","2.023856","-0.349819","2.314402","-0.508701","-0.207861","0.211052","-0.477424","0.658954"
"2017-02-23","23 Feb 2017","1.172173","-0.458572","1.999336","-0.387100","2.290647","-0.490802","-0.243837","0.182061","-0.478106","0.632659"
"2017-02-24","24 Feb 2017","1.148704","-0.468607","1.957717","-0.395124","2.241935","-0.506482","-0.251888","0.171587","-0.491209","0.617566"
"2017-02-27","27 Feb 2017","1.115961","-0.472498","1.895181","-0.399170","2.169535","-0.484640","-0.250086","0.172039","-0.482542","0.604884"
"2017-02-28","28 Feb 2017","1.096141","-0.472401","1.885142","-0.396159","2.162451","-0.525804","-0.258729","0.147910","-0.503422","0.579547"
"2017-03-01","01 Mar 2017","1.129944","-0.466296","1.932897","-0.386839","2.216669","-0.500237","-0.240642","0.175493","-0.488287","0.609759"
"2017-03-02","02 Mar 2017","1.165293","-0.471517","1.955245","-0.393413","2.230725","-0.525976","-0.247285","0.184945","-0.502535","0.636167"
"2017-03-03","03 Mar 2017","1.187390","-0.475795","1.974219","-0.405711","2.246891","-0.527340","-0.259864","0.186126","-0.503378","0.650532"
"2017-03-06","06 Mar 2017","1.175274","-0.487605","1.954146","-0.405748","2.224169","-0.558731","-0.256874","0.185667","-0.526856","0.644521"
"2017-03-07","07 Mar 2017","1.197122","-0.503207","1.998317","-0.417854","2.276385","-0.579203","-0.265987","0.184568","-0.545329","0.653147"
"2017-03-08","08 Mar 2017","1.261360","-0.488646","2.088261","-0.376253","2.377140","-0.593253","-0.212242","0.241550","-0.549640","0.710276"
"2017-03-09","09 Mar 2017","1.251151","-0.505692","2.078528","-0.392427","2.368410","-0.590906","-0.222484","0.235809","-0.557380","0.702743"
"2017-03-10","10 Mar 2017","1.325504","-0.490926","2.161361","-0.353855","2.455383","-0.589072","-0.166557","0.305922","-0.552802","0.775411"
"2017-03-13","13 Mar 2017","1.348123","-0.481745","2.133126","-0.329237","2.406332","-0.606915","-0.132839","0.349085","-0.558864","0.815729"
"2017-03-14","14 Mar 2017","1.363440","-0.474027","2.134039","-0.317060","2.401861","-0.594793","-0.114635","0.372846","-0.549580","0.837729"
"2017-03-15","15 Mar 2017","1.318032","-0.472202","2.097296","-0.342410","2.367028","-0.593729","-0.162275","0.312161","-0.543501","0.782637"
"2017-03-16","16 Mar 2017","1.346593","-0.473760","2.129579","-0.337617","2.401165","-0.579112","-0.146975","0.338118","-0.538175","0.810588"
"2017-03-17","17 Mar 2017","1.357054","-0.441914","2.119084","-0.314927","2.380506","-0.609463","-0.142401","0.338001","-0.534122","0.819094"
"2017-03-20","20 Mar 2017","1.363859","-0.430071","2.130243","-0.308698","2.392739","-0.615621","-0.143724","0.334587","-0.529799","0.820476"
"2017-03-21","21 Mar 2017","1.354241","-0.433464","2.118535","-0.309803","2.380536","-0.616125","-0.143772","0.331743","-0.532389","0.813912"
"2017-03-22","22 Mar 2017","1.284928","-0.445801","2.047413","-0.339205","2.309228","-0.602860","-0.184258","0.275847","-0.529861","0.749503"
"2017-03-23","23 Mar 2017","1.265460","-0.444682","2.029807","-0.340219","2.292611","-0.601331","-0.189392","0.262423","-0.528499","0.731598"
"2017-03-24","24 Mar 2017","1.272464","-0.442258","2.033330","-0.335935","2.294761","-0.602188","-0.183711","0.270095","-0.527877","0.739676"
"2017-03-27","27 Mar 2017","1.238678","-0.448266","2.000129","-0.340778","2.262760","-0.594929","-0.189169","0.253366","-0.528301","0.712301"
"2017-03-28","28 Mar 2017","1.225022","-0.442047","1.991154","-0.344920","2.255607","-0.574597","-0.199003","0.238724","-0.513588","0.697045"
"2017-03-29","29 Mar 2017","1.199886","-0.449988","1.979377","-0.367073","2.248811","-0.563065","-0.228476","0.204981","-0.509791","0.665540"
"2017-03-30","30 Mar 2017","1.197462","-0.436463","1.975644","-0.345945","2.245990","-0.539370","-0.202919","0.222826","-0.493167","0.671783"
"2017-03-31","31 Mar 2017","1.190430","-0.420522","1.982657","-0.322064","2.259818","-0.535209","-0.181534","0.228482","-0.485029","0.666792"
"2017-04-03","03 Apr 2017","1.192189","-0.441801","2.003302","-0.353193","2.287828","-0.520211","-0.209011","0.212144","-0.486790","0.658784"
"2017-04-04","04 Apr 2017","1.138855","-0.444593","1.946249","-0.371698","2.230403","-0.493658","-0.235259","0.174412","-0.472915","0.612360"
"2017-04-05","05 Apr 2017","1.147546","-0.437171","1.953696","-0.366156","2.237053","-0.485182","-0.230353","0.180602","-0.464592","0.620177"
"2017-04-06","06 Apr 2017","1.131205","-0.448585","1.936570","-0.373308","2.220816","-0.490745","-0.233868","0.175258","-0.474018","0.609077"
"2017-04-07","07 Apr 2017","1.093112","-0.449405","1.900761","-0.388681","2.185347","-0.488144","-0.261780","0.136160","-0.470897","0.568933"
"2017-04-10","10 Apr 2017","1.122014","-0.440411","1.922547","-0.376545","2.202724","-0.502252","-0.250399","0.153325","-0.473362","0.593720"
"2017-04-11","11 Apr 2017","1.138749","-0.428812","1.931209","-0.349592","2.209336","-0.503045","-0.215895","0.186471","-0.470568","0.619108"
"2017-04-12","12 Apr 2017","1.137623","-0.421580","1.928895","-0.342277","2.206672","-0.499304","-0.210225","0.188763","-0.465135","0.619372"
"2017-04-13","13 Apr 2017","1.109106","-0.433093","1.889621","-0.349669","2.165264","-0.491828","-0.211278","0.185009","-0.468282","0.604047"
"2017-04-18","18 Apr 2017","1.100949","-0.416405","1.901274","-0.346275","2.183896","-0.479024","-0.221669","0.163280","-0.451507","0.585351"
"2017-04-19","19 Apr 2017","1.093184","-0.427111","1.879411","-0.350634","2.157563","-0.480751","-0.218202","0.170712","-0.458835","0.587349"
"2017-04-20","20 Apr 2017","1.128970","-0.430230","1.913808","-0.344727","2.195357","-0.437564","-0.189566","0.220155","-0.440479","0.633269"
"2017-04-21","21 Apr 2017","1.124478","-0.422510","1.900635","-0.330143","2.177096","-0.465516","-0.180917","0.218923","-0.451561","0.629693"
"2017-04-24","24 Apr 2017","1.123115","-0.431334","1.895750","-0.327746","2.169172","-0.518376","-0.181840","0.213018","-0.483857","0.625474"
"2017-04-25","25 Apr 2017","1.135701","-0.433864","1.922707","-0.328359","2.201904","-0.521696","-0.181000","0.216196","-0.487114","0.631895"
"2017-04-26","26 Apr 2017","1.170119","-0.435813","1.965626","-0.324501","2.249478","-0.504414","-0.165031","0.246070","-0.480405","0.664953"
"2017-04-27","27 Apr 2017","1.131616","-0.447790","1.930243","-0.345506","2.217152","-0.493104","-0.188492","0.217622","-0.479615","0.630808"
"2017-04-28","28 Apr 2017","1.116868","-0.445489","1.932286","-0.353483","2.225125","-0.490483","-0.206309","0.191764","-0.475644","0.607450"
"2017-05-02","02 May 2017","1.117421","-0.445756","1.936330","-0.347348","2.231997","-0.495177","-0.197101","0.199388","-0.479235","0.610979"
"2017-05-03","03 May 2017","1.105843","-0.463433","1.908474","-0.366623","2.197503","-0.498583","-0.211738","0.192466","-0.489415","0.604783"
"2017-05-04","04 May 2017","1.129917","-0.470691","1.940990","-0.369888","2.233965","-0.498480","-0.207574","0.207495","-0.493511","0.624911"
"2017-05-05","05 May 2017","1.112571","-0.466916","1.932919","-0.362645","2.232575","-0.499324","-0.201553","0.203934","-0.492847","0.612452"
"2017-05-08","08 May 2017","1.126818","-0.449106","1.946170","-0.337030","2.241316","-0.531194","-0.185424","0.208304","-0.500962","0.619310"
"2017-05-09","09 May 2017","1.167334","-0.460902","1.995559","-0.346144","2.296507","-0.508452","-0.178093","0.239310","-0.495765","0.657745"
"2017-05-10","10 May 2017","1.127567","-0.470611","1.959375","-0.368495","2.263686","-0.494290","-0.205273","0.206857","-0.491765","0.621083"
"2017-05-11","11 May 2017","1.172483","-0.458702","2.014536","-0.354553","2.322373","-0.479269","-0.186517","0.235994","-0.478450","0.658256"
"2017-05-12","12 May 2017","1.156932","-0.454499","1.988745","-0.360418","2.289837","-0.472229","-0.200211","0.217628","-0.471242","0.641533"
"2017-05-15","15 May 2017","1.162820","-0.458372","2.009655","-0.352670","2.317354","-0.501965","-0.191776","0.221303","-0.489917","0.643713"
"2017-05-16","16 May 2017","1.158824","-0.467095","2.000666","-0.364334","2.305028","-0.508233","-0.204123","0.211951","-0.496846","0.637889"
"2017-05-17","17 May 2017","1.124430","-0.473885","1.973193","-0.382512","2.279740","-0.510441","-0.232098","0.174685","-0.499699","0.600037"
"2017-05-18","18 May 2017","1.079197","-0.446530","1.934363","-0.368454","2.245530","-0.477450","-0.233019","0.149237","-0.467954","0.561018"
"2017-05-19","19 May 2017","1.086388","-0.468345","1.950993","-0.378869","2.266676","-0.510757","-0.236508","0.151554","-0.497221","0.565390"
"2017-05-22","22 May 2017","1.123739","-0.452137","2.016739","-0.360992","2.343491","-0.503661","-0.219913","0.168995","-0.485819","0.589457"
"2017-05-23","23 May 2017","1.112485","-0.465265","1.958085","-0.372994","2.262698","-0.519707","-0.228870","0.167716","-0.500217","0.589378"
"2017-05-24","24 May 2017","1.112872","-0.459411","1.943294","-0.364856","2.241555","-0.517923","-0.219806","0.176522","-0.496695","0.595665"
"2017-05-25","25 May 2017","1.085215","-0.461510","1.921511","-0.376589","2.222650","-0.508593","-0.237849","0.151293","-0.491764","0.567759"
"2017-05-26","26 May 2017","1.045441","-0.463517","1.892958","-0.374987","2.203658","-0.506564","-0.236616","0.138332","-0.492817","0.538790"
"2017-05-29","29 May 2017","1.041545","-0.461665","1.887766","-0.379463","2.196122","-0.504300","-0.246061","0.127266","-0.489723","0.531028"
"2017-05-30","30 May 2017","1.061589","-0.456759","1.931009","-0.351942","2.256375","-0.513069","-0.205607","0.166979","-0.495404","0.559097"
"2017-05-31","31 May 2017","1.027961","-0.471698","1.917092","-0.372387","2.252597","-0.524260","-0.231525","0.132996","-0.507804","0.522369"
"2017-06-01","01 Jun 2017","1.139245","-0.462784","1.966286","-0.361077","2.263418","-0.518173","-0.207069","0.200364","-0.499484","0.622646"
"2017-06-02","02 Jun 2017","1.115795","-0.459693","1.946763","-0.366294","2.245024","-0.515868","-0.221105","0.176797","-0.495597","0.597418"
"2017-06-05","05 Jun 2017","1.132584","-0.470165","1.972917","-0.370504","2.278364","-0.503424","-0.212184","0.197922","-0.495677","0.617434"
"2017-06-06","06 Jun 2017","1.086891","-0.477284","1.938151","-0.383780","2.250922","-0.503350","-0.231764","0.165334","-0.498568","0.575806"
"2017-06-07","07 Jun 2017","1.108121","-0.484456","1.951004","-0.382406","2.259739","-0.516059","-0.222799","0.183942","-0.509646","0.597806"
"2017-06-08","08 Jun 2017","1.055905","-0.480977","1.925986","-0.400984","2.247687","-0.491290","-0.257513","0.131179","-0.492500","0.540352"
"2017-06-09","09 Jun 2017","0.989413","-0.489267","1.904248","-0.410141","2.255111","-0.502608","-0.274740","0.089087","-0.502753","0.479510"
"2017-06-12","12 Jun 2017","0.958570","-0.491074","1.824388","-0.414725","2.145868","-0.524490","-0.288578","0.065823","-0.514132","0.454876"
"2017-06-13","13 Jun 2017","0.974786","-0.483302","1.821130","-0.411934","2.130631","-0.516105","-0.287558","0.072577","-0.505031","0.468799"
"2017-06-14","14 Jun 2017","0.942501","-0.491875","1.815856","-0.410697","2.145056","-0.525721","-0.282482","0.066291","-0.516083","0.446233"
"2017-06-15","15 Jun 2017","1.038319","-0.474112","1.853377","-0.376045","2.150304","-0.526866","-0.231458","0.147414","-0.509599","0.543841"
"2017-06-16","16 Jun 2017","0.979737","-0.482900","1.800425","-0.391217","2.102925","-0.528139","-0.253730","0.109139","-0.514025","0.493183"
"2017-06-19","19 Jun 2017","0.982776","-0.484930","1.803994","-0.391423","2.106901","-0.531114","-0.252442","0.111884","-0.516792","0.496226"
"2017-06-20","20 Jun 2017","0.943243","-0.486228","1.768517","-0.403684","2.072722","-0.529518","-0.275585","0.075701","-0.515146","0.456154"
"2017-06-21","21 Jun 2017","0.932570","-0.481376","1.744845","-0.402780","2.043109","-0.521219","-0.277215","0.071487","-0.507965","0.449814"
"2017-06-22","22 Jun 2017","0.917886","-0.490778","1.728778","-0.418709","2.027607","-0.510920","-0.292273","0.059353","-0.506527","0.437348"
"2017-06-23","23 Jun 2017","0.930451","-0.486411","1.744259","-0.399397","2.044695","-0.535915","-0.270353","0.077020","-0.519195","0.451270"
"2017-06-26","26 Jun 2017","0.915619","-0.484198","1.726711","-0.398992","2.025215","-0.541572","-0.275096","0.065055","-0.520705","0.437018"
"2017-06-27","27 Jun 2017","1.007392","-0.470486","1.810716","-0.362400","2.104121","-0.551037","-0.221321","0.141362","-0.521656","0.524402"
"2017-06-28","28 Jun 2017","1.031207","-0.466924","1.838299","-0.355638","2.133158","-0.546806","-0.210411","0.158724","-0.518162","0.545402"
"2017-06-29","29 Jun 2017","1.103295","-0.461117","1.902054","-0.335879","2.193800","-0.534626","-0.172023","0.222349","-0.510958","0.617658"
"2017-06-30","30 Jun 2017","1.161612","-0.461914","1.940381","-0.336291","2.219119","-0.532116","-0.164551","0.254103","-0.509524","0.667706"
"2017-07-03","03 Jul 2017","1.146702","-0.473456","1.932617","-0.357529","2.215112","-0.517719","-0.185886","0.236025","-0.506671","0.651160"
"2017-07-04","04 Jul 2017","1.146160","-0.477898","1.949015","-0.360089","2.240583","-0.517436","-0.186254","0.235393","-0.509176","0.648903"
"2017-07-05","05 Jul 2017","1.161400","-0.469091","1.968723","-0.349642","2.262631","-0.508318","-0.174152","0.249127","-0.500466","0.663172"
"2017-07-06","06 Jul 2017","1.288071","-0.460849","2.080451","-0.321217","2.361482","-0.531100","-0.128502","0.331215","-0.509860","0.773030"
"2017-07-07","07 Jul 2017","1.299081","-0.466016","2.060357","-0.328981","2.330971","-0.486630","-0.120264","0.359902","-0.489733","0.799833"
"2017-07-10","10 Jul 2017","1.269026","-0.466916","2.042633","-0.332660","2.317142","-0.512044","-0.136563","0.326762","-0.502593","0.764259"
"2017-07-11","11 Jul 2017","1.279778","-0.470388","2.092299","-0.325762","2.386981","-0.519423","-0.124309","0.336724","-0.509926","0.770261"
"2017-07-12","12 Jul 2017","1.230214","-0.476727","2.045638","-0.341190","2.344573","-0.512662","-0.146194","0.303125","-0.508576","0.727457"
"2017-07-13","13 Jul 2017","1.239698","-0.479212","2.043152","-0.337265","2.338372","-0.514917","-0.135559","0.320024","-0.511834","0.743075"
"2017-07-14","14 Jul 2017","1.208262","-0.471409","2.025881","-0.330553","2.328452","-0.521520","-0.138297","0.298667","-0.511396","0.712647"
"2017-07-17","17 Jul 2017","1.215410","-0.472150","1.983441","-0.329219","2.259733","-0.529672","-0.134738","0.309718","-0.515848","0.727348"
"2017-07-18","18 Jul 2017","1.181004","-0.478756","1.963252","-0.347125","2.246039","-0.525795","-0.161047","0.274166","-0.515666","0.689730"
"2017-07-19","19 Jul 2017","1.154728","-0.468747","1.939612","-0.350608","2.222681","-0.508810","-0.175740","0.248298","-0.500231","0.661863"
"2017-07-20","20 Jul 2017","1.130845","-0.473518","1.923895","-0.360560","2.210508","-0.513352","-0.191610","0.224742","-0.504221","0.636220"
"2017-07-21","21 Jul 2017","1.116727","-0.474834","1.909756","-0.357756","2.199037","-0.514510","-0.186786","0.225359","-0.506257","0.629285"
"2017-07-24","24 Jul 2017","1.100421","-0.480041","1.896280","-0.363381","2.187387","-0.521797","-0.194473","0.213059","-0.512531","0.614122"
"2017-07-25","25 Jul 2017","1.156484","-0.476536","1.948873","-0.355580","2.235627","-0.517598","-0.178514","0.247401","-0.508963","0.661742"
"2017-07-26","26 Jul 2017","1.171510","-0.479509","1.953147","-0.364490","2.232888","-0.511006","-0.186601","0.249365","-0.505956","0.672612"
"2017-07-27","27 Jul 2017","1.144811","-0.489589","1.941261","-0.380589","2.227762","-0.516402","-0.208083","0.220926","-0.512938","0.642543"
"2017-07-28","28 Jul 2017","1.183178","-0.491828","1.971669","-0.379384","2.253137","-0.515720","-0.199283","0.245590","-0.513907","0.676916"
"2017-07-31","31 Jul 2017","1.175392","-0.498667","1.988498","-0.384200","2.281602","-0.526431","-0.205383","0.234330","-0.523196","0.663985"
"2017-08-01","01 Aug 2017","1.146711","-0.494634","1.906285","-0.394507","2.174483","-0.511098","-0.222027","0.218488","-0.510945","0.648011"
"2017-08-02","02 Aug 2017","1.107453","-0.498567","1.875802","-0.402050","2.148101","-0.524498","-0.238816","0.186156","-0.519315","0.609096"
"2017-08-03","03 Aug 2017","1.094279","-0.499781","1.861451","-0.398375","2.135982","-0.517521","-0.230565","0.191329","-0.517481","0.605044"
"2017-08-04","04 Aug 2017","1.100320","-0.498842","1.864232","-0.385496","2.136471","-0.550713","-0.218409","0.198569","-0.535372","0.610996"
"2017-08-07","07 Aug 2017","1.093333","-0.496878","1.861280","-0.388188","2.135137","-0.544220","-0.224186","0.190137","-0.530476","0.602519"
"2017-08-08","08 Aug 2017","1.089085","-0.495041","1.851898","-0.385873","2.123869","-0.542994","-0.221955","0.190942","-0.529040","0.601220"
"2017-08-09","09 Aug 2017","1.066562","-0.498345","1.828229","-0.393317","2.100081","-0.543188","-0.233176","0.174006","-0.530258","0.580939"
"2017-08-10","10 Aug 2017","1.074873","-0.499170","1.823058","-0.393376","2.089437","-0.534892","-0.228311","0.186049","-0.526530","0.593722"
"2017-08-11","11 Aug 2017","1.061708","-0.506273","1.849331","-0.398841","2.135885","-0.535644","-0.233668","0.173524","-0.531120","0.575868"
"2017-08-14","14 Aug 2017","1.076503","-0.510981","1.869451","-0.403869","2.156219","-0.544318","-0.238744","0.173338","-0.537614","0.582898"
"2017-08-15","15 Aug 2017","1.109133","-0.506696","1.903220","-0.391755","2.190206","-0.546102","-0.220251","0.199934","-0.537436","0.613343"
"2017-08-16","16 Aug 2017","1.106097","-0.504136","1.868478","-0.400147","2.141166","-0.516343","-0.227062","0.202230","-0.519372","0.617994"
"2017-08-17","17 Aug 2017","1.110559","-0.501960","1.900539","-0.395670","2.185847","-0.520881","-0.224350","0.199919","-0.521084","0.615301"
"2017-08-18","18 Aug 2017","1.078477","-0.500903","1.860313","-0.397322","2.139730","-0.548447","-0.238917","0.169554","-0.533917","0.582409"
"2017-08-21","21 Aug 2017","1.084912","-0.501977","1.866819","-0.398150","2.145890","-0.549544","-0.238847","0.172268","-0.534972","0.587300"
"2017-08-22","22 Aug 2017","1.124317","-0.501356","1.899866","-0.387470","2.175762","-0.554903","-0.218679","0.205399","-0.538643","0.625896"
"2017-08-23","23 Aug 2017","1.121544","-0.497453","1.899252","-0.385295","2.176372","-0.547818","-0.217613","0.204413","-0.532955","0.623543"
"2017-08-24","24 Aug 2017","1.095747","-0.491614","1.882566","-0.389047","2.163241","-0.541851","-0.231649","0.178432","-0.525734","0.595048"
"2017-08-25","25 Aug 2017","1.125925","-0.496778","1.908824","-0.381991","2.189027","-0.544433","-0.211715","0.210988","-0.531420","0.628580"
"2017-08-28","28 Aug 2017","1.094724","-0.497976","1.890927","-0.391921","2.175941","-0.552403","-0.233440","0.175808","-0.534806","0.591987"
"2017-08-29","29 Aug 2017","1.071169","-0.495230","1.823808","-0.397520","2.088966","-0.554743","-0.245269","0.162961","-0.532875","0.578869"
"2017-08-30","30 Aug 2017","1.088155","-0.494091","1.883063","-0.391512","2.168604","-0.535659","-0.232696","0.175740","-0.524066","0.588923"
"2017-08-31","31 Aug 2017","1.052179","-0.502092","1.859338","-0.404461","2.152751","-0.530827","-0.248686","0.150979","-0.525206","0.556446"
"2017-09-01","01 Sep 2017","1.087651","-0.501049","1.903377","-0.402456","2.198365","-0.531051","-0.243770","0.166053","-0.524720","0.581819"
"2017-09-04","04 Sep 2017","1.077816","-0.507870","1.848093","-0.411842","2.120791","-0.550723","-0.255727","0.158862","-0.537046","0.578923"
"2017-09-05","05 Sep 2017","1.049536","-0.512818","1.831060","-0.423328","2.108407","-0.556473","-0.275025","0.129699","-0.541555","0.547596"
"2017-09-06","06 Sep 2017","1.053287","-0.509381","1.812464","-0.410772","2.081387","-0.560018","-0.256565","0.150108","-0.542973","0.562514"
"2017-09-07","07 Sep 2017","1.020646","-0.517675","1.791025","-0.423553","2.065564","-0.563336","-0.274325","0.122780","-0.548380","0.530018"
"2017-09-08","08 Sep 2017","1.037355","-0.517160","1.813492","-0.426158","2.089929","-0.552326","-0.274937","0.129098","-0.542044","0.541838"
"2017-09-11","11 Sep 2017","1.048695","-0.513012","1.826767","-0.417828","2.103459","-0.561306","-0.266809","0.136801","-0.545030","0.550937"
"2017-09-12","12 Sep 2017","1.066848","-0.498625","1.854651","-0.406131","2.136599","-0.528095","-0.252034","0.154707","-0.520970","0.568451"
"2017-09-13","13 Sep 2017","1.098025","-0.498574","1.891470","-0.399419","2.177579","-0.514465","-0.234047","0.184980","-0.515140","0.600436"
"2017-09-14","14 Sep 2017","1.113086","-0.497708","1.928947","-0.392459","2.228884","-0.505954","-0.219942","0.202803","-0.511506","0.615606"
"2017-09-15","15 Sep 2017","1.119880","-0.496001","1.934490","-0.392689","2.230918","-0.510963","-0.223402","0.199250","-0.512784","0.616782"
"2017-09-18","18 Sep 2017","1.168370","-0.497550","1.944157","-0.389798","2.216887","-0.552369","-0.221158","0.218454","-0.533894","0.656504"
"2017-09-19","19 Sep 2017","1.129931","-0.498477","1.918941","-0.391060","2.200065","-0.542139","-0.224612","0.200439","-0.529845","0.624857"
"2017-09-20","20 Sep 2017","1.166703","-0.495247","1.946037","-0.395036","2.218748","-0.558937","-0.234020","0.203827","-0.534559","0.647863"
"2017-09-21","21 Sep 2017","1.192933","-0.488338","1.965848","-0.386677","2.235495","-0.550477","-0.221551","0.224998","-0.526842","0.673575"
"2017-09-22","22 Sep 2017","1.195681","-0.488571","1.939577","-0.392324","2.197113","-0.541626","-0.224754","0.232126","-0.521135","0.683849"
"2017-09-25","25 Sep 2017","1.169669","-0.498682","1.922022","-0.400114","2.183754","-0.550728","-0.233851","0.214198","-0.531579","0.659386"
"2017-09-26","26 Sep 2017","1.193993","-0.501623","1.969918","-0.407600","2.240492","-0.538282","-0.239531","0.216602","-0.526160","0.670973"
"2017-09-27","27 Sep 2017","1.230357","-0.490830","1.989251","-0.393323","2.251552","-0.553390","-0.224245","0.242523","-0.527922","0.706015"
"2017-09-28","28 Sep 2017","1.225965","-0.495639","1.987006","-0.401523","2.249998","-0.552735","-0.233294","0.234623","-0.529447","0.699835"
"2017-09-29","29 Sep 2017","1.215867","-0.496135","1.967020","-0.401627","2.226192","-0.559767","-0.234650","0.231241","-0.533129","0.694143"
"2017-10-02","02 Oct 2017","1.217256","-0.500985","1.963974","-0.402508","2.222043","-0.550189","-0.228898","0.240537","-0.531691","0.700244"
"2017-10-03","03 Oct 2017","1.242148","-0.502858","2.007438","-0.400825","2.272497","-0.553108","-0.224239","0.250187","-0.534701","0.715747"
"2017-10-04","04 Oct 2017","1.234218","-0.500598","1.996986","-0.397062","2.261343","-0.554981","-0.221545","0.248625","-0.534839","0.710676"
"2017-10-05","05 Oct 2017","1.207975","-0.497754","1.951338","-0.393726","2.209454","-0.535764","-0.215601","0.249140","-0.524301","0.699306"
"2017-10-06","06 Oct 2017","1.264318","-0.486529","2.023032","-0.374033","2.286448","-0.536512","-0.189993","0.285393","-0.520139","0.745040"
"2017-10-09","09 Oct 2017","1.204973","-0.496035","1.944574","-0.393565","2.200663","-0.546165","-0.219288","0.243729","-0.528127","0.695500"
"2017-10-10","10 Oct 2017","1.219875","-0.492187","1.959460","-0.381812","2.215405","-0.560436","-0.205819","0.257628","-0.534429","0.709873"
"2017-10-11","11 Oct 2017","1.214019","-0.494654","1.955913","-0.385956","2.212821","-0.559641","-0.210849","0.251480","-0.535076","0.703432"
"2017-10-12","12 Oct 2017","1.180847","-0.500506","1.937697","-0.394537","2.202401","-0.540753","-0.219937","0.231696","-0.529012","0.673392"
"2017-10-13","13 Oct 2017","1.135467","-0.506726","1.891370","-0.400809","2.156960","-0.552174","-0.231803","0.204562","-0.538210","0.635138"
"2017-10-16","16 Oct 2017","1.111554","-0.514456","1.877432","-0.413764","2.149573","-0.528768","-0.242316","0.191796","-0.530028","0.615562"
"2017-10-17","17 Oct 2017","1.088015","-0.520478","1.854763","-0.422555","2.127554","-0.535495","-0.254986","0.172857","-0.536084","0.593421"
"2017-10-18","18 Oct 2017","1.088997","-0.513780","1.874296","-0.413317","2.159101","-0.513737","-0.241040","0.184981","-0.522562","0.598248"
"2017-10-19","19 Oct 2017","1.124694","-0.516487","1.886351","-0.428581","2.155186","-0.504922","-0.256812","0.189378","-0.516873","0.623209"
"2017-10-20","20 Oct 2017","1.162776","-0.509982","1.937268","-0.408989","2.210002","-0.534007","-0.235850","0.212087","-0.529958","0.651968"
"2017-10-23","23 Oct 2017","1.113685","-0.520622","1.904486","-0.413303","2.186131","-0.563438","-0.246228","0.180778","-0.551514","0.606945"
"2017-10-24","24 Oct 2017","1.161127","-0.513057","1.940302","-0.404112","2.214606","-0.563481","-0.232979","0.209423","-0.547425","0.648317"
"2017-10-25","25 Oct 2017","1.181924","-0.514182","1.953500","-0.402470","2.224579","-0.557163","-0.224647","0.228005","-0.545101","0.670299"
"2017-10-26","26 Oct 2017","1.125579","-0.529904","1.898323","-0.428897","2.169996","-0.570001","-0.261624","0.177955","-0.557899","0.615351"
"2017-10-27","27 Oct 2017","1.119957","-0.526874","1.913034","-0.433008","2.191554","-0.582349","-0.276834","0.154693","-0.561348","0.597439"
"2017-10-30","30 Oct 2017","1.068362","-0.533750","1.859130","-0.453111","2.137505","-0.570201","-0.305130","0.115105","-0.556979","0.550805"
"2017-10-31","31 Oct 2017","1.053070","-0.533725","1.837974","-0.443597","2.116093","-0.572544","-0.291308","0.122395","-0.559983","0.546505"
"2017-11-01","01 Nov 2017","1.010302","-0.542705","1.816165","-0.452668","2.106571","-0.571220","-0.302388","0.097277","-0.564408","0.508533"
"2017-11-02","02 Nov 2017","1.023210","-0.538631","1.827791","-0.443007","2.116222","-0.588358","-0.293982","0.104609","-0.571669","0.518328"
"2017-11-03","03 Nov 2017","1.012078","-0.541815","1.798715","-0.452095","2.078555","-0.588123","-0.305621","0.094597","-0.572032","0.510098"
"2017-11-06","06 Nov 2017","1.008262","-0.548102","1.784846","-0.459240","2.059371","-0.603420","-0.314649","0.087205","-0.582434","0.505882"
"2017-11-07","07 Nov 2017","0.984384","-0.559004","1.767631","-0.474331","2.045500","-0.605084","-0.331943","0.065836","-0.588266","0.481989"
"2017-11-08","08 Nov 2017","0.980168","-0.559797","1.756215","-0.472712","2.031600","-0.605992","-0.328565","0.068948","-0.589522","0.482252"
"2017-11-09","09 Nov 2017","1.063745","-0.547879","1.837789","-0.451853","2.109847","-0.607132","-0.297495","0.123741","-0.584794","0.554738"
"2017-11-10","10 Nov 2017","1.078705","-0.546021","1.874240","-0.454329","2.153780","-0.611229","-0.304621","0.117231","-0.585112","0.556494"
"2017-11-13","13 Nov 2017","1.087408","-0.548438","1.886857","-0.455426","2.168842","-0.596475","-0.299671","0.127551","-0.579336","0.566225"
"2017-11-14","14 Nov 2017","1.079536","-0.543035","1.879850","-0.450017","2.161615","-0.609515","-0.300479","0.119111","-0.583080","0.556915"
"2017-11-15","15 Nov 2017","1.049545","-0.547702","1.844873","-0.457671","2.125522","-0.607209","-0.310584","0.101997","-0.584033","0.533061"
"2017-11-16","16 Nov 2017","1.065294","-0.548348","1.862305","-0.454178","2.143787","-0.606159","-0.302397","0.115450","-0.584455","0.548109"
"2017-11-17","17 Nov 2017","1.062065","-0.552356","1.855941","-0.460145","2.135137","-0.619940","-0.311712","0.106165","-0.592806","0.542284"
"2017-11-20","20 Nov 2017","1.055917","-0.551361","1.839066","-0.460175","2.113954","-0.617987","-0.311950","0.105825","-0.591103","0.540381"
"2017-11-21","21 Nov 2017","1.021664","-0.559707","1.793331","-0.471449","2.064324","-0.620154","-0.325351","0.086388","-0.596065","0.514162"
"2017-11-22","22 Nov 2017","1.023112","-0.553282","1.783029","-0.459771","2.049545","-0.623868","-0.312434","0.097530","-0.595480","0.521580"
"2017-11-23","23 Nov 2017","1.026304","-0.551257","1.779251","-0.453554","2.043423","-0.622092","-0.302938","0.108004","-0.594276","0.529317"
"2017-11-24","24 Nov 2017","1.045084","-0.545584","1.802613","-0.450788","2.068687","-0.599552","-0.296715","0.120965","-0.579750","0.545584"
"2017-11-27","27 Nov 2017","1.027358","-0.544628","1.787695","-0.456705","2.056617","-0.568093","-0.301382","0.114250","-0.562886","0.532901"
"2017-11-28","28 Nov 2017","1.021831","-0.554837","1.790774","-0.465586","2.063513","-0.578065","-0.309500","0.106071","-0.573256","0.525005"
"2017-11-29","29 Nov 2017","1.052883","-0.552963","1.821571","-0.456540","2.093053","-0.591018","-0.296654","0.126335","-0.579629","0.551516"
"2017-11-30","30 Nov 2017","1.022492","-0.554506","1.785162","-0.458235","2.055046","-0.597182","-0.302220","0.110621","-0.583657","0.527828"
"2017-12-01","01 Dec 2017","0.974092","-0.558522","1.738316","-0.462414","2.010944","-0.603741","-0.311844","0.084162","-0.589370","0.488036"
"2017-12-04","04 Dec 2017","0.988726","-0.558559","1.750232","-0.468218","2.019505","-0.606299","-0.320426","0.081863","-0.589407","0.495341"
"2017-12-05","05 Dec 2017","0.981556","-0.559933","1.744071","-0.476454","2.012628","-0.610680","-0.334506","0.066254","-0.591042","0.483723"
"2017-12-06","06 Dec 2017","0.950630","-0.568137","1.710630","-0.493032","1.978683","-0.602812","-0.354526","0.041966","-0.590085","0.455988"
"2017-12-07","07 Dec 2017","0.954417","-0.579070","1.717218","-0.502587","1.986158","-0.612238","-0.361463","0.039928","-0.600402","0.457167"
"2017-12-08","08 Dec 2017","0.947174","-0.577569","1.714177","-0.500242","1.984622","-0.623300","-0.363111","0.032288","-0.605329","0.448369"
"2017-12-11","11 Dec 2017","0.947095","-0.572428","1.704605","-0.486549","1.971763","-0.632920","-0.347544","0.044211","-0.608934","0.454804"
"2017-12-12","12 Dec 2017","0.972679","-0.568309","1.730576","-0.473912","1.997837","-0.638133","-0.329612","0.067246","-0.610712","0.479615"
"2017-12-13","13 Dec 2017","1.004186","-0.566531","1.761401","-0.465623","2.028973","-0.624842","-0.310942","0.097580","-0.604187","0.512123"
"2017-12-14","14 Dec 2017","1.011816","-0.568130","1.768441","-0.458141","2.037487","-0.622449","-0.295405","0.115917","-0.605388","0.525525"
"2017-12-15","15 Dec 2017","0.991309","-0.570103","1.739098","-0.457055","2.003566","-0.653130","-0.301232","0.100074","-0.622075","0.506880"
"2017-12-18","18 Dec 2017","0.977912","-0.581099","1.725289","-0.456808","1.990909","-0.677446","-0.297398","0.099358","-0.641670","0.499109"
"2017-12-19","19 Dec 2017","1.031916","-0.568747","1.787032","-0.435368","2.054765","-0.678382","-0.269816","0.137369","-0.637110","0.545400"
"2017-12-20","20 Dec 2017","1.083683","-0.561305","1.835456","-0.417839","2.102287","-0.662367","-0.238491","0.185449","-0.626807","0.597917"
"2017-12-21","21 Dec 2017","1.087773","-0.558979","1.840214","-0.414987","2.107255","-0.661287","-0.235497","0.188691","-0.625174","0.601522"
"2017-12-22","22 Dec 2017","1.072978","-0.555703","1.819021","-0.418511","2.082913","-0.656261","-0.244408","0.175623","-0.619930","0.587866"
"2017-12-27","27 Dec 2017","1.083774","-0.541426","1.817969","-0.402091","2.075103","-0.678675","-0.235282","0.180626","-0.623814","0.596637"
"2017-12-28","28 Dec 2017","1.091068","-0.538620","1.840892","-0.389981","2.109421","-0.635522","-0.207297","0.211716","-0.603136","0.614476"
"2017-12-29","29 Dec 2017","1.134503","-0.526985","1.892521","-0.378941","2.165932","-0.597567","-0.186428","0.247755","-0.578173","0.655711"
"2018-01-02","02 Jan 2018","1.170079","-0.504682","1.940765","-0.365797","2.218389","-0.558776","-0.174541","0.265929","-0.546118","0.682030"
"2018-01-03","03 Jan 2018","1.160178","-0.508099","1.912831","-0.377043","2.178849","-0.577247","-0.194985","0.244057","-0.555479","0.667620"
"2018-01-04","04 Jan 2018","1.138147","-0.511714","1.890357","-0.383262","2.158344","-0.562102","-0.199577","0.236399","-0.549603","0.652683"
"2018-01-05","05 Jan 2018","1.126065","-0.507118","1.873983","-0.383109","2.138273","-0.575879","-0.208853","0.219308","-0.553351","0.637384"
"2018-01-08","08 Jan 2018","1.111286","-0.514033","1.859869","-0.400007","2.124940","-0.555925","-0.225978","0.204811","-0.545384","0.623264"
"2018-01-09","09 Jan 2018","1.127635","-0.507605","1.876625","-0.394667","2.141588","-0.543988","-0.218886","0.216469","-0.535961","0.637856"
"2018-01-10","10 Jan 2018","1.158501","-0.500985","1.916405","-0.381893","2.185681","-0.534739","-0.199427","0.242823","-0.528989","0.666338"
"2018-01-11","11 Jan 2018","1.191584","-0.472233","1.943933","-0.339172","2.213709","-0.512534","-0.147931","0.294696","-0.505819","0.709677"
"2018-01-12","12 Jan 2018","1.183713","-0.460741","1.907228","-0.334768","2.163718","-0.494255","-0.146589","0.295715","-0.489703","0.709494"
"2018-01-15","15 Jan 2018","1.180713","-0.470383","1.917894","-0.344327","2.179601","-0.509309","-0.157911","0.283396","-0.502073","0.700028"
"2018-01-16","16 Jan 2018","1.147672","-0.482077","1.876535","-0.353041","2.135133","-0.534663","-0.169936","0.262488","-0.521148","0.672754"
"2018-01-17","17 Jan 2018","1.159415","-0.476425","1.882259","-0.341792","2.139046","-0.530684","-0.154291","0.280538","-0.517203","0.688677"
"2018-01-18","18 Jan 2018","1.166585","-0.477684","1.897402","-0.343206","2.157448","-0.530033","-0.154989","0.281827","-0.517479","0.692253"
"2018-01-19","19 Jan 2018","1.160149","-0.483506","1.896139","-0.350153","2.158953","-0.530113","-0.161449","0.275480","-0.520319","0.685393"
"2018-01-22","22 Jan 2018","1.158698","-0.484198","1.893573","-0.352208","2.155787","-0.528606","-0.163832","0.273521","-0.519688","0.683884"
"2018-01-23","23 Jan 2018","1.121332","-0.490234","1.850332","-0.362077","2.110600","-0.536259","-0.179466","0.247790","-0.526095","0.651725"
"2018-01-24","24 Jan 2018","1.143194","-0.487053","1.884694","-0.355273","2.151098","-0.529721","-0.168075","0.264245","-0.521803","0.670252"
"2018-01-25","25 Jan 2018","1.178034","-0.475822","1.892856","-0.333633","2.151073","-0.505236","-0.130887","0.316839","-0.505374","0.719652"
"2018-01-26","26 Jan 2018","1.182081","-0.474580","1.863603","-0.322191","2.107231","-0.515437","-0.113430","0.337446","-0.511313","0.735899"
"2018-01-29","29 Jan 2018","1.231326","-0.460246","1.893883","-0.294520","2.129515","-0.507918","-0.073821","0.390265","-0.502205","0.790740"
"2018-01-30","30 Jan 2018","1.241413","-0.467907","1.911969","-0.307717","2.148930","-0.509060","-0.088025","0.382284","-0.505605","0.791509"
"2018-01-31","31 Jan 2018","1.227537","-0.478322","1.882501","-0.315844","2.112856","-0.521948","-0.094603","0.376418","-0.517554","0.783484"
"2018-02-01","01 Feb 2018","1.239693","-0.483926","1.892833","-0.325742","2.121385","-0.515810","-0.102309","0.377832","-0.516438","0.791722"
"2018-02-02","02 Feb 2018","1.268796","-0.478800","1.910052","-0.316127","2.132924","-0.512719","-0.086924","0.403212","-0.512759","0.821626"
"2018-02-05","05 Feb 2018","1.277754","-0.486936","1.922685","-0.330317","2.145242","-0.524293","-0.104168","0.392476","-0.521259","0.821321"
"2018-02-06","06 Feb 2018","1.260771","-0.490490","1.907197","-0.337301","2.130455","-0.526327","-0.114539","0.377583","-0.523607","0.804632"
"2018-02-07","07 Feb 2018","1.244931","-0.493783","1.883610","-0.346360","2.103670","-0.523368","-0.126203","0.364929","-0.522806","0.791354"
"2018-02-08","08 Feb 2018","1.300270","-0.481770","1.936219","-0.317679","2.155840","-0.511878","-0.082401","0.421983","-0.513677","0.849328"
"2018-02-09","09 Feb 2018","1.288124","-0.491273","1.910503","-0.336208","2.123931","-0.512488","-0.103040","0.406668","-0.516951","0.838315"
"2018-02-12","12 Feb 2018","1.299790","-0.499120","1.923379","-0.342765","2.136565","-0.530780","-0.108828","0.407171","-0.529799","0.845289"
"2018-02-13","13 Feb 2018","1.318316","-0.495643","1.960406","-0.337740","2.180497","-0.532141","-0.104329","0.412165","-0.529065","0.854716"
"2018-02-14","14 Feb 2018","1.337308","-0.494958","1.981334","-0.328916","2.202610","-0.528959","-0.088336","0.432797","-0.528580","0.874634"
"2018-02-15","15 Feb 2018","1.328986","-0.487902","1.968752","-0.319242","2.188940","-0.525787","-0.079450","0.435548","-0.524064","0.871432"
"2018-02-16","16 Feb 2018","1.282851","-0.491577","1.928289","-0.330498","2.150904","-0.537476","-0.102656","0.395605","-0.530781","0.825530"
"2018-02-19","19 Feb 2018","1.291140","-0.490543","1.958347","-0.319439","2.190893","-0.545330","-0.088766","0.404480","-0.536146","0.830521"
"2018-02-20","20 Feb 2018","1.283116","-0.488162","1.953082","-0.321628","2.186108","-0.547748","-0.096481","0.392447","-0.535407","0.819619"
"2018-02-21","21 Feb 2018","1.279864","-0.483414","1.949998","-0.316563","2.183770","-0.539359","-0.091133","0.395251","-0.529033","0.819039"
"2018-02-22","22 Feb 2018","1.285509","-0.485195","1.957035","-0.315994","2.192393","-0.531524","-0.085710","0.404396","-0.526462","0.826846"
"2018-02-23","23 Feb 2018","1.259133","-0.484677","1.926803","-0.324124","2.161802","-0.512956","-0.096995","0.388363","-0.515752","0.805776"
"2018-02-26","26 Feb 2018","1.240655","-0.488572","1.903535","-0.329048","2.136560","-0.520223","-0.104714","0.375702","-0.521230","0.790074"
"2018-02-27","27 Feb 2018","1.244325","-0.485111","1.893923","-0.317212","2.121987","-0.527540","-0.089218","0.390872","-0.524441","0.800912"
"2018-02-28","28 Feb 2018","1.245213","-0.490452","1.882852","-0.330825","2.104689","-0.517141","-0.102647","0.385363","-0.520410","0.801136"
"2018-03-01","01 Mar 2018","1.224254","-0.500691","1.862492","-0.343530","2.085748","-0.516057","-0.114955","0.371370","-0.524756","0.783546"
"2018-03-02","02 Mar 2018","1.206327","-0.503232","1.848264","-0.349260","2.073349","-0.518331","-0.124544","0.356029","-0.526777","0.765768"
"2018-03-05","05 Mar 2018","1.228732","-0.504786","1.872195","-0.336868","2.096938","-0.550059","-0.108861","0.373209","-0.545429","0.785179"
"2018-03-06","06 Mar 2018","1.235378","-0.505415","1.877526","-0.335161","2.101662","-0.552503","-0.105251","0.379107","-0.547282","0.791878"
"2018-03-07","07 Mar 2018","1.210562","-0.506796","1.850284","-0.337952","2.074981","-0.548580","-0.109598","0.367985","-0.546006","0.773476"
"2018-03-08","08 Mar 2018","1.183003","-0.511811","1.814485","-0.343528","2.035521","-0.563857","-0.120144","0.348956","-0.556125","0.749904"
"2018-03-09","09 Mar 2018","1.191027","-0.513004","1.859168","-0.338897","2.098783","-0.569356","-0.113685","0.352212","-0.560592","0.751356"
"2018-03-12","12 Mar 2018","1.174460","-0.516417","1.845380","-0.346589","2.086464","-0.569106","-0.124714","0.337167","-0.561588","0.734800"
"2018-03-13","13 Mar 2018","1.155571","-0.517723","1.843460","-0.345744","2.093925","-0.582006","-0.128103","0.323130","-0.569226","0.715264"
"2018-03-14","14 Mar 2018","1.147075","-0.513325","1.838820","-0.335949","2.092861","-0.590421","-0.119424","0.324349","-0.572200","0.710381"
"2018-03-15","15 Mar 2018","1.132080","-0.519265","1.795822","-0.348089","2.035878","-0.582039","-0.131309","0.316166","-0.569929","0.702205"
"2018-03-16","16 Mar 2018","1.130162","-0.523820","1.794186","-0.354329","2.033952","-0.583189","-0.137567","0.311457","-0.572496","0.699038"
"2018-03-19","19 Mar 2018","1.137349","-0.523934","1.791075","-0.354871","2.025418","-0.578624","-0.135893","0.317952","-0.570109","0.707542"
"2018-03-20","20 Mar 2018","1.113618","-0.519714","1.768154","-0.362366","2.003323","-0.560112","-0.150140","0.297410","-0.557050","0.684739"
"2018-03-21","21 Mar 2018","1.135466","-0.516797","1.785948","-0.362125","2.017930","-0.546796","-0.146895","0.309810","-0.548358","0.703414"
"2018-03-22","22 Mar 2018","1.072745","-0.527929","1.722439","-0.385639","1.954935","-0.549231","-0.181420","0.259832","-0.553504","0.645335"
"2018-03-23","23 Mar 2018","1.084491","-0.524169","1.733420","-0.385193","1.965212","-0.536523","-0.179921","0.266198","-0.544675","0.655179"
"2018-03-26","26 Mar 2018","1.060944","-0.519386","1.729866","-0.368857","1.973891","-0.563909","-0.168196","0.258746","-0.558110","0.635141"
"2018-03-27","27 Mar 2018","1.034767","-0.523224","1.714321","-0.385523","1.962929","-0.553188","-0.192424","0.228668","-0.552806","0.605242"
"2018-03-28","28 Mar 2018","1.038868","-0.528080","1.702446","-0.395476","1.941893","-0.544104","-0.200461","0.228636","-0.549751","0.609877"
"2018-03-29","29 Mar 2018","1.019692","-0.530709","1.695443","-0.407746","1.940122","-0.536935","-0.218968","0.204941","-0.546101","0.586526"
"2018-04-03","03 Apr 2018","1.028208","-0.523523","1.699647","-0.404981","1.931424","-0.529487","-0.220263","0.201974","-0.538152","0.587830"
"2018-04-04","04 Apr 2018","1.013241","-0.524864","1.684220","-0.417489","1.918398","-0.512809","-0.236446","0.185882","-0.528753","0.572912"
"2018-04-05","05 Apr 2018","1.040067","-0.522167","1.715097","-0.405239","1.951516","-0.521432","-0.218598","0.208980","-0.533099","0.598075"
"2018-04-06","06 Apr 2018","1.044045","-0.520188","1.718943","-0.391720","1.958619","-0.536960","-0.201381","0.223728","-0.541689","0.607466"
"2018-04-09","09 Apr 2018","1.040077","-0.520594","1.717111","-0.396585","1.956709","-0.531588","-0.208303","0.216353","-0.538532","0.601408"
"2018-04-10","10 Apr 2018","1.045136","-0.511609","1.711668","-0.378804","1.948879","-0.535266","-0.187498","0.234932","-0.537256","0.614282"
"2018-04-11","11 Apr 2018","1.040675","-0.510342","1.706775","-0.377145","1.944466","-0.535577","-0.186455","0.233876","-0.536874","0.611386"
"2018-04-12","12 Apr 2018","1.059209","-0.505457","1.737248","-0.370066","1.962351","-0.542266","-0.182153","0.234971","-0.538228","0.617103"
"2018-04-13","13 Apr 2018","1.065518","-0.508428","1.744589","-0.372988","1.968836","-0.544046","-0.184024","0.236103","-0.540562","0.620921"
"2018-04-16","16 Apr 2018","1.054575","-0.501166","1.735331","-0.366069","1.963505","-0.539105","-0.179466","0.234401","-0.534514","0.614051"
"2018-04-17","17 Apr 2018","1.042652","-0.504834","1.724307","-0.376141","1.951289","-0.534681","-0.192725","0.219676","-0.533179","0.600298"
"2018-04-18","18 Apr 2018","1.033641","-0.501568","1.710700","-0.375810","1.944124","-0.525121","-0.192889","0.218904","-0.526300","0.596875"
"2018-04-19","19 Apr 2018","1.089200","-0.493802","1.753866","-0.359951","1.983857","-0.516692","-0.165853","0.264467","-0.519101","0.651347"
"2018-04-20","20 Apr 2018","1.110167","-0.496909","1.781347","-0.357516","2.003802","-0.530173","-0.161569","0.271572","-0.528231","0.663573"
"2018-04-23","23 Apr 2018","1.124651","-0.494869","1.797716","-0.354393","2.019621","-0.528157","-0.156767","0.280059","-0.526310","0.675133"
"2018-04-24","24 Apr 2018","1.130224","-0.495178","1.802026","-0.356849","2.036606","-0.515795","-0.155160","0.289569","-0.519777","0.685738"
"2018-04-25","25 Apr 2018","1.134790","-0.496533","1.804501","-0.359524","2.022818","-0.521773","-0.161022","0.281572","-0.523313","0.681789"
"2018-04-26","26 Apr 2018","1.120776","-0.496842","1.785783","-0.360060","2.003229","-0.523341","-0.162983","0.275560","-0.524281","0.671923"
"2018-04-27","27 Apr 2018","1.071904","-0.502150","1.744586","-0.375015","1.982919","-0.513731","-0.183112","0.246778","-0.520763","0.633778"
"2018-04-30","30 Apr 2018","1.081422","-0.497460","1.768290","-0.366318","2.014301","-0.517033","-0.174031","0.254072","-0.520731","0.640565"
"2018-05-02","02 May 2018","1.076184","-0.494795","1.768633","-0.364438","2.017961","-0.515618","-0.174010","0.250532","-0.518639","0.635234"
"2018-05-03","03 May 2018","1.067252","-0.502627","1.757448","-0.375336","2.004804","-0.518515","-0.185750","0.239610","-0.523515","0.625554"
"2018-05-04","04 May 2018","1.078165","-0.496364","1.768060","-0.371932","2.006205","-0.511663","-0.184733","0.240303","-0.516545","0.630046"
"2018-05-07","07 May 2018","1.068665","-0.498356","1.759580","-0.373764","1.991260","-0.518749","-0.189246","0.230635","-0.521218","0.618813"
"2018-05-08","08 May 2018","1.109190","-0.490948","1.798341","-0.360290","2.026584","-0.515120","-0.169671","0.260306","-0.516458","0.654965"
"2018-05-09","09 May 2018","1.102100","-0.488536","1.804615","-0.354561","2.060334","-0.511226","-0.160546","0.269435","-0.513780","0.657565"
"2018-05-10","10 May 2018","1.086265","-0.483395","1.784440","-0.348384","2.040043","-0.511064","-0.156605","0.266086","-0.511410","0.647719"
"2018-05-11","11 May 2018","1.094678","-0.481915","1.790151","-0.344310","2.044386","-0.511913","-0.150589","0.274284","-0.511453","0.656549"
"2018-05-14","14 May 2018","1.128084","-0.473943","1.818609","-0.327339","2.070199","-0.512565","-0.127131","0.305083","-0.509045","0.689979"
"2018-05-15","15 May 2018","1.157608","-0.468957","1.848266","-0.315429","2.099317","-0.514017","-0.109948","0.329053","-0.508226","0.717435"
"2018-05-16","16 May 2018","1.147216","-0.436395","1.861039","-0.274998","2.129260","-0.506786","-0.075757","0.341195","-0.489947","0.713761"
"2018-05-17","17 May 2018","1.178164","-0.440330","1.895400","-0.268631","2.164580","-0.521207","-0.062092","0.363830","-0.500559","0.741158"
"2018-05-18","18 May 2018","1.189928","-0.431956","1.908170","-0.261665","2.177249","-0.510072","-0.055124","0.372318","-0.490562","0.751318"
"2018-05-21","21 May 2018","1.202586","-0.412836","1.926559","-0.234163","2.201133","-0.506636","-0.026792","0.394787","-0.480681","0.767801"
"2018-05-22","22 May 2018","1.205917","-0.420819","1.922639","-0.244827","2.191774","-0.506961","-0.035946","0.391719","-0.484310","0.769235"
"2018-05-23","23 May 2018","1.193987","-0.405627","1.931118","-0.225097","2.214617","-0.507414","-0.020543","0.392734","-0.477908","0.760385"
"2018-05-24","24 May 2018","1.160253","-0.402438","1.890477","-0.234570","2.170932","-0.489676","-0.037876","0.367011","-0.465634","0.730460"
"2018-05-25","25 May 2018","1.148517","-0.328882","1.884668","-0.131197","2.183207","-0.481122","0.061284","0.425055","-0.429883","0.749361"
"2018-05-28","28 May 2018","1.192891","-0.266846","1.893849","-0.065058","2.169123","-0.432272","0.125578","0.482934","-0.375160","0.801941"
"2018-05-29","29 May 2018","1.135688","0.022568","1.900294","0.247412","2.276601","-0.230589","0.401794","0.629589","-0.135388","0.833462"
"2018-05-30","30 May 2018","1.223873","-0.120527","1.914480","0.141469","2.222310","-0.389338","0.339198","0.644338","-0.290659","0.897322"
"2018-05-31","31 May 2018","1.125874","-0.207628","1.819462","0.033214","2.171911","-0.426633","0.232459","0.552284","-0.349245","0.809229"
"2018-06-01","01 Jun 2018","1.146793","-0.265947","1.830864","-0.055395","2.122052","-0.435759","0.139564","0.488037","-0.377895","0.785714"
"2018-06-04","04 Jun 2018","1.088254","-0.282077","1.803150","-0.100440","2.116080","-0.415672","0.079439","0.418657","-0.371641","0.718472"
"2018-06-05","05 Jun 2018","1.093123","-0.261299","1.818890","-0.054743","2.173967","-0.430502","0.133311","0.463944","-0.372605","0.745118"
"2018-06-06","06 Jun 2018","1.162648","-0.173390","1.875606","0.062611","2.270368","-0.382060","0.262044","0.585977","-0.309001","0.845507"
"2018-06-07","07 Jun 2018","1.151989","-0.164244","1.874008","0.072455","2.315887","-0.373791","0.271539","0.591519","-0.300437","0.844441"
"2018-06-08","08 Jun 2018","1.156191","-0.129370","1.834806","0.121869","2.277864","-0.358560","0.326008","0.639387","-0.277670","0.875703"
"2018-06-11","11 Jun 2018","1.159428","-0.208305","1.893441","0.021089","2.307410","-0.404312","0.221073","0.555443","-0.336408","0.827718"
"2018-06-12","12 Jun 2018","1.151400","-0.230160","1.899482","-0.008863","2.304430","-0.415169","0.188295","0.526042","-0.351492","0.806747"
"2018-06-13","13 Jun 2018","1.117070","-0.237730","1.867307","-0.022881","2.284857","-0.416555","0.169327","0.500109","-0.355092","0.776310"
"2018-06-14","14 Jun 2018","1.070117","-0.260711","1.841604","-0.061177","2.263353","-0.423019","0.121512","0.444672","-0.367616","0.721827"
"2018-06-15","15 Jun 2018","1.017703","-0.302464","1.824181","-0.124622","2.240785","-0.439666","0.046334","0.364819","-0.393614","0.650254"
"2018-06-18","18 Jun 2018","1.035737","-0.339139","1.842478","-0.164983","2.215093","-0.467260","0.008726","0.342435","-0.424968","0.646373"
"2018-06-19","19 Jun 2018","0.994641","-0.338223","1.805723","-0.158321","2.223681","-0.477089","0.014514","0.336234","-0.430471","0.624270"
"2018-06-20","20 Jun 2018","1.010769","-0.344797","1.841672","-0.167573","2.259762","-0.479065","0.005398","0.332312","-0.434272","0.628348"
"2018-06-21","21 Jun 2018","1.034892","-0.295569","1.833585","-0.111630","2.249053","-0.439290","0.063170","0.384878","-0.390851","0.670148"
"2018-06-22","22 Jun 2018","1.048371","-0.285238","1.834219","-0.094952","2.248375","-0.436224","0.083346","0.406578","-0.385086","0.689476"
"2018-06-25","25 Jun 2018","1.045279","-0.262221","1.847517","-0.054172","2.284528","-0.442237","0.127214","0.437365","-0.379523","0.702532"
"2018-06-26","26 Jun 2018","1.147751","-0.259968","1.914340","-0.044821","2.265328","-0.443324","0.147019","0.484457","-0.379632","0.777255"
"2018-06-27","27 Jun 2018","1.046955","-0.272478","1.831581","-0.069930","2.249701","-0.442276","0.111423","0.427935","-0.383716","0.699894"
"2018-06-28","28 Jun 2018","1.029937","-0.272603","1.810783","-0.071674","2.230418","-0.441780","0.107564","0.419482","-0.383353","0.687323"
"2018-06-29","29 Jun 2018","1.024826","-0.294299","1.808151","-0.102762","2.211229","-0.449541","0.074014","0.391587","-0.396566","0.669556"
"2018-07-02","02 Jul 2018","1.000156","-0.305346","1.743299","-0.116129","2.127218","-0.456037","0.060387","0.378253","-0.404947","0.653975"
"2018-07-03","03 Jul 2018","1.006626","-0.319113","1.734125","-0.128495","2.089523","-0.469496","0.050640","0.374900","-0.418674","0.656182"
"2018-07-04","04 Jul 2018","0.985940","-0.308861","1.728845","-0.122392","2.113263","-0.456997","0.051988","0.366936","-0.406812","0.640968"
"2018-07-05","05 Jul 2018","1.017941","-0.279032","1.739897","-0.073102","2.111169","-0.453328","0.109288","0.422801","-0.393055","0.687174"
"2018-07-06","06 Jul 2018","1.000223","-0.288594","1.734737","-0.086761","2.115074","-0.458871","0.092749","0.403293","-0.400036","0.667289"
"2018-07-09","09 Jul 2018","1.062707","-0.294908","1.792770","-0.099586","2.120388","-0.452726","0.082033","0.411455","-0.398865","0.700305"
"2018-07-10","10 Jul 2018","1.014363","-0.293169","1.759398","-0.091955","2.141500","-0.461121","0.088746","0.404257","-0.403282","0.674039"
"2018-07-11","11 Jul 2018","1.017720","-0.279686","1.740905","-0.084290","2.123387","-0.438117","0.094915","0.411626","-0.384102","0.681801"
"2018-07-12","12 Jul 2018","0.996106","-0.283444","1.747459","-0.086536","2.141001","-0.448789","0.089573","0.396700","-0.391731","0.660365"
"2018-07-13","13 Jul 2018","1.002187","-0.311740","1.778619","-0.127563","2.166378","-0.457712","0.045755","0.362765","-0.408260","0.643367"
"2018-07-16","16 Jul 2018","0.993904","-0.306580","1.749479","-0.119998","2.127594","-0.456111","0.053775","0.368107","-0.405275","0.643665"
"2018-07-17","17 Jul 2018","0.984983","-0.329168","1.734851","-0.147739","2.096927","-0.470158","0.025412","0.344853","-0.422726","0.627434"
"2018-07-18","18 Jul 2018","0.942951","-0.313418","1.732176","-0.135709","2.127945","-0.459904","0.027610","0.324613","-0.409553","0.591661"
"2018-07-19","19 Jul 2018","0.974914","-0.331760","1.761751","-0.154927","2.124860","-0.475249","0.011091","0.320913","-0.426092","0.604196"
"2018-07-20","20 Jul 2018","0.988335","-0.298376","1.769625","-0.111186","2.137864","-0.459352","0.056345","0.357836","-0.403173","0.629797"
"2018-07-23","23 Jul 2018","0.982155","-0.296405","1.778310","-0.109064","2.191196","-0.452329","0.060858","0.364252","-0.398616","0.632341"
"2018-07-24","24 Jul 2018","0.979374","-0.239161","1.800127","-0.043895","2.215652","-0.423344","0.117148","0.391002","-0.357277","0.637956"
"2018-07-25","25 Jul 2018","0.977594","-0.285181","1.772630","-0.093526","2.189707","-0.449282","0.076222","0.373678","-0.392239","0.634781"
"2018-07-26","26 Jul 2018","0.980401","-0.279876","1.772759","-0.085708","2.190690","-0.447556","0.084868","0.381407","-0.389120","0.640428"
"2018-07-27","27 Jul 2018","0.992298","-0.271265","1.779105","-0.076365","2.194735","-0.438881","0.095259","0.393535","-0.380554","0.653166"
"2018-07-30","30 Jul 2018","1.110496","-0.265253","1.862161","-0.069821","2.203668","-0.421637","0.113188","0.446950","-0.368448","0.740711"
"2018-07-31","31 Jul 2018","1.088050","-0.262961","1.837845","-0.068842","2.182570","-0.420571","0.111071","0.437213","-0.366692","0.724380"
"2018-08-01","01 Aug 2018","1.142930","-0.256291","1.875118","-0.060954","2.201375","-0.407108","0.126043","0.470144","-0.356497","0.770968"
"2018-08-02","02 Aug 2018","1.152447","-0.234408","1.884741","-0.029173","2.220598","-0.400783","0.160094","0.498400","-0.344002","0.790208"
"2018-08-03","03 Aug 2018","1.103311","-0.219601","1.881125","-0.020663","2.231688","-0.398799","0.152070","0.459116","-0.335255","0.736798"
"2018-08-06","06 Aug 2018","1.140707","-0.254530","1.852876","-0.061326","2.152778","-0.405976","0.123168","0.465177","-0.354775","0.767096"
"2018-08-07","07 Aug 2018","1.145330","-0.264035","1.863785","-0.065973","2.164268","-0.423166","0.120501","0.464240","-0.368854","0.768102"
"2018-08-08","08 Aug 2018","1.140118","-0.266427","1.867165","-0.068179","2.170027","-0.429539","0.116383","0.456707","-0.373340","0.760111"
"2018-08-09","09 Aug 2018","1.130348","-0.244810","1.859054","-0.041588","2.167224","-0.421834","0.139971","0.467251","-0.359671","0.759192"
"2018-08-10","10 Aug 2018","1.131386","-0.211082","1.822240","0.004721","2.132066","-0.399466","0.192782","0.515626","-0.333554","0.789856"
"2018-08-13","13 Aug 2018","1.161445","-0.186082","1.847942","0.042264","2.161795","-0.391088","0.235708","0.558395","-0.318783","0.827365"
"2018-08-14","14 Aug 2018","1.160656","-0.191786","1.848148","0.034408","2.160885","-0.392964","0.227670","0.552411","-0.322209","0.823948"
"2018-08-15","15 Aug 2018","1.154017","-0.201163","1.843988","0.007826","2.136962","-0.383635","0.192312","0.517332","-0.319628","0.800166"
"2018-08-16","16 Aug 2018","1.160050","-0.184170","1.848370","0.033895","2.157130","-0.375480","0.223021","0.546171","-0.308445","0.819755"
"2018-08-17","17 Aug 2018","1.169299","-0.172187","1.855756","0.051227","2.165919","-0.371755","0.241850","0.562970","-0.301445","0.832966"
"2018-08-20","20 Aug 2018","1.149165","-0.202454","1.835611","0.022239","2.151293","-0.399975","0.215708","0.541695","-0.330787","0.813514"
"2018-08-21","21 Aug 2018","1.116093","-0.239110","1.847862","-0.044191","2.161071","-0.404465","0.133261","0.456842","-0.346916","0.746734"
"2018-08-22","22 Aug 2018","1.115623","-0.247448","1.850118","-0.007635","2.177571","-0.481568","0.183853","0.497287","-0.396714","0.766418"
"2018-08-23","23 Aug 2018","1.127214","-0.233800","1.860699","0.008435","2.188271","-0.472099","0.200359","0.512415","-0.385551","0.779754"
"2018-08-24","24 Aug 2018","1.149273","-0.217112","1.870795","0.024578","2.186701","-0.455101","0.216596","0.530652","-0.368590","0.800473"
"2018-08-27","27 Aug 2018","1.189979","-0.188885","1.916629","0.048715","2.236974","-0.415954","0.242151","0.562800","-0.334154","0.837643"
"2018-08-28","28 Aug 2018","1.184207","-0.210216","1.858734","0.061789","2.147838","-0.489877","0.267579","0.586655","-0.387076","0.850229"
"2018-08-29","29 Aug 2018","1.197262","-0.179138","1.923020","0.062372","2.244092","-0.412758","0.256631","0.575342","-0.328317","0.847506"
"2018-08-30","30 Aug 2018","1.224145","-0.155563","1.885918","0.106869","2.182817","-0.409189","0.314301","0.639338","-0.317774","0.900986"
"2018-08-31","31 Aug 2018","1.212564","-0.116756","1.865093","0.122180","2.175682","-0.333506","0.320723","0.641231","-0.256938","0.898912"
"2018-09-03","03 Sep 2018","1.194936","-0.131713","1.863303","0.134613","2.184915","-0.394797","0.338943","0.647489","-0.299505","0.890528"
"2018-09-04","04 Sep 2018","1.175551","-0.183099","1.851095","0.075571","2.167470","-0.431250","0.280522","0.600537","-0.342066","0.857020"
"2018-09-05","05 Sep 2018","1.109203","-0.191111","1.825607","0.045481","2.177619","-0.415393","0.235637","0.538954","-0.335045","0.789000"
"2018-09-06","06 Sep 2018","1.127226","-0.224245","1.779394","0.019047","2.100582","-0.441385","0.223156","0.552479","-0.365120","0.813912"
"2018-09-07","07 Sep 2018","1.152258","-0.227763","1.796947","0.012357","2.087573","-0.440283","0.216619","0.553224","-0.365752","0.825594"
"2018-09-10","10 Sep 2018","1.126578","-0.258074","1.780521","-0.032356","2.069591","-0.449558","0.167108","0.507499","-0.383281","0.788778"
"2018-09-11","11 Sep 2018","1.182464","-0.276002","1.844760","-0.057407","2.121690","-0.447604","0.147572","0.513071","-0.389767","0.819808"
"2018-09-12","12 Sep 2018","1.144912","-0.234782","1.795976","-0.004494","2.086937","-0.433207","0.196206","0.534399","-0.364193","0.811781"
"2018-09-13","13 Sep 2018","1.173210","-0.249550","1.823624","-0.015381","2.107165","-0.447871","0.191450","0.542963","-0.379284","0.831021"
"2018-09-14","14 Sep 2018","1.204245","-0.225073","1.858531","0.003782","2.141444","-0.414823","0.209462","0.564064","-0.349658","0.856799"
"2018-09-17","17 Sep 2018","1.173824","-0.240108","1.832158","-0.019989","2.116214","-0.419596","0.180739","0.531692","-0.358286","0.824506"
"2018-09-18","18 Sep 2018","1.234950","-0.278922","1.803545","-0.065881","2.013490","-0.422860","0.150545","0.548336","-0.377375","0.874443"
"2018-09-19","19 Sep 2018","1.275329","-0.276847","1.839251","-0.064378","2.043427","-0.411476","0.157764","0.570572","-0.370293","0.907731"
"2018-09-20","20 Sep 2018","1.242000","-0.212962","1.813871","0.003502","2.031266","-0.374645","0.212197","0.586731","-0.321221","0.894532"
"2018-09-21","21 Sep 2018","1.236512","-0.240347","1.807731","-0.032234","2.021195","-0.383953","0.177451","0.562829","-0.338094","0.880943"
"2018-09-24","24 Sep 2018","1.289522","-0.214962","1.838710","0.011472","2.042293","-0.379275","0.231902","0.625050","-0.325724","0.941696"
"2018-09-25","25 Sep 2018","1.298246","-0.221634","1.846317","0.004128","2.047731","-0.381759","0.226605","0.625735","-0.330094","0.947081"
"2018-09-26","26 Sep 2018","1.292325","-0.244011","1.831333","-0.017370","2.027184","-0.400422","0.208667","0.615182","-0.350611","0.940582"
"2018-09-27","27 Sep 2018","1.307788","-0.220136","1.811464","0.003438","1.990603","-0.365212","0.231622","0.642547","-0.320481","0.966352"
"2018-09-28","28 Sep 2018","1.257266","-0.128959","1.848131","0.135141","2.123641","-0.368366","0.352611","0.693962","-0.283928","0.955444"
"2018-10-01","01 Oct 2018","1.269333","-0.175138","1.855772","0.124946","2.138171","-0.457822","0.361944","0.715862","-0.357045","0.975259"
"2018-10-02","02 Oct 2018","1.261990","-0.139123","1.848323","0.174874","2.148628","-0.447298","0.412086","0.749220","-0.336180","0.988301"
"2018-10-03","03 Oct 2018","1.262122","-0.174171","1.853747","0.131630","2.138795","-0.468098","0.368655","0.716993","-0.362683","0.971115"
"2018-10-04","04 Oct 2018","1.316635","-0.162885","1.892514","0.155732","2.168048","-0.467471","0.403280","0.765433","-0.358445","1.025495"
"2018-10-05","05 Oct 2018","1.358187","-0.128949","1.931481","0.192083","2.204978","-0.435812","0.441447","0.805860","-0.325979","1.066909"
"2018-10-08","08 Oct 2018","1.367883","-0.095491","1.942214","0.232941","2.234233","-0.414143","0.483324","0.840050","-0.299658","1.089752"
"2018-10-09","09 Oct 2018","1.379643","-0.100568","1.956894","0.229275","2.247706","-0.419356","0.481809","0.843365","-0.304943","1.097275"
"2018-10-10","10 Oct 2018","1.366852","-0.123534","1.952103","0.195727","2.239440","-0.426587","0.445155","0.811186","-0.318355","1.073725"
"2018-10-11","11 Oct 2018","1.370943","-0.079921","1.945489","0.255392","2.248391","-0.409202","0.507296","0.859296","-0.290526","1.101459"
"2018-10-12","12 Oct 2018","1.365797","-0.096828","1.935639","0.237762","2.233379","-0.422977","0.491050","0.847677","-0.305676","1.093732"
"2018-10-15","15 Oct 2018","1.355785","-0.101762","1.937780","0.223128","2.237586","-0.415978","0.471614","0.826956","-0.303190","1.076640"
"2018-10-16","16 Oct 2018","1.325700","-0.148181","1.920280","0.157111","2.209318","-0.434130","0.399294","0.761735","-0.332376","1.026794"
"2018-10-17","17 Oct 2018","1.279291","-0.182673","1.897386","0.107278","2.201258","-0.449041","0.342064","0.702096","-0.354776","0.971464"
"2018-10-18","18 Oct 2018","1.381018","-0.139849","1.974456","0.174011","2.256542","-0.432074","0.424322","0.800297","-0.328274","1.074710"
"2018-10-19","19 Oct 2018","1.380252","-0.091402","1.952084","0.243039","2.245804","-0.417016","0.496784","0.855582","-0.299932","1.104477"
"2018-10-22","22 Oct 2018","1.411259","-0.160129","1.921163","0.136089","2.117637","-0.415666","0.389089","0.792244","-0.327016","1.092260"
"2018-10-23","23 Oct 2018","1.391460","-0.155653","1.896442","0.140741","2.096286","-0.413946","0.391546","0.787511","-0.324057","1.080256"
"2018-10-24","24 Oct 2018","1.392546","-0.147416","1.893204","0.152568","2.094890","-0.411209","0.404209","0.797785","-0.319154","1.086495"
"2018-10-25","25 Oct 2018","1.331759","-0.187529","1.911253","0.080375","2.152391","-0.414244","0.314332","0.699359","-0.336013","0.998333"
"2018-10-26","26 Oct 2018","1.293685","-0.163976","1.854334","0.109314","2.105596","-0.403745","0.340055","0.706970","-0.320083","0.984831"
"2018-10-29","29 Oct 2018","1.300801","-0.198714","1.858671","0.079198","2.109134","-0.438988","0.316604","0.697078","-0.355552","0.984878"
"2018-10-30","30 Oct 2018","1.326410","-0.158523","1.868789","0.134235","2.139676","-0.418400","0.377449","0.754118","-0.327465","1.029536"
"2018-10-31","31 Oct 2018","1.246028","-0.156810","1.734815","0.127427","1.954264","-0.413946","0.359634","0.713826","-0.323433","0.970370"
"2018-11-01","01 Nov 2018","1.286458","-0.167987","1.763784","0.115041","1.972403","-0.415704","0.353186","0.725933","-0.329401","0.998623"
"2018-11-02","02 Nov 2018","1.294041","-0.220813","1.770300","0.096503","1.983637","-0.508716","0.353940","0.740319","-0.407341","1.012270"
"2018-11-05","05 Nov 2018","1.284333","-0.253646","1.783681","0.047591","1.984958","-0.519505","0.299460","0.692173","-0.426623","0.979653"
"2018-11-06","06 Nov 2018","1.312617","-0.259756","1.797365","0.066336","1.998121","-0.555075","0.331802","0.732732","-0.451120","1.017122"
"2018-11-07","07 Nov 2018","1.314277","-0.265309","1.893582","0.057682","2.167195","-0.560336","0.319237","0.715328","-0.456181","1.002157"
"2018-11-08","08 Nov 2018","1.283088","-0.221042","1.829429","0.118550","2.116404","-0.545216","0.380431","0.753722","-0.429361","1.009371"
"2018-11-09","09 Nov 2018","1.275805","-0.234946","1.829750","0.097622","2.114430","-0.549185","0.357137","0.732850","-0.437191","0.994211"
"2018-11-12","12 Nov 2018","1.269271","-0.227877","1.817544","0.107392","2.104531","-0.546998","0.366838","0.738451","-0.433037","0.994347"
"2018-11-13","13 Nov 2018","1.283092","-0.223856","1.831196","0.114497","2.117719","-0.546098","0.376121","0.750333","-0.431006","1.007475"
"2018-11-14","14 Nov 2018","1.300301","-0.216572","1.850415","0.121634","2.135198","-0.537631","0.384101","0.761222","-0.423064","1.021383"
"2018-11-15","15 Nov 2018","1.322810","-0.226239","1.890984","0.103255","2.172057","-0.532814","0.364815","0.751593","-0.424016","1.025881"
"2018-11-16","16 Nov 2018","1.327004","-0.214546","1.889855","0.119622","2.173418","-0.528031","0.382477","0.766738","-0.416529","1.036301"
"2018-11-19","19 Nov 2018","1.356310","-0.185841","1.915891","0.150425","2.198651","-0.501932","0.414292","0.798728","-0.389443","1.067367"
"2018-11-20","20 Nov 2018","1.352957","-0.161558","1.896933","0.184949","2.185705","-0.493793","0.450706","0.826519","-0.374921","1.081510"
"2018-11-21","21 Nov 2018","1.336492","-0.226592","1.922556","0.089264","2.202107","-0.513804","0.346293","0.737985","-0.412537","1.023655"
"2018-11-22","22 Nov 2018","1.325931","-0.227195","1.910663","0.087528","2.191331","-0.513883","0.343185","0.732082","-0.412749","1.015413"
"2018-11-23","23 Nov 2018","1.290532","-0.235440","1.876033","0.072648","2.159958","-0.516111","0.323000","0.704396","-0.417091","0.983230"
"2018-11-26","26 Nov 2018","1.255233","-0.267704","1.867123","0.022227","2.156383","-0.525394","0.264156","0.644946","-0.435118","0.932437"
"2018-11-27","27 Nov 2018","1.264638","-0.246640","1.885600","0.026887","2.169227","-0.483955","0.260776","0.639303","-0.401406","0.932184"
"2018-11-28","28 Nov 2018","1.256613","-0.241507","1.875169","0.032248","2.161528","-0.480424","0.265038","0.639707","-0.397168","0.928560"
"2018-11-29","29 Nov 2018","1.201441","-0.261472","1.841005","-0.009666","2.134255","-0.475633","0.210167","0.575161","-0.401571","0.865222"
"2018-11-30","30 Nov 2018","1.211097","-0.260573","1.851772","-0.007479","2.144265","-0.475589","0.213679","0.581097","-0.401259","0.873055"
"2018-12-03","03 Dec 2018","1.200522","-0.287432","1.850246","-0.050090","2.127871","-0.479990","0.165976","0.539542","-0.414396","0.844903"
"2018-12-04","04 Dec 2018","1.168519","-0.261910","1.811841","-0.019492","2.110338","-0.467007","0.193346","0.549377","-0.396187","0.834807"
"2018-12-05","05 Dec 2018","1.169248","-0.278540","1.881902","-0.058872","2.207857","-0.454705","0.143978","0.502548","-0.394881","0.804660"
"2018-12-06","06 Dec 2018","1.162034","-0.252147","1.855248","-0.023370","2.188743","-0.442888","0.180764","0.529811","-0.377300","0.817111"
"2018-12-07","07 Dec 2018","1.194369","-0.235131","1.887260","-0.008011","2.212066","-0.422146","0.196857","0.550642","-0.358096","0.843460"
"2018-12-10","10 Dec 2018","1.180663","-0.247288","1.866875","-0.008340","2.181668","-0.453132","0.199663","0.549334","-0.381562","0.835724"
"2018-12-11","11 Dec 2018","1.167952","-0.236647","1.863524","0.000970","2.180327","-0.446943","0.204127","0.543533","-0.373137","0.824087"
"2018-12-12","12 Dec 2018","1.158047","-0.256624","1.846486","-0.033202","2.150253","-0.443941","0.166799","0.513601","-0.379319","0.804691"
"2018-12-13","13 Dec 2018","1.151523","-0.256241","1.883491","-0.015033","2.195615","-0.491813","0.179632","0.504843","-0.406269","0.787718"
"2018-12-14","14 Dec 2018","1.145223","-0.261793","1.876840","-0.021243","2.197613","-0.489250","0.176344","0.505442","-0.407570","0.786872"
"2018-12-17","17 Dec 2018","1.148061","-0.278880","1.875691","-0.040658","2.192371","-0.497998","0.159497","0.497298","-0.419974","0.785493"
"2018-12-18","18 Dec 2018","1.131712","-0.277556","1.858050","-0.043837","2.175629","-0.491946","0.153069","0.486414","-0.415666","0.771703"
"2018-12-19","19 Dec 2018","1.150705","-0.319451","1.838988","-0.088308","2.119531","-0.520462","0.115983","0.473512","-0.450047","0.778981"
"2018-12-20","20 Dec 2018","1.127596","-0.328926","1.820923","-0.098846","2.096930","-0.541859","0.098595","0.445979","-0.465514","0.750437"
"2018-12-21","21 Dec 2018","1.140844","-0.317491","1.829889","-0.083886","2.104361","-0.534945","0.115189","0.462849","-0.456873","0.766003"
"2018-12-27","27 Dec 2018","1.149405","-0.294973","1.829002","-0.098843","2.104203","-0.439236","0.094961","0.457463","-0.391699","0.772242"
"2018-12-28","28 Dec 2018","1.165349","-0.301079","1.845277","-0.105033","2.117908","-0.441573","0.091540","0.461753","-0.395777","0.782945"
"2019-01-02","02 Jan 2019","1.103263","-0.290646","1.784437","-0.125281","2.057690","-0.395637","0.052940","0.406191","-0.363166","0.722148"
"2019-01-03","03 Jan 2019","1.149087","-0.250417","1.830388","-0.066776","2.109795","-0.382186","0.117862","0.468381","-0.339178","0.776434"
"2019-01-04","04 Jan 2019","1.187726","-0.265242","1.867839","-0.083766","2.138333","-0.385103","0.106905","0.476614","-0.347391","0.801336"
"2019-01-07","07 Jan 2019","1.167203","-0.271845","1.890502","-0.072142","2.200713","-0.424121","0.120659","0.476934","-0.373253","0.787490"
"2019-01-08","08 Jan 2019","1.189301","-0.264253","1.912687","-0.051188","2.224833","-0.434808","0.147415","0.505026","-0.376832","0.812895"
"2019-01-09","09 Jan 2019","1.120807","-0.253730","1.836516","-0.051584","2.155176","-0.417866","0.135115","0.470284","-0.361786","0.760610"
"2019-01-10","10 Jan 2019","1.063505","-0.230703","1.821677","-0.036668","2.182849","-0.396740","0.136302","0.442740","-0.338966","0.713137"
"2019-01-11","11 Jan 2019","1.041574","-0.244817","1.802965","-0.058265","2.163978","-0.401288","0.111094","0.416222","-0.347174","0.688266"
"2019-01-14","14 Jan 2019","1.046277","-0.266850","1.800841","-0.091044","2.154452","-0.401640","0.079001","0.397495","-0.356479","0.682921"
"2019-01-15","15 Jan 2019","1.033072","-0.273383","1.800970","-0.102323","2.163131","-0.403133","0.064709","0.380724","-0.359814","0.666557"
"2019-01-16","16 Jan 2019","1.051500","-0.290783","1.833673","-0.125746","2.191606","-0.408909","0.042049","0.368968","-0.370317","0.668574"
"2019-01-17","17 Jan 2019","1.039715","-0.289400","1.818291","-0.125093","2.176558","-0.407841","0.041224","0.364436","-0.369036","0.660563"
"2019-01-18","18 Jan 2019","1.040638","-0.292112","1.821122","-0.128885","2.178919","-0.408756","0.037311","0.361660","-0.370668","0.659434"
"2019-01-21","21 Jan 2019","1.048461","-0.284414","1.832115","-0.112815","2.194097","-0.413864","0.055877","0.377787","-0.370703","0.671158"
"2019-01-22","22 Jan 2019","1.031080","-0.296751","1.806505","-0.131210","2.162322","-0.417125","0.035430","0.358093","-0.377551","0.653248"
"2019-01-23","23 Jan 2019","1.027634","-0.288735","1.798115","-0.120071","2.155646","-0.414522","0.046762","0.365729","-0.372776","0.655840"
"2019-01-24","24 Jan 2019","0.979849","-0.291561","1.748839","-0.128460","2.113148","-0.414850","0.031697","0.337518","-0.373713","0.617280"
"2019-01-25","25 Jan 2019","0.919262","-0.280054","1.715147","-0.129652","2.110218","-0.395778","0.017193","0.300020","-0.356866","0.564836"
"2019-01-28","28 Jan 2019","0.940239","-0.262157","1.748944","-0.124510","2.128581","-0.364080","0.015447","0.297348","-0.330172","0.570428"
"2019-01-29","29 Jan 2019","0.978293","-0.274481","1.740909","-0.126343","2.090080","-0.379613","0.026079","0.328335","-0.345327","0.610898"
"2019-01-30","30 Jan 2019","0.979136","-0.280214","1.739388","-0.122446","2.087293","-0.399196","0.033656","0.335545","-0.359473","0.615102"
"2019-01-31","31 Jan 2019","0.946159","-0.268668","1.706293","-0.119835","2.060825","-0.379975","0.028574","0.318265","-0.342915","0.589322"
"2019-02-01","01 Feb 2019","0.899862","-0.238657","1.672034","-0.082632","2.071275","-0.367729","0.061177","0.326223","-0.323271","0.570158"
"2019-02-04","04 Feb 2019","1.032930","-0.262526","1.738742","-0.093108","2.056118","-0.387380","0.074860","0.393319","-0.346179","0.677585"
"2019-02-05","05 Feb 2019","0.996197","-0.262002","1.743583","-0.091282","2.093673","-0.397822","0.070387","0.371338","-0.351663","0.643588"
"2019-02-06","06 Feb 2019","0.925002","-0.223816","1.726159","-0.052364","2.143218","-0.377747","0.095546","0.356343","-0.323328","0.595017"
"2019-02-07","07 Feb 2019","0.921790","-0.207681","1.709527","-0.021274","2.132152","-0.384162","0.130684","0.383911","-0.320870","0.608921"
"2019-02-08","08 Feb 2019","0.914820","-0.181790","1.709726","0.010754","2.149891","-0.371553","0.161106","0.401995","-0.302763","0.613854"
"2019-02-11","11 Feb 2019","0.914752","-0.217810","1.726799","-0.039717","2.161569","-0.383609","0.108531","0.362113","-0.324394","0.592196"
"2019-02-12","12 Feb 2019","0.913564","-0.205047","1.719309","-0.021548","2.156459","-0.379842","0.127451","0.376145","-0.317032","0.599253"
"2019-02-13","13 Feb 2019","0.898676","-0.233793","1.716238","-0.063130","2.150349","-0.389390","0.082196","0.336644","-0.334129","0.570627"
"2019-02-14","14 Feb 2019","0.864219","-0.224309","1.672056","-0.052387","2.111160","-0.386413","0.089209","0.330341","-0.328299","0.550706"
"2019-02-15","15 Feb 2019","0.897203","-0.220365","1.712240","-0.051245","2.147283","-0.375429","0.092066","0.342288","-0.320264","0.572706"
"2019-02-18","18 Feb 2019","0.877976","-0.250780","1.701006","-0.088779","2.134478","-0.394880","0.052791","0.307173","-0.344045","0.544648"
"2019-02-19","19 Feb 2019","0.885250","-0.236768","1.703428","-0.069948","2.138221","-0.388208","0.072871","0.324662","-0.334479","0.557599"
"2019-02-20","20 Feb 2019","0.874319","-0.220516","1.682837","-0.047655","2.121469","-0.383219","0.094916","0.337824","-0.324921","0.559548"
"2019-02-21","21 Feb 2019","0.909650","-0.218755","1.722219","-0.041825","2.157865","-0.383403","0.105566","0.358028","-0.324604","0.587488"
"2019-02-22","22 Feb 2019","0.870663","-0.221149","1.679883","-0.048423","2.119947","-0.384026","0.093777","0.335723","-0.325636","0.556605"
"2019-02-25","25 Feb 2019","0.870134","-0.228498","1.682892","-0.058666","2.121931","-0.386660","0.083051","0.327385","-0.330148","0.551807"
"2019-02-26","26 Feb 2019","0.845794","-0.257496","1.669688","-0.101491","2.106667","-0.396197","0.035227","0.282583","-0.347258","0.515698"
"2019-02-27","27 Feb 2019","0.967281","-0.230992","1.746901","-0.091806","2.115343","-0.331476","0.050734","0.335476","-0.298440","0.606487"
"2019-02-28","28 Feb 2019","0.987436","-0.228546","1.765553","-0.078401","2.132240","-0.343179","0.069576","0.357378","-0.304703","0.627913"
"2019-03-01","01 Mar 2019","1.002991","-0.234224","1.792647","-0.064540","2.159775","-0.380039","0.089541","0.375559","-0.329037","0.642721"
"2019-03-04","04 Mar 2019","0.991010","-0.253774","1.770957","-0.075879","2.137363","-0.408494","0.082984","0.371607","-0.354240","0.636488"
"2019-03-05","05 Mar 2019","0.975797","-0.271973","1.753332","-0.099343","2.119676","-0.416627","0.059084","0.351355","-0.366525","0.619601"
"2019-03-06","06 Mar 2019","0.930320","-0.283957","1.712329","-0.120549","2.084008","-0.419937","0.030798","0.313654","-0.372916","0.576854"
"2019-03-07","07 Mar 2019","0.816527","-0.291807","1.637180","-0.155949","2.031164","-0.409020","-0.029901","0.217158","-0.367804","0.464106"
"2019-03-08","08 Mar 2019","0.795808","-0.296606","1.613142","-0.153004","2.024501","-0.422619","-0.023727","0.219912","-0.378214","0.457248"
"2019-03-11","11 Mar 2019","0.778331","-0.276164","1.619337","-0.129069","2.060802","-0.413017","-0.003432","0.225483","-0.363977","0.449301"
"2019-03-12","12 Mar 2019","0.804285","-0.272877","1.646759","-0.122034","2.086201","-0.412338","0.007300","0.242636","-0.362464","0.471149"
"2019-03-13","13 Mar 2019","0.804120","-0.255794","1.640062","-0.098167","2.082472","-0.406863","0.031936","0.260890","-0.352325","0.480757"
"2019-03-14","14 Mar 2019","0.794202","-0.281135","1.632761","-0.133841","2.101661","-0.408196","-0.001855","0.240047","-0.363807","0.468826"
"2019-03-15","15 Mar 2019","0.780041","-0.282089","1.626037","-0.125290","2.099484","-0.426553","0.007396","0.241005","-0.375073","0.460893"
"2019-03-18","18 Mar 2019","0.801697","-0.305249","1.622408","-0.147255","2.055278","-0.446603","-0.009552","0.238494","-0.396633","0.471744"
"2019-03-19","19 Mar 2019","0.809498","-0.296360","1.634603","-0.129532","2.082340","-0.449440","0.011711","0.258377","-0.394973","0.486290"
"2019-03-20","20 Mar 2019","0.802751","-0.291420","1.624167","-0.123065","2.073347","-0.447822","0.017682","0.260713","-0.391984","0.484371"
"2019-03-21","21 Mar 2019","0.734419","-0.286291","1.567218","-0.131026","2.042972","-0.432323","-0.002417","0.219907","-0.379994","0.428410"
"2019-03-22","22 Mar 2019","0.729177","-0.285452","1.561019","-0.129934","2.038260","-0.432437","-0.001785","0.218718","-0.379698","0.425278"
"2019-03-25","25 Mar 2019","0.761694","-0.294285","1.547498","-0.130702","1.992065","-0.443391","0.007459","0.245002","-0.390510","0.459911"
"2019-03-26","26 Mar 2019","0.776613","-0.304321","1.525036","-0.148377","1.923487","-0.438367","-0.009384","0.239882","-0.391645","0.466986"
"2019-03-27","27 Mar 2019","0.712698","-0.306106","1.492983","-0.169325","1.916991","-0.422973","-0.045394","0.184417","-0.382244","0.403028"
"2019-03-28","28 Mar 2019","0.743779","-0.281356","1.505171","-0.142981","1.893384","-0.403210","-0.019509","0.209858","-0.360267","0.430492"
"2019-03-29","29 Mar 2019","0.747609","-0.288598","1.517542","-0.142540","1.913978","-0.420645","-0.015551","0.215056","-0.373768","0.434746"
"2019-04-01","01 Apr 2019","0.770337","-0.299782","1.547960","-0.153560","1.943128","-0.428010","-0.023068","0.217922","-0.382902","0.447438"
"2019-04-02","02 Apr 2019","0.778610","-0.295774","1.552043","-0.144425","1.947086","-0.430301","-0.011349","0.230579","-0.382809","0.458622"
"2019-04-03","03 Apr 2019","0.755655","-0.296885","1.567830","-0.139426","2.008158","-0.443534","-0.007246","0.224392","-0.391093","0.441860"
"2019-04-04","04 Apr 2019","0.670489","-0.285665","1.465107","-0.130878","1.915708","-0.439124","-0.009010","0.194085","-0.383317","0.384563"
"2019-04-05","05 Apr 2019","0.714376","-0.277810","1.511152","-0.115776","1.958932","-0.437270","0.012419","0.225459","-0.379413","0.422710"
"2019-04-08","08 Apr 2019","0.651499","-0.256156","1.501490","-0.101981","1.997854","-0.420152","0.011115","0.192263","-0.359388","0.368261"
"2019-04-09","09 Apr 2019","0.789946","-0.287812","1.577772","-0.140750","2.019081","-0.409538","-0.005526","0.243252","-0.367623","0.473368"
"2019-04-10","10 Apr 2019","0.752077","-0.284921","1.561562","-0.153729","1.994590","-0.394363","-0.031653","0.201575","-0.356462","0.428356"
"2019-04-11","11 Apr 2019","0.654234","-0.261932","1.465232","-0.140672","1.957483","-0.367097","-0.032113","0.169020","-0.330285","0.364570"
"2019-04-12","12 Apr 2019","0.688117","-0.279489","1.507215","-0.131337","1.990350","-0.419539","-0.009454","0.199871","-0.369299","0.396389"
"2019-04-15","15 Apr 2019","0.780624","-0.262710","1.546224","-0.127169","1.984449","-0.369942","0.001830","0.244902","-0.333578","0.471243"
"2019-04-16","16 Apr 2019","0.730065","-0.242902","1.552372","-0.108595","2.050924","-0.359785","0.010488","0.226781","-0.318868","0.431965"
"2019-04-17","17 Apr 2019","0.790970","-0.248734","1.525564","-0.103205","1.955871","-0.367699","0.030899","0.274675","-0.326957","0.494862"
"2019-04-18","18 Apr 2019","0.728265","-0.252836","1.448557","-0.113749","1.884754","-0.368293","0.012849","0.241092","-0.328555","0.447457"
"2019-04-23","23 Apr 2019","0.769590","-0.219874","1.492836","-0.080887","1.927312","-0.334561","0.046308","0.276763","-0.295161","0.485651"
"2019-04-24","24 Apr 2019","0.703052","-0.237654","1.421387","-0.103395","1.870508","-0.350353","0.017719","0.234915","-0.311424","0.431836"
"2019-04-25","25 Apr 2019","0.738730","-0.229347","1.456096","-0.091765","1.895964","-0.343775","0.033226","0.258189","-0.304368","0.461512"
"2019-04-26","26 Apr 2019","0.717917","-0.234259","1.437229","-0.097297","1.885848","-0.349430","0.025970","0.246241","-0.309629","0.445096"
"2019-04-29","29 Apr 2019","0.675058","-0.254650","1.455495","-0.129911","1.914603","-0.362316","-0.018011","0.188447","-0.324692","0.386677"
"2019-04-30","30 Apr 2019","0.674774","-0.254977","1.456017","-0.128108","1.903649","-0.367640","-0.016569","0.187614","-0.327900","0.384934"
"2019-05-02","02 May 2019","0.646902","-0.272317","1.438578","-0.135514","1.884407","-0.404621","-0.023923","0.170989","-0.356770","0.360221"
"2019-05-03","03 May 2019","0.652078","-0.281907","1.446430","-0.143062","1.892302","-0.415361","-0.029236","0.169846","-0.367180","0.362315"
"2019-05-06","06 May 2019","0.656027","-0.289177","1.450475","-0.143537","1.904008","-0.429637","-0.025391","0.177061","-0.378928","0.369002"
"2019-05-07","07 May 2019","0.625825","-0.292748","1.426910","-0.149977","1.889226","-0.433077","-0.036102","0.157579","-0.382142","0.343106"
"2019-05-08","08 May 2019","0.623943","-0.280203","1.417758","-0.132253","1.882210","-0.429100","-0.017663","0.171196","-0.374746","0.349726"
"2019-05-09","09 May 2019","0.637248","-0.277862","1.431905","-0.127773","1.895489","-0.428521","-0.011299","0.180566","-0.373566","0.361192"
"2019-05-10","10 May 2019","0.651365","-0.269193","1.445718","-0.116737","1.919195","-0.420570","0.002247","0.197113","-0.365552","0.377794"
"2019-05-13","13 May 2019","0.639218","-0.267426","1.430093","-0.115196","1.904875","-0.419878","0.002438","0.193305","-0.364350","0.370006"
"2019-05-14","14 May 2019","0.692509","-0.273825","1.432417","-0.124501","1.843081","-0.413193","-0.000282","0.213405","-0.363376","0.410307"
"2019-05-15","15 May 2019","0.667445","-0.261994","1.396529","-0.109535","1.811463","-0.409465","0.012495","0.214977","-0.356249","0.399338"
"2019-05-16","16 May 2019","0.626120","-0.268785","1.355325","-0.122845","1.775404","-0.411163","-0.006770","0.185982","-0.359652","0.363578"
"2019-05-17","17 May 2019","0.605161","-0.279024","1.339996","-0.139315","1.763188","-0.414196","-0.026847","0.163166","-0.365381","0.340858"
"2019-05-20","20 May 2019","0.638959","-0.274023","1.421654","-0.134834","1.864954","-0.409680","-0.022524","0.170965","-0.360533","0.357138"
"2019-05-21","21 May 2019","0.633653","-0.272845","1.414835","-0.133540","1.858805","-0.409350","-0.021800","0.169749","-0.359826","0.353951"
"2019-05-22","22 May 2019","0.625952","-0.274604","1.406983","-0.137001","1.851258","-0.409411","-0.026494","0.163494","-0.360501","0.346849"
"2019-05-23","23 May 2019","0.603753","-0.279139","1.383708","-0.144703","1.829815","-0.411509","-0.037134","0.147944","-0.363411","0.327764"
"2019-05-24","24 May 2019","0.588649","-0.297708","1.375752","-0.172076","1.820257","-0.417665","-0.067662","0.119462","-0.374398","0.304970"
"2019-05-27","27 May 2019","0.576952","-0.277978","1.351614","-0.144923","1.800502","-0.411384","-0.040519","0.136469","-0.362683","0.308777"
"2019-05-28","28 May 2019","0.644426","-0.265550","1.351381","-0.139124","1.740340","-0.376584","-0.027322","0.176245","-0.337565","0.369074"
"2019-05-29","29 May 2019","0.539490","-0.264463","1.301493","-0.128739","1.756549","-0.406958","-0.028117","0.133407","-0.354361","0.289272"
"2019-05-30","30 May 2019","0.539490","-0.264463","1.301493","-0.128739","1.756549","-0.406958","-0.028117","0.133407","-0.354361","0.289272"
"2019-05-31","31 May 2019","0.499372","-0.258750","1.253279","-0.123845","1.714372","-0.405039","-0.027916","0.120024","-0.350632","0.262796"
"2019-06-03","03 Jun 2019","0.452780","-0.241695","1.229092","-0.107847","1.713084","-0.397993","-0.021200","0.102761","-0.338840","0.227273"
"2019-06-04","04 Jun 2019","0.400879","-0.253394","1.182905","-0.122866","1.702927","-0.405471","-0.039304","0.076000","-0.348022","0.189541"
"2019-06-05","05 Jun 2019","0.385826","-0.250791","1.163541","-0.120388","1.685307","-0.404512","-0.038505","0.071655","-0.346301","0.180064"
"2019-06-06","06 Jun 2019","0.361605","-0.245486","1.131229","-0.114804","1.655784","-0.402558","-0.035493","0.066086","-0.342846","0.165657"
"2019-06-07","07 Jun 2019","0.294148","-0.282098","1.061708","-0.171367","1.587103","-0.413143","-0.101674","-0.004828","-0.363453","0.096158"
"2019-06-10","10 Jun 2019","0.356908","-0.276705","1.134908","-0.155780","1.641768","-0.419164","-0.078638","0.030738","-0.365162","0.143623"
"2019-06-11","11 Jun 2019","0.329952","-0.280301","1.100743","-0.161568","1.609654","-0.421502","-0.087065","0.016407","-0.367879","0.123543"
"2019-06-12","12 Jun 2019","0.345236","-0.266267","1.110942","-0.140283","1.620736","-0.417264","-0.062795","0.040214","-0.359857","0.143880"
"2019-06-13","13 Jun 2019","0.368960","-0.257866","1.193874","-0.148808","1.693185","-0.396024","-0.083336","0.014771","-0.342641","0.132865"
"2019-06-14","14 Jun 2019","0.339739","-0.274035","1.161984","-0.167737","1.672475","-0.406617","-0.102910","-0.005797","-0.355589","0.109407"
"2019-06-17","17 Jun 2019","0.350701","-0.278776","1.168968","-0.165594","1.680650","-0.418073","-0.095988","0.005919","-0.364654","0.121989"
"2019-06-18","18 Jun 2019","0.250685","-0.334455","1.076859","-0.249767","1.568881","-0.443837","-0.197884","-0.109164","-0.401269","0.009755"
"2019-06-19","19 Jun 2019","0.265331","-0.323673","1.083779","-0.237009","1.572393","-0.434314","-0.183365","-0.092631","-0.391377","0.026370"
"2019-06-20","20 Jun 2019","0.244613","-0.340965","1.021605","-0.258576","1.491802","-0.439398","-0.202985","-0.105709","-0.401748","0.014437"
"2019-06-21","21 Jun 2019","0.281790","-0.315528","1.074344","-0.217920","1.552971","-0.437888","-0.157720","-0.063112","-0.390679","0.052603"
"2019-06-24","24 Jun 2019","0.260343","-0.318124","1.057255","-0.217341","1.540553","-0.449177","-0.158998","-0.072602","-0.398255","0.036028"
"2019-06-25","25 Jun 2019","0.230012","-0.313700","1.026567","-0.214846","1.515167","-0.446874","-0.161166","-0.085923","-0.394780","0.013533"
"2019-06-26","26 Jun 2019","0.230012","-0.313700","1.026567","-0.214846","1.515167","-0.446874","-0.161166","-0.085923","-0.394780","0.013533"
"2019-06-27","27 Jun 2019","0.239741","-0.316295","1.038253","-0.217346","1.525488","-0.448128","-0.162372","-0.083331","-0.396659","0.019694"
"2019-06-28","28 Jun 2019","0.233253","-0.325977","1.034359","-0.231172","1.520625","-0.451474","-0.177357","-0.096602","-0.402511","0.009529"
"2019-07-01","01 Jul 2019","0.199299","-0.358293","0.994219","-0.278221","1.473926","-0.460502","-0.228508","-0.143320","-0.420835","-0.030048"
"2019-07-02","02 Jul 2019","0.171455","-0.389720","0.967259","-0.322320","1.435241","-0.474319","-0.277244","-0.189246","-0.441479","-0.067967"
"2019-07-03","03 Jul 2019","0.114690","-0.414023","0.880864","-0.355959","1.327222","-0.487871","-0.316601","-0.234830","-0.459062","-0.117713"
"2019-07-04","04 Jul 2019","0.093251","-0.396392","0.850575","-0.333355","1.302142","-0.481965","-0.296161","-0.227292","-0.448261","-0.124271"
"2019-07-05","05 Jul 2019","0.163182","-0.376735","0.937010","-0.302981","1.400615","-0.470929","-0.256564","-0.174019","-0.434333","-0.062303"
"2019-07-08","08 Jul 2019","0.149709","-0.381958","0.919779","-0.304581","1.370850","-0.486280","-0.259728","-0.183327","-0.445304","-0.075210"
"2019-07-09","09 Jul 2019","0.178052","-0.383418","0.952921","-0.308419","1.406508","-0.478525","-0.260218","-0.172452","-0.441593","-0.054711"
"2019-07-10","10 Jul 2019","0.217815","-0.374308","0.994895","-0.297492","1.445263","-0.467877","-0.245238","-0.147857","-0.431835","-0.022102"
"2019-07-11","11 Jul 2019","0.232138","-0.389186","1.018882","-0.309566","1.461272","-0.486799","-0.255186","-0.152147","-0.449102","-0.018796"
"2019-07-12","12 Jul 2019","0.294792","-0.381605","1.083790","-0.300702","1.514242","-0.474754","-0.240301","-0.120348","-0.439215","0.028720"
"2019-07-15","15 Jul 2019","0.256256","-0.400701","1.033403","-0.332409","1.458072","-0.475417","-0.277003","-0.158246","-0.447160","-0.008409"
"2019-07-16","16 Jul 2019","0.232779","-0.417283","1.004158","-0.346214","1.419670","-0.499351","-0.291755","-0.177297","-0.467930","-0.030379"
"2019-07-17","17 Jul 2019","0.193477","-0.425456","0.967346","-0.361368","1.387874","-0.501511","-0.312792","-0.207159","-0.472172","-0.065786"
"2019-07-18","18 Jul 2019","0.188778","-0.417819","0.944041","-0.350816","1.360013","-0.496868","-0.300936","-0.197016","-0.466483","-0.060913"
"2019-07-19","19 Jul 2019","0.128136","-0.400377","0.972497","-0.351752","1.437398","-0.477264","-0.324994","-0.256933","-0.445844","-0.133671"
"2019-07-22","22 Jul 2019","0.126456","-0.400389","0.970575","-0.351901","1.435599","-0.477275","-0.325360","-0.257787","-0.445843","-0.134944"
"2019-07-23","23 Jul 2019","0.130052","-0.415312","0.969386","-0.371510","1.427745","-0.481263","-0.343651","-0.267663","-0.454430","-0.137055"
"2019-07-24","24 Jul 2019","0.097001","-0.437092","0.900604","-0.404894","1.338479","-0.481728","-0.378881","-0.298264","-0.463652","-0.165038"
"2019-07-25","25 Jul 2019","0.166327","-0.419202","0.948961","-0.376670","1.366413","-0.470699","-0.340480","-0.243277","-0.450491","-0.100070"
"2019-07-26","26 Jul 2019","0.111826","-0.411361","0.912552","-0.377577","1.351145","-0.459708","-0.352172","-0.275289","-0.440080","-0.146066"
"2019-07-29","29 Jul 2019","0.078233","-0.411652","0.877876","-0.381344","1.320737","-0.459345","-0.360802","-0.294006","-0.439676","-0.172749"
"2019-07-30","30 Jul 2019","0.097518","-0.399813","0.897316","-0.369097","1.338879","-0.447137","-0.347605","-0.278487","-0.427677","-0.155245"
"2019-07-31","31 Jul 2019","0.047911","-0.408422","0.872615","-0.354799","1.335065","-0.503616","-0.334776","-0.291355","-0.464217","-0.191283"
"2019-08-01","01 Aug 2019","0.014562","-0.407189","0.836681","-0.356372","1.302973","-0.502766","-0.341050","-0.308127","-0.462916","-0.216740"
"2019-08-02","02 Aug 2019","-0.012700","-0.413225","0.776101","-0.370898","1.229930","-0.492229","-0.356969","-0.322766","-0.459291","-0.233654"
"2019-08-05","05 Aug 2019","-0.010992","-0.415881","0.700626","-0.367979","1.127486","-0.488020","-0.343493","-0.295097","-0.459022","-0.208418"
"2019-08-06","06 Aug 2019","-0.072876","-0.425771","0.587939","-0.387575","1.076833","-0.470414","-0.360608","-0.307684","-0.453422","-0.233018"
"2019-08-07","07 Aug 2019","-0.125783","-0.444491","0.509633","-0.428269","0.930849","-0.466318","-0.415060","-0.372147","-0.457573","-0.294787"
"2019-08-08","08 Aug 2019","-0.057864","-0.411827","0.604313","-0.390660","1.033710","-0.439022","-0.373658","-0.323757","-0.428263","-0.238803"
"2019-08-09","09 Aug 2019","-0.051943","-0.376449","0.635470","-0.331344","1.108912","-0.442519","-0.309730","-0.275703","-0.416256","-0.212777"
"2019-08-12","12 Aug 2019","-0.061606","-0.391378","0.615210","-0.338419","1.081169","-0.467862","-0.313278","-0.278589","-0.437582","-0.218108"
"2019-08-13","13 Aug 2019","-0.082792","-0.401995","0.581615","-0.351547","1.030549","-0.477092","-0.328802","-0.297325","-0.447180","-0.238223"
"2019-08-14","14 Aug 2019","-0.142846","-0.423133","0.501701","-0.392811","0.949394","-0.470082","-0.378867","-0.351529","-0.451190","-0.293338"
"2019-08-15","15 Aug 2019","-0.126913","-0.454643","0.442380","-0.416888","0.851016","-0.498091","-0.390008","-0.338802","-0.481621","-0.269952"
"2019-08-16","16 Aug 2019","-0.216799","-0.451813","0.398816","-0.416990","0.822383","-0.511928","-0.406631","-0.394621","-0.487398","-0.351491"
"2019-08-19","19 Aug 2019","-0.101287","-0.448824","0.502874","-0.398216","0.968168","-0.507001","-0.364207","-0.309031","-0.485058","-0.242031"
"2019-08-20","20 Aug 2019","-0.148344","-0.465949","0.447784","-0.421003","0.886487","-0.521980","-0.393456","-0.348788","-0.500436","-0.287261"
"2019-08-21","21 Aug 2019","-0.126224","-0.474484","0.483350","-0.431532","0.919723","-0.525297","-0.402344","-0.349224","-0.505935","-0.277619"
"2019-08-22","22 Aug 2019","-0.097951","-0.459780","0.505152","-0.416111","0.956943","-0.507078","-0.383492","-0.323069","-0.489435","-0.247956"
"2019-08-23","23 Aug 2019","-0.095362","-0.468368","0.518614","-0.428743","0.969783","-0.509732","-0.397152","-0.333849","-0.494402","-0.253315"
"2019-08-26","26 Aug 2019","-0.113677","-0.467374","0.499384","-0.420815","0.950325","-0.521495","-0.389112","-0.333917","-0.500985","-0.262835"
"2019-08-27","27 Aug 2019","-0.149992","-0.515183","0.439013","-0.486957","0.867254","-0.540238","-0.459456","-0.394549","-0.531280","-0.309747"
"2019-08-28","28 Aug 2019","-0.205023","-0.521725","0.359762","-0.500815","0.755103","-0.542948","-0.481303","-0.430535","-0.535021","-0.355714"
"2019-08-29","29 Aug 2019","-0.127871","-0.552219","0.421111","-0.540520","0.720125","-0.554233","-0.516819","-0.435919","-0.554081","-0.322863"
"2019-08-30","30 Aug 2019","-0.109507","-0.542256","0.446782","-0.536771","0.751592","-0.533507","-0.513998","-0.428764","-0.537708","-0.310173"
"2019-09-02","02 Sep 2019","-0.097550","-0.555636","0.467967","-0.554827","0.769121","-0.537969","-0.531602","-0.438457","-0.545793","-0.309897"
"2019-09-03","03 Sep 2019","-0.113797","-0.569591","0.438654","-0.550321","0.733012","-0.579803","-0.521292","-0.432954","-0.576602","-0.314493"
"2019-09-04","04 Sep 2019","-0.076279","-0.575460","0.514697","-0.555687","0.816338","-0.586884","-0.525304","-0.429263","-0.583080","-0.298067"
"2019-09-05","05 Sep 2019","-0.008184","-0.572326","0.583517","-0.539726","0.886660","-0.591256","-0.496465","-0.380080","-0.585312","-0.237002"
"2019-09-06","06 Sep 2019","-0.063174","-0.579618","0.529426","-0.551596","0.830133","-0.601942","-0.517085","-0.418071","-0.593912","-0.285979"
"2019-09-09","09 Sep 2019","-0.001151","-0.558292","0.679590","-0.520821","1.040207","-0.594660","-0.482496","-0.380455","-0.581062","-0.242537"
"2019-09-10","10 Sep 2019","0.007941","-0.548656","0.692748","-0.509417","1.057961","-0.587731","-0.470626","-0.369374","-0.573065","-0.232650"
"2019-09-11","11 Sep 2019","0.017929","-0.544077","0.702824","-0.509750","1.062703","-0.575756","-0.472287","-0.368584","-0.563999","-0.227565"
"2019-09-12","12 Sep 2019","-0.018409","-0.539705","0.660743","-0.511028","1.022142","-0.568136","-0.479733","-0.387566","-0.557321","-0.255508"
"2019-09-13","13 Sep 2019","0.047961","-0.460522","0.697355","-0.449052","1.078907","-0.453657","-0.418339","-0.315526","-0.457575","-0.179268"
"2019-09-16","16 Sep 2019","0.058043","-0.488247","0.711503","-0.450528","1.055004","-0.524486","-0.412027","-0.310938","-0.510989","-0.176036"
"2019-09-17","17 Sep 2019","0.063387","-0.481753","0.720520","-0.433326","1.060852","-0.538540","-0.393718","-0.298823","-0.516544","-0.169125"
"2019-09-18","18 Sep 2019","0.101792","-0.482933","0.723691","-0.448666","0.997267","-0.534472","-0.417933","-0.315780","-0.512866","-0.161330"
"2019-09-19","19 Sep 2019","0.040082","-0.469900","0.679504","-0.424615","1.033133","-0.518247","-0.385493","-0.294512","-0.499992","-0.174704"
"2019-09-20","20 Sep 2019","0.025207","-0.472622","0.651478","-0.429982","0.985803","-0.521506","-0.394367","-0.308226","-0.502674","-0.189755"
"2019-09-23","23 Sep 2019","-0.035577","-0.487405","0.573198","-0.451696","0.911515","-0.527598","-0.420963","-0.344139","-0.512165","-0.236010"
"2019-09-24","24 Sep 2019","-0.046104","-0.486682","0.556145","-0.456304","0.884701","-0.521632","-0.429092","-0.355275","-0.508059","-0.247282"
"2019-09-25","25 Sep 2019","-0.065940","-0.485303","0.515762","-0.458752","0.844004","-0.512559","-0.432426","-0.360071","-0.502230","-0.256686"
"2019-09-26","26 Sep 2019","-0.032424","-0.486422","0.541667","-0.457807","0.860498","-0.510969","-0.426268","-0.341824","-0.502103","-0.229309"
"2019-09-27","27 Sep 2019","-0.036046","-0.493524","0.552613","-0.470038","0.878555","-0.511173","-0.440556","-0.355282","-0.504966","-0.239180"
"2019-09-30","30 Sep 2019","-0.035582","-0.507597","0.574979","-0.482374","0.904091","-0.530199","-0.453191","-0.367858","-0.521817","-0.248158"
"2019-10-01","01 Oct 2019","-0.000567","-0.508931","0.621240","-0.473922","0.951115","-0.543265","-0.438667","-0.345760","-0.530412","-0.220384"
"2019-10-02","02 Oct 2019","0.005951","-0.506841","0.627973","-0.471849","0.957120","-0.540559","-0.436110","-0.341758","-0.527988","-0.215070"
"2019-10-03","03 Oct 2019","-0.039721","-0.512217","0.574652","-0.485095","0.906186","-0.538151","-0.455575","-0.371135","-0.528414","-0.252285"
"2019-10-04","04 Oct 2019","-0.041354","-0.511489","0.571964","-0.488208","0.903748","-0.531313","-0.459824","-0.374656","-0.524024","-0.254582"
"2019-10-07","07 Oct 2019","-0.036552","-0.505531","0.586268","-0.479910","0.925697","-0.529754","-0.451391","-0.368159","-0.520664","-0.249757"
"2019-10-08","08 Oct 2019","-0.044737","-0.499917","0.584238","-0.475514","0.929157","-0.524978","-0.449413","-0.371296","-0.515373","-0.256336"
"2019-10-09","09 Oct 2019","-0.024096","-0.493958","0.609429","-0.465260","0.957783","-0.523331","-0.436116","-0.354323","-0.512169","-0.237422"
"2019-10-10","10 Oct 2019","0.055213","-0.471059","0.676924","-0.422487","1.020251","-0.519617","-0.378991","-0.280770","-0.501621","-0.157890"
"2019-10-11","11 Oct 2019","0.065002","-0.479817","0.699655","-0.432530","1.046211","-0.525355","-0.388238","-0.285241","-0.508605","-0.156280"
"2019-10-14","14 Oct 2019","0.055697","-0.473828","0.681689","-0.433274","1.031610","-0.508485","-0.391251","-0.288977","-0.496129","-0.161270"
"2019-10-15","15 Oct 2019","0.044396","-0.474428","0.672382","-0.433396","1.026546","-0.511259","-0.392448","-0.293907","-0.497951","-0.169656"
"2019-10-16","16 Oct 2019","0.096202","-0.468096","0.722064","-0.429162","1.077702","-0.493143","-0.382385","-0.266081","-0.485090","-0.127616"
"2019-10-17","17 Oct 2019","0.092347","-0.460092","0.714871","-0.427017","1.071084","-0.477536","-0.383155","-0.268725","-0.472411","-0.130646"
"2019-10-18","18 Oct 2019","0.116876","-0.459419","0.732209","-0.426896","1.086828","-0.471643","-0.379771","-0.255874","-0.468875","-0.110404"
"2019-10-21","21 Oct 2019","0.142995","-0.452806","0.774820","-0.409089","1.138286","-0.479947","-0.356831","-0.230781","-0.471414","-0.085760"
"2019-10-22","22 Oct 2019","0.114661","-0.456302","0.732346","-0.420958","1.085266","-0.473936","-0.373849","-0.253049","-0.468953","-0.110674"
"2019-10-23","23 Oct 2019","0.093804","-0.443783","0.709353","-0.401817","1.067790","-0.475408","-0.356126","-0.247667","-0.464647","-0.118693"
"2019-10-24","24 Oct 2019","0.092016","-0.459076","0.716917","-0.424024","1.072392","-0.480239","-0.380036","-0.267184","-0.473590","-0.130529"
"2019-10-25","25 Oct 2019","0.121349","-0.446640","0.738018","-0.402741","1.097378","-0.476416","-0.352657","-0.234080","-0.466704","-0.097241"
"2019-10-28","28 Oct 2019","0.152831","-0.442478","0.785286","-0.378653","1.161854","-0.498024","-0.319113","-0.196909","-0.478427","-0.062941"
"2019-10-29","29 Oct 2019","0.146549","-0.442581","0.769540","-0.381507","1.124042","-0.496994","-0.324649","-0.205360","-0.477608","-0.071253"
"2019-10-30","30 Oct 2019","0.141248","-0.439416","0.761969","-0.377469","1.117687","-0.495919","-0.321067","-0.204397","-0.475663","-0.073253"
"2019-10-31","31 Oct 2019","0.084580","-0.456728","0.698237","-0.407714","1.046268","-0.500092","-0.360281","-0.253812","-0.484593","-0.127172"
"2019-11-01","01 Nov 2019","0.108675","-0.452541","0.733131","-0.404985","1.083259","-0.492082","-0.356450","-0.244346","-0.478187","-0.111143"
"2019-11-04","04 Nov 2019","0.151294","-0.459773","0.785556","-0.391151","1.120685","-0.530202","-0.333550","-0.215393","-0.504048","-0.077722"
"2019-11-05","05 Nov 2019","0.140794","-0.482102","0.799595","-0.435859","1.164507","-0.513324","-0.382195","-0.252377","-0.503114","-0.100742"
"2019-11-06","06 Nov 2019","0.116898","-0.472268","0.780611","-0.423834","1.177792","-0.508089","-0.371487","-0.250576","-0.496034","-0.110604"
"2019-11-07","07 Nov 2019","0.169802","-0.467659","0.839137","-0.404128","1.241809","-0.518698","-0.341123","-0.207570","-0.501138","-0.061543"
"2019-11-08","08 Nov 2019","0.195930","-0.453271","0.868028","-0.381055","1.278111","-0.514881","-0.313525","-0.177671","-0.493325","-0.032943"
"2019-11-11","11 Nov 2019","0.196759","-0.442506","0.870170","-0.368100","1.287214","-0.508180","-0.300695","-0.168230","-0.484979","-0.027701"
"2019-11-12","12 Nov 2019","0.212934","-0.445298","0.891857","-0.372768","1.305424","-0.506630","-0.304440","-0.166336","-0.485229","-0.019187"
"2019-11-13","13 Nov 2019","0.205377","-0.447235","0.854203","-0.381257","1.239684","-0.498590","-0.314874","-0.175060","-0.481132","-0.025575"
"2019-11-14","14 Nov 2019","0.180135","-0.448849","0.824915","-0.385485","1.212900","-0.498960","-0.322262","-0.188961","-0.481825","-0.045059"
"2019-11-15","15 Nov 2019","0.198784","-0.442539","0.848663","-0.380741","1.234598","-0.489523","-0.317163","-0.180356","-0.473661","-0.031970"
"2019-11-18","18 Nov 2019","0.172129","-0.456040","0.815542","-0.394769","1.200458","-0.503353","-0.332417","-0.199001","-0.487295","-0.054172"
"2019-11-19","19 Nov 2019","0.190478","-0.449663","0.835573","-0.385014","1.221878","-0.500255","-0.320166","-0.183576","-0.483023","-0.037051"
"2019-11-20","20 Nov 2019","0.164936","-0.453159","0.808089","-0.395260","1.194669","-0.496770","-0.335094","-0.204089","-0.482084","-0.060442"
"2019-11-21","21 Nov 2019","0.213669","-0.451421","0.844468","-0.396217","1.213132","-0.484729","-0.331514","-0.183769","-0.474503","-0.024461"
"2019-11-22","22 Nov 2019","0.191491","-0.457172","0.821126","-0.403082","1.195238","-0.490498","-0.340264","-0.197109","-0.480163","-0.042104"
"2019-11-25","25 Nov 2019","0.177469","-0.465098","0.808347","-0.412190","1.184548","-0.497524","-0.350469","-0.209103","-0.487487","-0.055294"
"2019-11-26","26 Nov 2019","0.154112","-0.465694","0.795980","-0.415651","1.189658","-0.496920","-0.357478","-0.223221","-0.487160","-0.074841"
"2019-11-27","27 Nov 2019","0.165907","-0.463273","0.804896","-0.411622","1.193785","-0.495595","-0.351842","-0.214782","-0.485487","-0.064430"
"2019-11-28","28 Nov 2019","0.175009","-0.463253","0.816299","-0.404981","1.213945","-0.503333","-0.341567","-0.202417","-0.490321","-0.053045"
"2019-11-29","29 Nov 2019","0.209792","-0.465860","0.835496","-0.407206","1.199338","-0.502470","-0.339938","-0.189041","-0.491068","-0.028389"
"2019-12-02","02 Dec 2019","0.260920","-0.463016","0.907007","-0.378077","1.279666","-0.532870","-0.297511","-0.138780","-0.508764","0.021761"
"2019-12-03","03 Dec 2019","0.196539","-0.472332","0.864157","-0.393414","1.257680","-0.542515","-0.322203","-0.182591","-0.517652","-0.035360"
"2019-12-04","04 Dec 2019","0.186372","-0.481340","0.843030","-0.405333","1.241320","-0.544853","-0.333676","-0.190988","-0.522803","-0.042622"
"2019-12-05","05 Dec 2019","0.247390","-0.463806","0.902373","-0.373687","1.300701","-0.541372","-0.291976","-0.137424","-0.514258","0.016207"
"2019-12-06","06 Dec 2019","0.238069","-0.474558","0.893422","-0.387420","1.288846","-0.547930","-0.306752","-0.151379","-0.522446","0.004308"
"2019-12-09","09 Dec 2019","0.225841","-0.479002","0.892426","-0.397574","1.272636","-0.549124","-0.322092","-0.172149","-0.524516","-0.015448"
"2019-12-10","10 Dec 2019","0.229815","-0.484723","0.889383","-0.403714","1.282957","-0.549656","-0.325358","-0.168789","-0.527438","-0.009242"
"2019-12-11","11 Dec 2019","0.202147","-0.485955","0.864752","-0.414272","1.260193","-0.541326","-0.342332","-0.192928","-0.522581","-0.036214"
"2019-12-12","12 Dec 2019","0.230679","-0.484498","0.880545","-0.419911","1.246278","-0.527056","-0.347899","-0.188634","-0.513478","-0.019697"
"2019-12-13","13 Dec 2019","0.237258","-0.485203","0.875823","-0.417758","1.247760","-0.528989","-0.342710","-0.179295","-0.515146","-0.009660"
"2019-12-16","16 Dec 2019","0.207650","-0.480674","0.843029","-0.418525","1.221298","-0.520594","-0.348650","-0.194492","-0.508018","-0.032136"
"2019-12-17","17 Dec 2019","0.212348","-0.480698","0.853216","-0.419118","1.233346","-0.519666","-0.349240","-0.194053","-0.507467","-0.030048"
"2019-12-18","18 Dec 2019","0.245625","-0.484804","0.884766","-0.418205","1.251100","-0.526846","-0.342877","-0.177208","-0.513714","-0.004717"
"2019-12-19","19 Dec 2019","0.299527","-0.477281","0.940614","-0.399203","1.304730","-0.529892","-0.314837","-0.136568","-0.513030","0.043468"
"2019-12-20","20 Dec 2019","0.267291","-0.465973","0.916206","-0.393412","1.303645","-0.515573","-0.315370","-0.149630","-0.499569","0.020245"
"2019-12-23","23 Dec 2019","0.261953","-0.474733","0.919452","-0.395108","1.328256","-0.533215","-0.313788","-0.147804","-0.513840","0.019038"
"2019-12-27","27 Dec 2019","0.261575","-0.475604","0.920848","-0.408298","1.307741","-0.518483","-0.332510","-0.166010","-0.505034","0.007796"
"2019-12-30","30 Dec 2019","0.315092","-0.470579","0.960012","-0.381982","1.347156","-0.535648","-0.292097","-0.111680","-0.514118","0.065117"
"2020-01-02","02 Jan 2020","0.287100","-0.450575","0.942911","-0.382420","1.330965","-0.494214","-0.306016","-0.138997","-0.480503","0.034545"
"2020-01-03","03 Jan 2020","0.232231","-0.476240","0.886965","-0.409665","1.292821","-0.520125","-0.336249","-0.177062","-0.506164","-0.011406"
"2020-01-06","06 Jan 2020","0.215562","-0.484408","0.870042","-0.420117","1.275852","-0.526142","-0.348447","-0.191581","-0.512945","-0.027210"
"2020-01-07","07 Jan 2020","0.222176","-0.483920","0.884479","-0.414835","1.308790","-0.531228","-0.340544","-0.182314","-0.515950","-0.018885"
"2020-01-08","08 Jan 2020","0.247370","-0.475359","0.914199","-0.403747","1.337722","-0.524609","-0.327055","-0.164530","-0.508681","0.002427"
"2020-01-09","09 Jan 2020","0.274866","-0.464836","0.938750","-0.392272","1.347635","-0.513899","-0.313759","-0.146507","-0.498140","0.025071"
"2020-01-10","10 Jan 2020","0.257809","-0.469020","0.917440","-0.391592","1.345829","-0.524881","-0.311649","-0.147542","-0.506501","0.017536"
"2020-01-13","13 Jan 2020","0.295063","-0.447013","0.974617","-0.372927","1.404807","-0.498142","-0.293814","-0.126676","-0.481587","0.044522"
"2020-01-14","14 Jan 2020","0.256270","-0.452566","0.932360","-0.375332","1.394603","-0.509951","-0.297198","-0.138754","-0.490866","0.020761"
"2020-01-15","15 Jan 2020","0.239192","-0.452516","0.910137","-0.380316","1.366097","-0.504901","-0.305799","-0.151777","-0.487618","0.005463"
"2020-01-16","16 Jan 2020","0.240405","-0.443016","0.915251","-0.368895","1.387867","-0.498477","-0.294182","-0.142560","-0.479982","0.011061"
"2020-01-17","17 Jan 2020","0.247157","-0.430882","0.909708","-0.353892","1.380408","-0.489942","-0.277966","-0.127109","-0.470087","0.023499"
"2020-01-20","20 Jan 2020","0.214865","-0.422946","0.895889","-0.355023","1.392275","-0.474537","-0.286993","-0.148210","-0.457228","-0.004968"
"2020-01-21","21 Jan 2020","0.205556","-0.414173","0.890683","-0.343689","1.367090","-0.472799","-0.277493","-0.146741","-0.452509","-0.010429"
"2020-01-22","22 Jan 2020","0.175110","-0.416414","0.851882","-0.349057","1.329934","-0.473245","-0.286434","-0.163039","-0.453484","-0.033342"
"2020-01-23","23 Jan 2020","0.161689","-0.430175","0.806360","-0.374643","1.273461","-0.468770","-0.315063","-0.186461","-0.456216","-0.049547"
"2020-01-24","24 Jan 2020","0.119688","-0.429126","0.795296","-0.378991","1.265897","-0.467635","-0.327579","-0.215360","-0.454587","-0.088934"
"2020-01-27","27 Jan 2020","0.051401","-0.456554","0.712854","-0.419288","1.167036","-0.481868","-0.376769","-0.274813","-0.473614","-0.153304"
"2020-01-28","28 Jan 2020","0.059045","-0.462997","0.706940","-0.427141","1.138405","-0.484720","-0.383633","-0.276654","-0.477966","-0.149911"
"2020-01-29","29 Jan 2020","0.057993","-0.473230","0.689454","-0.440641","1.094013","-0.489375","-0.397339","-0.286523","-0.484849","-0.154943"
"2020-01-30","30 Jan 2020","0.027877","-0.474153","0.666742","-0.446152","1.086924","-0.487255","-0.407564","-0.305281","-0.483685","-0.180053"
"2020-01-31","31 Jan 2020","-0.009221","-0.486989","0.641769","-0.456212","1.063059","-0.508627","-0.420280","-0.328467","-0.501401","-0.212123"
"2020-02-03","03 Feb 2020","-0.008229","-0.494707","0.651179","-0.461293","1.079430","-0.519358","-0.423749","-0.330244","-0.511006","-0.212869"
"2020-02-04","04 Feb 2020","0.067145","-0.499706","0.686589","-0.458363","1.083881","-0.522957","-0.407488","-0.285585","-0.516030","-0.147962"
"2020-02-05","05 Feb 2020","0.075815","-0.493580","0.697594","-0.452632","1.094839","-0.516199","-0.401787","-0.279305","-0.509521","-0.140735"
"2020-02-06","06 Feb 2020","0.082257","-0.478198","0.715368","-0.435702","1.134728","-0.503798","-0.385123","-0.265760","-0.495913","-0.130921"
"2020-02-07","07 Feb 2020","0.036842","-0.488923","0.660625","-0.450208","1.084647","-0.512346","-0.403965","-0.293611","-0.505105","-0.166958"
"2020-02-10","10 Feb 2020","0.030134","-0.493093","0.658181","-0.449742","1.098679","-0.522653","-0.401678","-0.292361","-0.513062","-0.169115"
"2020-02-11","11 Feb 2020","0.005096","-0.494724","0.606069","-0.448437","1.121932","-0.526842","-0.398745","-0.291267","-0.516404","-0.176010"
"2020-02-12","12 Feb 2020","0.008198","-0.493441","0.602278","-0.445888","1.112562","-0.526798","-0.395308","-0.286964","-0.515917","-0.171751"
"2020-02-13","13 Feb 2020","0.031088","-0.504654","0.645654","-0.462174","1.075273","-0.530850","-0.412613","-0.297960","-0.522715","-0.170233"
"2020-02-14","14 Feb 2020","0.014604","-0.506930","0.632238","-0.467898","1.066733","-0.530061","-0.421147","-0.310538","-0.522997","-0.185221"
"2020-02-17","17 Feb 2020","0.014768","-0.503104","0.631556","-0.464765","1.065930","-0.525644","-0.418612","-0.308960","-0.518784","-0.184346"
"2020-02-18","18 Feb 2020","0.034057","-0.501842","0.653631","-0.463255","1.059768","-0.523734","-0.415895","-0.302055","-0.517181","-0.172267"
"2020-02-19","19 Feb 2020","0.024851","-0.494969","0.641401","-0.459418","1.048377","-0.514285","-0.414687","-0.305070","-0.508621","-0.178384"
"2020-02-20","20 Feb 2020","-0.002466","-0.501118","0.597398","-0.466073","1.010408","-0.520805","-0.422739","-0.317684","-0.514937","-0.196778"
"2020-02-21","21 Feb 2020","-0.022756","-0.495077","0.561932","-0.463718","0.968224","-0.511864","-0.423866","-0.325187","-0.506975","-0.209908"
"2020-02-24","24 Feb 2020","-0.033119","-0.501687","0.553579","-0.469164","0.980195","-0.520003","-0.428921","-0.330980","-0.514533","-0.217465"
"2020-02-25","25 Feb 2020","-0.028799","-0.501111","0.553346","-0.467204","0.975799","-0.520721","-0.425917","-0.326710","-0.514794","-0.212764"
"2020-02-26","26 Feb 2020","-0.004098","-0.505800","0.583180","-0.463243","1.037324","-0.533502","-0.415366","-0.307729","-0.524710","-0.189738"
"2020-02-27","27 Feb 2020","0.003879","-0.497561","0.590354","-0.454957","1.043891","-0.525321","-0.407061","-0.299454","-0.516508","-0.181555"
"2020-02-28","28 Feb 2020","-0.023186","-0.499080","0.552337","-0.460476","1.002649","-0.523599","-0.416236","-0.315007","-0.515890","-0.202393"
"2020-03-02","02 Mar 2020","-0.009141","-0.503949","0.544903","-0.458048","0.976806","-0.535397","-0.408401","-0.300824","-0.525227","-0.186223"
"2020-03-03","03 Mar 2020","0.011322","-0.501846","0.557724","-0.470998","0.853493","-0.514909","-0.428114","-0.317860","-0.511641","-0.189509"
"2020-03-04","04 Mar 2020","-0.080998","-0.534252","0.493111","-0.517399","0.836548","-0.535246","-0.486273","-0.393535","-0.536156","-0.275855"
"2020-03-05","05 Mar 2020","-0.034091","-0.530993","0.523133","-0.510505","0.803255","-0.533213","-0.474280","-0.369604","-0.533889","-0.240609"
"2020-03-06","06 Mar 2020","-0.084999","-0.519668","0.404330","-0.484339","0.753915","-0.541661","-0.443459","-0.349792","-0.534808","-0.246458"
"2020-03-09","09 Mar 2020","-0.019534","-0.483644","0.423905","-0.450940","0.636346","-0.500259","-0.408963","-0.306889","-0.495581","-0.192694"
"2020-03-10","10 Mar 2020","0.022730","-0.470709","0.448049","-0.430528","0.633756","-0.493882","-0.382400","-0.271505","-0.486923","-0.152359"
"2020-03-11","11 Mar 2020","0.064566","-0.475475","0.451475","-0.452649","0.592784","-0.469629","-0.406224","-0.276802","-0.474235","-0.133251"
"2020-03-12","12 Mar 2020","-0.054033","-0.494468","0.422382","-0.465830","0.715398","-0.508174","-0.427881","-0.333000","-0.504442","-0.224054"
"2020-03-13","13 Mar 2020","0.311977","-0.340202","0.699460","-0.281523","0.862789","-0.368029","-0.208345","-0.046571","-0.360730","0.110572"
"2020-03-16","16 Mar 2020","0.496124","-0.231047","0.884220","-0.090223","1.053866","-0.381160","0.013511","0.174578","-0.325386","0.312788"
"2020-03-17","17 Mar 2020","0.615958","-0.137597","0.939777","0.028446","1.058568","-0.378173","0.126398","0.280133","-0.280752","0.426617"
"2020-03-18","18 Mar 2020","0.710457","-0.132563","1.117429","0.039026","1.319124","-0.298981","0.172000","0.371431","-0.239079","0.524285"
"2020-03-19","19 Mar 2020","0.576355","-0.191087","0.963876","-0.079763","1.109123","-0.318939","0.009718","0.183437","-0.269439","0.355087"
"2020-03-20","20 Mar 2020","0.463639","-0.237647","0.835750","-0.146662","0.971876","-0.364172","-0.076700","0.077375","-0.312321","0.244582"
"2020-03-23","23 Mar 2020","0.474875","-0.247324","0.914230","-0.149914","1.084276","-0.371536","-0.076214","0.075730","-0.322181","0.242311"
"2020-03-24","24 Mar 2020","0.533677","-0.242677","0.969979","-0.146195","1.146131","-0.324623","-0.053966","0.129046","-0.295788","0.304803"
"2020-03-25","25 Mar 2020","0.528630","-0.211923","1.012412","-0.109868","1.208559","-0.333226","-0.031607","0.122781","-0.286109","0.289462"
"2020-03-26","26 Mar 2020","0.420920","-0.334640","0.908276","-0.247659","1.104353","-0.424377","-0.169762","-0.003768","-0.390529","0.173620"
"2020-03-27","27 Mar 2020","0.301458","-0.356663","0.789547","-0.306655","0.979386","-0.426330","-0.259631","-0.124440","-0.397290","0.048377"
"2020-03-30","30 Mar 2020","0.316595","-0.326719","0.804459","-0.267163","0.999967","-0.404270","-0.216153","-0.086418","-0.372904","0.075188"
"2020-03-31","31 Mar 2020","0.378338","-0.303174","0.852248","-0.245089","1.034234","-0.382567","-0.192406","-0.049707","-0.349732","0.126335"
"2020-04-01","01 Apr 2020","0.442422","-0.272573","0.967898","-0.191355","1.183579","-0.370966","-0.125696","0.019665","-0.332301","0.189578"
"2020-04-02","02 Apr 2020","0.443441","-0.266204","0.934131","-0.191137","1.126479","-0.364298","-0.129691","0.016606","-0.324730","0.190983"
"2020-04-03","03 Apr 2020","0.451941","-0.243613","0.928016","-0.169847","1.109973","-0.357544","-0.115123","0.024089","-0.309855","0.198758"
"2020-04-06","06 Apr 2020","0.423833","-0.232172","0.933709","-0.155885","1.197238","-0.292634","-0.081468","0.066768","-0.272012","0.214007"
"2020-04-07","07 Apr 2020","0.496666","-0.221499","0.993373","-0.127725","1.245223","-0.297760","-0.039560","0.126907","-0.271608","0.283280"
"2020-04-08","08 Apr 2020","0.538570","-0.159718","1.024344","-0.071542","1.268894","-0.229893","0.012919","0.174993","-0.205992","0.328637"
"2020-04-09","09 Apr 2020","0.487251","-0.183926","0.984398","-0.108257","1.235318","-0.240602","-0.031776","0.122780","-0.221667","0.274992"
"2020-04-14","14 Apr 2020","0.548968","-0.138312","1.029531","-0.067473","1.210928","-0.266006","-0.020146","0.112429","-0.210976","0.289570"
"2020-04-15","15 Apr 2020","0.538254","-0.082342","0.992255","-0.027505","1.174833","-0.143131","0.025160","0.156309","-0.119374","0.311825"
"2020-04-16","16 Apr 2020","0.532098","-0.104211","0.977670","-0.044782","1.153671","-0.173419","0.010143","0.145143","-0.146067","0.303956"
"2020-04-17","17 Apr 2020","0.521232","-0.129060","0.974026","-0.066446","1.150649","-0.209943","-0.012201","0.123243","-0.177212","0.286236"
"2020-04-20","20 Apr 2020","0.599937","-0.097090","1.042583","0.000954","1.208261","-0.269377","0.057815","0.189595","-0.196122","0.357367"
"2020-04-21","21 Apr 2020","0.616774","-0.115517","1.072869","-0.000965","1.253828","-0.265646","0.077851","0.225748","-0.206088","0.386213"
"2020-04-22","22 Apr 2020","0.715324","-0.067108","1.173662","0.060638","1.350699","-0.243584","0.144952","0.302628","-0.172639","0.473808"
"2020-04-23","23 Apr 2020","0.662697","-0.122743","1.107707","-0.016053","1.273739","-0.273376","0.061397","0.227455","-0.211816","0.412039"
"2020-04-24","24 Apr 2020","0.595153","-0.144284","1.044046","-0.051507","1.213303","-0.277005","0.016849","0.170703","-0.222531","0.348261"
"2020-04-27","27 Apr 2020","0.557140","-0.194510","1.001264","-0.115141","1.173093","-0.269751","-0.037208","0.135461","-0.241796","0.316150"
"2020-04-28","28 Apr 2020","0.519859","-0.244441","0.976706","-0.157349","1.156044","-0.329551","-0.076017","0.097443","-0.297862","0.277454"
"2020-04-29","29 Apr 2020","0.482670","-0.278336","0.942619","-0.196617","1.124940","-0.350753","-0.115547","0.059778","-0.324565","0.240410"
"2020-04-30","30 Apr 2020","0.390546","-0.283338","0.883296","-0.202470","1.164538","-0.343275","-0.121593","0.036714","-0.323407","0.186622"
"2020-05-04","04 May 2020","0.477367","-0.307902","0.986211","-0.245539","1.087360","-0.338846","-0.166385","0.018420","-0.330329","0.211647"
"2020-05-05","05 May 2020","0.497106","-0.309003","1.002055","-0.240835","1.099202","-0.345344","-0.157198","0.033554","-0.334918","0.229892"
"2020-05-06","06 May 2020","0.550720","-0.289843","1.061956","-0.215028","1.158036","-0.331852","-0.125672","0.074168","-0.319468","0.277077"
"2020-05-07","07 May 2020","0.547159","-0.286533","1.067404","-0.205485","1.198261","-0.336821","-0.113806","0.083942","-0.321270","0.281182"
"2020-05-08","08 May 2020","0.505941","-0.317126","1.030231","-0.253471","1.121841","-0.347223","-0.171125","0.023037","-0.339196","0.226663"
"2020-05-11","11 May 2020","0.456225","-0.328683","0.944124","-0.226499","1.176113","-0.406520","-0.127007","0.061281","-0.380495","0.232770"
"2020-05-12","12 May 2020","0.476388","-0.348196","0.947923","-0.241935","1.167174","-0.426612","-0.136427","0.064760","-0.400710","0.246231"
"2020-05-13","13 May 2020","0.472594","-0.360428","0.924487","-0.275463","1.057993","-0.411571","-0.179006","0.025249","-0.396036","0.221406"
"2020-05-14","14 May 2020","0.343572","-0.317843","0.869215","-0.254981","1.147693","-0.357564","-0.184371","-0.031445","-0.345173","0.124178"
"2020-05-15","15 May 2020","0.339734","-0.294342","0.856417","-0.237297","1.133444","-0.328628","-0.171287","-0.025156","-0.318168","0.125621"
"2020-05-18","18 May 2020","0.350997","-0.320934","0.902447","-0.242389","1.170615","-0.392770","-0.171105","-0.027563","-0.366965","0.124015"
"2020-05-19","19 May 2020","0.313457","-0.348457","0.865428","-0.272212","1.166175","-0.409447","-0.198270","-0.050796","-0.388582","0.097472"
"2020-05-20","20 May 2020","0.306779","-0.346904","0.856271","-0.270469","1.157709","-0.408951","-0.197184","-0.052088","-0.387622","0.093654"
"2020-05-21","21 May 2020","0.292535","-0.352089","0.842952","-0.279063","1.144868","-0.410538","-0.208041","-0.065340","-0.390526","0.079546"
"2020-05-22","22 May 2020","0.294947","-0.360109","0.851351","-0.290507","1.151822","-0.413011","-0.219997","-0.074057","-0.395202","0.075730"
"2020-05-25","25 May 2020","0.304736","-0.370368","0.833332","-0.291733","1.077147","-0.444854","-0.221099","-0.077064","-0.417738","0.076641"
"2020-05-26","26 May 2020","0.292778","-0.345274","0.857678","-0.260615","1.141273","-0.433154","-0.192477","-0.063826","-0.400529","0.074648"
"2020-05-27","27 May 2020","0.282916","-0.353865","0.850880","-0.288197","1.109781","-0.425825","-0.232018","-0.106600","-0.398356","0.043996"
"2020-05-28","28 May 2020","0.234271","-0.377722","0.809947","-0.337814","1.069161","-0.414104","-0.292685","-0.169471","-0.400507","-0.012982"
"2020-05-29","29 May 2020","0.188928","-0.381846","0.769788","-0.340783","1.058212","-0.415111","-0.295207","-0.180014","-0.403335","-0.038655"
"2020-06-01","01 Jun 2020","0.226114","-0.385843","0.817813","-0.337115","1.086659","-0.439898","-0.291436","-0.173891","-0.418938","-0.021529"
"2020-06-02","02 Jun 2020","0.204525","-0.409533","0.801758","-0.349313","1.081776","-0.477889","-0.298672","-0.182248","-0.451557","-0.036031"
"2020-06-03","03 Jun 2020","0.243316","-0.397395","0.835070","-0.323563","1.136238","-0.468910","-0.259067","-0.128418","-0.442780","0.015852"
"2020-06-04","04 Jun 2020","0.246590","-0.414703","0.848310","-0.354258","1.122001","-0.478561","-0.298945","-0.167969","-0.454277","-0.007688"
"2020-06-05","05 Jun 2020","0.246542","-0.397760","0.874584","-0.339135","1.167501","-0.462826","-0.287559","-0.164450","-0.437810","-0.008639"
"2020-06-08","08 Jun 2020","0.217496","-0.407864","0.849182","-0.356048","1.145156","-0.465431","-0.308930","-0.190760","-0.443203","-0.037051"
"2020-06-09","09 Jun 2020","0.217400","-0.400150","0.833512","-0.344105","1.134770","-0.456109","-0.292118","-0.171318","-0.435243","-0.023612"
"2020-06-10","10 Jun 2020","0.290464","-0.378406","0.876480","-0.318345","1.158021","-0.426906","-0.255731","-0.113123","-0.409980","0.047112"
"2020-06-11","11 Jun 2020","0.205390","-0.386767","0.790956","-0.333642","1.073207","-0.440687","-0.284468","-0.168926","-0.420463","-0.026582"
"2020-06-12","12 Jun 2020","0.183911","-0.398295","0.773392","-0.352041","1.057302","-0.443522","-0.306377","-0.192832","-0.426625","-0.049880"
"2020-06-15","15 Jun 2020","0.151283","-0.408763","0.752758","-0.356732","1.093028","-0.452546","-0.305267","-0.191585","-0.437168","-0.060959"
"2020-06-16","16 Jun 2020","0.149025","-0.427374","0.761191","-0.383526","1.098789","-0.458467","-0.333891","-0.214654","-0.448100","-0.074858"
"2020-06-17","17 Jun 2020","0.133985","-0.423030","0.739535","-0.379208","1.077496","-0.455963","-0.331295","-0.217561","-0.444757","-0.083439"
"2020-06-18","18 Jun 2020","0.126482","-0.429494","0.700370","-0.386860","1.022719","-0.457333","-0.337261","-0.219396","-0.448391","-0.084745"
"2020-06-19","19 Jun 2020","0.109767","-0.443270","0.687886","-0.405043","1.003336","-0.466877","-0.358305","-0.242181","-0.459419","-0.105886"
"2020-06-22","22 Jun 2020","0.063956","-0.453117","0.651522","-0.410631","0.958880","-0.495112","-0.370384","-0.273086","-0.479481","-0.148626"
"2020-06-23","23 Jun 2020","0.089919","-0.458315","0.683125","-0.406287","1.000926","-0.507799","-0.358238","-0.251395","-0.489715","-0.123368"
"2020-06-24","24 Jun 2020","0.093766","-0.462893","0.686805","-0.422262","0.996833","-0.494597","-0.377141","-0.265044","-0.483569","-0.128469"
"2020-06-25","25 Jun 2020","0.093467","-0.473205","0.657869","-0.435024","0.920268","-0.509502","-0.393774","-0.282501","-0.495863","-0.138979"
"2020-06-26","26 Jun 2020","0.058079","-0.471852","0.640023","-0.442051","0.939565","-0.491343","-0.403478","-0.297312","-0.484857","-0.162593"
"2020-06-29","29 Jun 2020","0.066135","-0.454654","0.652152","-0.416438","0.963723","-0.487048","-0.375757","-0.274145","-0.475471","-0.146811"
"2020-06-30","30 Jun 2020","0.071903","-0.472561","0.627457","-0.450750","0.904619","-0.475513","-0.411471","-0.295425","-0.475883","-0.152041"
"2020-07-01","01 Jul 2020","0.140320","-0.467215","0.705475","-0.430012","0.971891","-0.489772","-0.381347","-0.252288","-0.482524","-0.097620"
"2020-07-02","02 Jul 2020","0.086275","-0.461469","0.658783","-0.422026","0.957433","-0.490587","-0.377021","-0.265137","-0.480655","-0.130423"
"2020-07-03","03 Jul 2020","0.075616","-0.451501","0.650852","-0.410783","0.956452","-0.485421","-0.367766","-0.263179","-0.473405","-0.135270"
"2020-07-06","06 Jul 2020","0.070672","-0.466634","0.654881","-0.421040","0.969122","-0.506416","-0.375381","-0.268981","-0.492189","-0.140856"
"2020-07-07","07 Jul 2020","0.053968","-0.466054","0.625951","-0.421578","0.935241","-0.505444","-0.377538","-0.275211","-0.491299","-0.151486"
"2020-07-08","08 Jul 2020","0.041407","-0.460127","0.609893","-0.420019","0.905875","-0.499348","-0.381387","-0.286777","-0.484771","-0.165418"
"2020-07-09","09 Jul 2020","0.031886","-0.463009","0.600497","-0.424790","0.896923","-0.500380","-0.387552","-0.294730","-0.486468","-0.174327"
"2020-07-10","10 Jul 2020","0.012028","-0.445588","0.574120","-0.402733","0.875371","-0.494510","-0.367891","-0.287845","-0.475740","-0.180789"
"2020-07-13","13 Jul 2020","0.065016","-0.449055","0.632590","-0.405585","0.940847","-0.487086","-0.362144","-0.260827","-0.473476","-0.138337"
"2020-07-14","14 Jul 2020","0.036702","-0.450096","0.594156","-0.414010","0.892811","-0.481483","-0.376263","-0.282224","-0.470186","-0.163532"
"2020-07-15","15 Jul 2020","0.038044","-0.454477","0.597252","-0.419942","0.895045","-0.482991","-0.382187","-0.286132","-0.472860","-0.164939"
"2020-07-16","16 Jul 2020","0.014831","-0.454538","0.577370","-0.417286","0.896352","-0.487158","-0.379661","-0.289570","-0.475465","-0.177240"
"2020-07-17","17 Jul 2020","-0.015675","-0.463443","0.601311","-0.438259","0.952512","-0.486474","-0.410405","-0.331091","-0.477949","-0.219156"
"2020-07-20","20 Jul 2020","-0.012900","-0.470534","0.567695","-0.455116","0.843285","-0.493735","-0.436623","-0.360552","-0.483767","-0.236436"
"2020-07-21","21 Jul 2020","-0.011713","-0.470159","0.571936","-0.454801","0.846830","-0.495341","-0.437261","-0.362299","-0.484402","-0.237524"
"2020-07-22","22 Jul 2020","-0.038231","-0.481842","0.539183","-0.474345","0.807410","-0.498630","-0.461487","-0.389826","-0.490736","-0.264832"
"2020-07-23","23 Jul 2020","-0.035416","-0.478373","0.525655","-0.467971","0.786851","-0.496571","-0.452614","-0.379170","-0.488370","-0.256089"
"2020-07-24","24 Jul 2020","0.000370","-0.478963","0.559139","-0.462532","0.815111","-0.501306","-0.441072","-0.356832","-0.491776","-0.226077"
"2020-07-27","27 Jul 2020","-0.007850","-0.474557","0.521608","-0.454742","0.790266","-0.484797","-0.424407","-0.332095","-0.481601","-0.210000"
"2020-07-28","28 Jul 2020","-0.039434","-0.478911","0.509533","-0.466730","0.773566","-0.492419","-0.447472","-0.370473","-0.486739","-0.250702"
"2020-07-29","29 Jul 2020","-0.039944","-0.476235","0.527427","-0.465822","0.801024","-0.490407","-0.449121","-0.375560","-0.484202","-0.255705"
"2020-07-30","30 Jul 2020","-0.079249","-0.483915","0.480963","-0.480988","0.752429","-0.490635","-0.469907","-0.404258","-0.487132","-0.289735"
"2020-07-31","31 Jul 2020","-0.044721","-0.477489","0.516244","-0.467451","0.776548","-0.498559","-0.454259","-0.385192","-0.488945","-0.264481"
"2020-08-03","03 Aug 2020","-0.000643","-0.494944","0.527303","-0.474434","0.768387","-0.514392","-0.446309","-0.352272","-0.506732","-0.219872"
"2020-08-04","04 Aug 2020","-0.103084","-0.502491","0.445618","-0.487992","0.725944","-0.520499","-0.470434","-0.404499","-0.513084","-0.298685"
"2020-08-05","05 Aug 2020","-0.064778","-0.496404","0.479734","-0.477515","0.764349","-0.511541","-0.452369","-0.373194","-0.505985","-0.261059"
"2020-08-06","06 Aug 2020","-0.097563","-0.500681","0.446499","-0.486141","0.728247","-0.515582","-0.466790","-0.397615","-0.509657","-0.291136"
"2020-08-07","07 Aug 2020","-0.099046","-0.500089","0.462174","-0.487070","0.761342","-0.512121","-0.468220","-0.399572","-0.507403","-0.293517"
"2020-08-10","10 Aug 2020","-0.112637","-0.501011","0.447564","-0.489668","0.747698","-0.512243","-0.472765","-0.407827","-0.507728","-0.304606"
"2020-08-11","11 Aug 2020","-0.057316","-0.495948","0.486866","-0.477864","0.765079","-0.510572","-0.453004","-0.372465","-0.505137","-0.257517"
"2020-08-12","12 Aug 2020","-0.047745","-0.493765","0.499270","-0.475967","0.777731","-0.507219","-0.450533","-0.367810","-0.502291","-0.250555"
"2020-08-13","13 Aug 2020","0.010880","-0.478987","0.554247","-0.452874","0.833821","-0.495418","-0.418027","-0.320201","-0.490005","-0.194947"
"2020-08-14","14 Aug 2020","0.006691","-0.484470","0.550506","-0.458874","0.826624","-0.501108","-0.424638","-0.327121","-0.495525","-0.201009"
"2020-08-17","17 Aug 2020","-0.008455","-0.499347","0.539223","-0.483630","0.804873","-0.505268","-0.454634","-0.357752","-0.503564","-0.225845"
"2020-08-18","18 Aug 2020","-0.017895","-0.507485","0.521501","-0.494949","0.772689","-0.512689","-0.468803","-0.373470","-0.510898","-0.239243"
"2020-08-19","19 Aug 2020","-0.039099","-0.511982","0.502833","-0.503542","0.756455","-0.513830","-0.480882","-0.390549","-0.513174","-0.259072"
"2020-08-20","20 Aug 2020","-0.065390","-0.515374","0.468433","-0.512616","0.718881","-0.510966","-0.493845","-0.408724","-0.512646","-0.280987"
"2020-08-21","21 Aug 2020","-0.056475","-0.509315","0.486289","-0.504473","0.742433","-0.508612","-0.485306","-0.400866","-0.508779","-0.273422"
"2020-08-24","24 Aug 2020","-0.034931","-0.508421","0.472029","-0.506071","0.691096","-0.508045","-0.487588","-0.396636","-0.507555","-0.259223"
"2020-08-25","25 Aug 2020","0.019433","-0.495033","0.543800","-0.481328","0.778493","-0.499933","-0.452293","-0.348706","-0.498334","-0.207019"
"2020-08-26","26 Aug 2020","0.025087","-0.493311","0.552239","-0.475908","0.784981","-0.507606","-0.447195","-0.345666","-0.501927","-0.203869"
"2020-08-27","27 Aug 2020","0.043818","-0.509935","0.558299","-0.482302","0.797182","-0.521517","-0.440153","-0.321222","-0.518417","-0.176851"
"2020-08-28","28 Aug 2020","0.042431","-0.517013","0.572135","-0.484653","0.830901","-0.532306","-0.439283","-0.318664","-0.528036","-0.176010"
"2020-08-31","31 Aug 2020","0.065583","-0.511505","0.590666","-0.475019","0.845287","-0.529924","-0.425952","-0.299836","-0.524629","-0.154146"
"2020-09-01","01 Sep 2020","0.060533","-0.518103","0.588886","-0.483747","0.844211","-0.533505","-0.435422","-0.308704","-0.529385","-0.161452"
"2020-09-02","02 Sep 2020","-0.014946","-0.527405","0.509596","-0.505408","0.775411","-0.531598","-0.467578","-0.358179","-0.531456","-0.224172"
"2020-09-03","03 Sep 2020","-0.050395","-0.529520","0.469843","-0.507519","0.732013","-0.540140","-0.474365","-0.377191","-0.537000","-0.252571"
"2020-09-04","04 Sep 2020","-0.025985","-0.528279","0.502609","-0.495206","0.771687","-0.552523","-0.456085","-0.354511","-0.544202","-0.229042"
"2020-09-07","07 Sep 2020","-0.008429","-0.514688","0.540376","-0.483414","0.814167","-0.540172","-0.446902","-0.347699","-0.531027","-0.219774"
"2020-09-08","08 Sep 2020","-0.044506","-0.518157","0.526925","-0.489700","0.850580","-0.537348","-0.454647","-0.361521","-0.530972","-0.243447"
"2020-09-09","09 Sep 2020","-0.021863","-0.516150","0.548881","-0.484560","0.870310","-0.536920","-0.446009","-0.346573","-0.530129","-0.224088"
"2020-09-10","10 Sep 2020","0.002180","-0.516185","0.566153","-0.480826","0.878852","-0.538907","-0.438072","-0.331033","-0.531590","-0.203337"
"2020-09-11","11 Sep 2020","-0.022559","-0.515829","0.541311","-0.485351","0.857188","-0.534699","-0.447003","-0.347047","-0.528675","-0.224177"
"2020-09-14","14 Sep 2020","-0.051421","-0.521335","0.499514","-0.505183","0.809594","-0.520872","-0.473310","-0.375959","-0.522345","-0.252268"
"2020-09-15","15 Sep 2020","-0.042820","-0.520244","0.510464","-0.501414","0.822816","-0.522685","-0.467817","-0.368677","-0.523087","-0.244245"
"2020-09-16","16 Sep 2020","-0.070503","-0.529689","0.484141","-0.518793","0.795514","-0.523482","-0.490202","-0.395769","-0.527073","-0.272456"
"2020-09-17","17 Sep 2020","-0.065074","-0.537267","0.482272","-0.516347","0.793434","-0.542819","-0.482224","-0.384499","-0.542004","-0.262690"
"2020-09-18","18 Sep 2020","-0.051223","-0.535270","0.486034","-0.520332","0.778690","-0.530950","-0.487073","-0.384163","-0.534071","-0.255373"
"2020-09-21","21 Sep 2020","-0.074108","-0.535239","0.459378","-0.522477","0.754600","-0.530248","-0.492170","-0.395675","-0.533472","-0.272496"
"2020-09-22","22 Sep 2020","-0.061935","-0.542030","0.463630","-0.525733","0.749316","-0.539378","-0.491893","-0.389433","-0.541873","-0.262399"
"2020-09-23","23 Sep 2020","-0.065941","-0.545549","0.456187","-0.535886","0.732245","-0.533842","-0.504628","-0.401227","-0.539837","-0.270643"
"2020-09-24","24 Sep 2020","-0.070461","-0.536137","0.444883","-0.524583","0.722105","-0.528125","-0.493670","-0.394212","-0.532619","-0.268738"
"2020-09-25","25 Sep 2020","-0.074904","-0.525755","0.433683","-0.512826","0.711867","-0.520842","-0.482551","-0.387247","-0.524057","-0.266867"
"2020-09-28","28 Sep 2020","-0.076443","-0.541386","0.447408","-0.514233","0.716728","-0.562016","-0.481248","-0.390442","-0.554770","-0.272732"
"2020-09-29","29 Sep 2020","-0.086528","-0.541122","0.432194","-0.519727","0.697578","-0.554188","-0.489519","-0.400225","-0.549861","-0.282482"
"2020-09-30","30 Sep 2020","-0.078871","-0.540498","0.438917","-0.514165","0.708025","-0.558680","-0.480898","-0.389480","-0.552510","-0.272475"
"2020-10-01","01 Oct 2020","-0.053606","-0.537962","0.458172","-0.515413","0.708367","-0.550134","-0.482101","-0.383926","-0.546294","-0.257551"
"2020-10-02","02 Oct 2020","-0.077141","-0.551609","0.434978","-0.536253","0.676148","-0.558505","-0.508352","-0.414361","-0.556290","-0.286291"
"2020-10-05","05 Oct 2020","-0.062321","-0.553446","0.450087","-0.534975","0.691328","-0.561828","-0.503765","-0.404473","-0.559257","-0.273318"
"2020-10-06","06 Oct 2020","-0.074664","-0.561450","0.439652","-0.540969","0.683536","-0.573704","-0.509761","-0.412675","-0.569544","-0.283852"
"2020-10-07","07 Oct 2020","-0.045727","-0.558174","0.472752","-0.540330","0.705879","-0.568865","-0.509790","-0.407144","-0.565016","-0.268207"
"2020-10-08","08 Oct 2020","-0.081503","-0.571580","0.436297","-0.550417","0.679369","-0.586333","-0.519569","-0.422928","-0.581046","-0.293181"
"2020-10-09","09 Oct 2020","-0.112831","-0.583129","0.399104","-0.566219","0.637613","-0.595403","-0.539429","-0.448656","-0.590803","-0.322101"
"2020-10-12","12 Oct 2020","-0.124571","-0.588107","0.382383","-0.574793","0.617792","-0.595279","-0.549549","-0.459462","-0.592685","-0.333013"
"2020-10-13","13 Oct 2020","-0.135360","-0.598334","0.368468","-0.573861","0.607309","-0.621434","-0.544656","-0.456804","-0.612621","-0.336473"
"2020-10-14","14 Oct 2020","-0.153382","-0.605112","0.350417","-0.583104","0.585554","-0.629293","-0.557436","-0.474569","-0.619658","-0.355569"
"2020-10-15","15 Oct 2020","-0.162791","-0.593575","0.336991","-0.567624","0.579418","-0.622993","-0.541401","-0.464191","-0.611422","-0.354089"
"2020-10-16","16 Oct 2020","-0.180695","-0.601375","0.324842","-0.591151","0.561866","-0.612150","-0.572830","-0.497523","-0.607535","-0.381560"
"2020-10-19","19 Oct 2020","-0.154549","-0.600473","0.358305","-0.582343","0.592971","-0.625085","-0.561147","-0.482784","-0.614738","-0.362531"
"2020-10-20","20 Oct 2020","-0.127991","-0.598428","0.371096","-0.583426","0.585767","-0.622495","-0.563176","-0.478162","-0.611828","-0.346930"
"2020-10-21","21 Oct 2020","-0.101956","-0.597322","0.400621","-0.576900","0.619595","-0.621117","-0.550102","-0.456098","-0.611264","-0.321563"
"2020-10-22","22 Oct 2020","-0.090509","-0.602676","0.408907","-0.574779","0.627798","-0.633107","-0.542655","-0.443578","-0.620992","-0.308417"
"2020-10-23","23 Oct 2020","-0.084697","-0.602430","0.415723","-0.576612","0.633759","-0.629058","-0.544555","-0.443173","-0.618487","-0.305285"
"2020-10-26","26 Oct 2020","-0.099230","-0.606222","0.391069","-0.585222","0.611550","-0.617739","-0.551705","-0.447250","-0.613900","-0.311788"
"2020-10-27","27 Oct 2020","-0.129745","-0.611622","0.358044","-0.599049","0.575748","-0.615471","-0.571721","-0.474218","-0.614292","-0.341347"
"2020-10-28","28 Oct 2020","-0.120168","-0.608960","0.365599","-0.593316","0.577049","-0.621409","-0.566285","-0.469561","-0.616426","-0.335101"
"2020-10-29","29 Oct 2020","-0.141100","-0.618856","0.347303","-0.611432","0.556087","-0.624623","-0.590037","-0.497031","-0.621788","-0.360667"
"2020-10-30","30 Oct 2020","-0.144358","-0.618059","0.341167","-0.612194","0.549432","-0.620305","-0.590982","-0.497930","-0.618987","-0.362252"
"2020-11-02","02 Nov 2020","-0.144592","-0.619546","0.342010","-0.617744","0.546226","-0.620528","-0.599689","-0.507382","-0.619231","-0.368105"
"2020-11-03","03 Nov 2020","-0.146808","-0.622564","0.333433","-0.621085","0.534828","-0.620839","-0.602029","-0.507914","-0.620809","-0.368514"
"2020-11-04","04 Nov 2020","-0.199594","-0.622972","0.301612","-0.628744","0.533160","-0.606260","-0.613732","-0.531506","-0.612801","-0.406910"
"2020-11-05","05 Nov 2020","-0.173228","-0.629217","0.311665","-0.632542","0.532001","-0.607860","-0.610992","-0.515251","-0.616851","-0.382670"
"2020-11-06","06 Nov 2020","-0.167727","-0.624947","0.321493","-0.629873","0.543458","-0.601565","-0.609018","-0.513059","-0.611323","-0.379280"
"2020-11-09","09 Nov 2020","-0.100023","-0.606707","0.409265","-0.600380","0.646466","-0.591513","-0.569709","-0.460047","-0.598674","-0.318516"
"2020-11-10","10 Nov 2020","-0.076968","-0.597229","0.447860","-0.582590","0.696697","-0.593677","-0.548437","-0.437825","-0.596288","-0.296852"
"2020-11-11","11 Nov 2020","-0.108826","-0.602011","0.411679","-0.588936","0.663751","-0.598806","-0.557794","-0.454844","-0.601122","-0.321123"
"2020-11-12","12 Nov 2020","-0.127031","-0.602055","0.384406","-0.594765","0.631390","-0.591994","-0.567083","-0.467803","-0.596905","-0.336300"
"2020-11-13","13 Nov 2020","-0.134786","-0.614204","0.357461","-0.610571","0.590080","-0.596190","-0.582390","-0.478509","-0.604423","-0.343656"
"2020-11-16","16 Nov 2020","-0.158098","-0.608502","0.349869","-0.607817","0.596253","-0.591764","-0.584919","-0.491886","-0.599100","-0.364119"
"2020-11-17","17 Nov 2020","-0.175076","-0.607614","0.328977","-0.605294","0.567495","-0.599837","-0.585799","-0.501530","-0.603112","-0.378963"
"2020-11-18","18 Nov 2020","-0.167586","-0.612023","0.337192","-0.606577","0.576108","-0.606914","-0.584558","-0.496907","-0.609276","-0.372568"
"2020-11-19","19 Nov 2020","-0.178412","-0.611778","0.322500","-0.605289","0.561537","-0.609314","-0.583928","-0.499716","-0.610568","-0.379175"
"2020-11-20","20 Nov 2020","-0.186513","-0.617767","0.321272","-0.615827","0.563678","-0.609143","-0.596446","-0.512442","-0.612785","-0.390250"
"2020-11-23","23 Nov 2020","-0.185036","-0.619550","0.331507","-0.617464","0.578949","-0.611502","-0.598175","-0.514123","-0.614886","-0.391120"
"2020-11-24","24 Nov 2020","-0.188951","-0.620417","0.327362","-0.619721","0.574575","-0.610717","-0.601229","-0.517844","-0.614724","-0.395002"
"2020-11-25","25 Nov 2020","-0.192137","-0.618946","0.322534","-0.618095","0.569425","-0.610069","-0.600033","-0.518108","-0.613712","-0.396687"
"2020-11-26","26 Nov 2020","-0.199173","-0.622814","0.312075","-0.623758","0.559107","-0.610125","-0.605840","-0.523341","-0.615379","-0.402139"
"2020-11-27","27 Nov 2020","-0.197529","-0.628151","0.313342","-0.628048","0.555326","-0.618101","-0.609958","-0.526662","-0.622194","-0.403520"
"2020-11-30","30 Nov 2020","-0.193246","-0.626858","0.320091","-0.623370","0.564135","-0.621891","-0.604090","-0.521030","-0.623970","-0.398762"
"2020-12-01","01 Dec 2020","-0.147712","-0.617221","0.368224","-0.603357","0.606470","-0.626619","-0.578416","-0.488304","-0.623009","-0.360157"
"2020-12-02","02 Dec 2020","-0.133261","-0.616573","0.386469","-0.604460","0.633914","-0.615711","-0.575915","-0.477578","-0.616800","-0.345757"
"2020-12-03","03 Dec 2020","-0.172419","-0.623453","0.344495","-0.608753","0.600223","-0.629278","-0.582218","-0.493986","-0.627577","-0.373292"
"2020-12-04","04 Dec 2020","-0.176493","-0.635965","0.346825","-0.609649","0.601682","-0.662678","-0.580739","-0.495883","-0.652401","-0.378014"
"2020-12-07","07 Dec 2020","-0.198504","-0.641963","0.323436","-0.620190","0.579194","-0.663528","-0.594283","-0.513220","-0.655187","-0.397769"
"2020-12-08","08 Dec 2020","-0.237726","-0.647925","0.290581","-0.629169","0.565053","-0.665733","-0.606254","-0.533296","-0.658920","-0.427006"
"2020-12-09","09 Dec 2020","-0.233816","-0.650613","0.297415","-0.635248","0.572931","-0.662005","-0.612498","-0.536372","-0.657825","-0.426517"
"2020-12-10","10 Dec 2020","-0.231738","-0.646889","0.293654","-0.627915","0.558545","-0.667016","-0.605635","-0.532743","-0.659094","-0.424500"
"2020-12-11","11 Dec 2020","-0.263958","-0.655740","0.260313","-0.644213","0.521157","-0.670120","-0.628011","-0.562396","-0.664061","-0.456659"
"2020-12-14","14 Dec 2020","-0.236059","-0.654545","0.287422","-0.643360","0.529645","-0.674033","-0.628405","-0.559045","-0.665343","-0.443227"
"2020-12-15","15 Dec 2020","-0.263670","-0.658970","0.261724","-0.646454","0.528459","-0.671771","-0.628320","-0.560185","-0.666596","-0.454485"
"2020-12-16","16 Dec 2020","-0.209105","-0.647311","0.310890","-0.637723","0.570275","-0.646973","-0.614193","-0.528932","-0.647616","-0.409472"
"2020-12-17","17 Dec 2020","-0.216363","-0.654944","0.294397","-0.654846","0.524163","-0.651735","-0.639411","-0.557899","-0.652468","-0.430685"
"2020-12-18","18 Dec 2020","-0.197554","-0.644682","0.330905","-0.641532","0.577329","-0.641652","-0.623050","-0.538873","-0.642718","-0.411949"
"2020-12-21","21 Dec 2020","-0.186162","-0.649486","0.333190","-0.631259","0.567511","-0.674081","-0.609117","-0.526523","-0.663697","-0.400874"
"2020-12-22","22 Dec 2020","-0.190351","-0.643971","0.342442","-0.623053","0.603067","-0.663766","-0.596859","-0.513395","-0.656147","-0.394607"
"2020-12-23","23 Dec 2020","-0.145596","-0.640127","0.372160","-0.617756","0.606818","-0.662166","-0.588738","-0.494294","-0.653482","-0.362545"
"2020-12-28","28 Dec 2020","-0.161683","-0.648583","0.353910","-0.624666","0.591922","-0.671265","-0.594797","-0.501709","-0.662510","-0.373561"
"2020-12-29","29 Dec 2020","-0.185735","-0.649494","0.315818","-0.626244","0.538301","-0.682903","-0.602649","-0.520534","-0.668883","-0.396573"
"2020-12-30","30 Dec 2020","-0.194407","-0.647056","0.306026","-0.627357","0.530227","-0.674326","-0.605164","-0.524681","-0.662851","-0.402630"
"2021-01-04","04 Jan 2021","-0.191696","-0.618628","0.329490","-0.623338","0.585815","-0.598600","-0.605779","-0.520934","-0.606901","-0.397296"
"2021-01-05","05 Jan 2021","-0.195493","-0.610676","0.301786","-0.607158","0.535371","-0.609113","-0.590082","-0.512676","-0.609585","-0.395237"
"2021-01-06","06 Jan 2021","-0.201537","-0.600989","0.325258","-0.593647","0.579668","-0.611325","-0.579471","-0.512389","-0.606637","-0.401570"
"2021-01-07","07 Jan 2021","-0.194542","-0.606361","0.318360","-0.596959","0.570860","-0.612033","-0.577672","-0.502489","-0.609824","-0.389988"
"2021-01-08","08 Jan 2021","-0.232737","-0.604013","0.295053","-0.603920","0.565372","-0.600648","-0.592112","-0.528436","-0.601717","-0.423536"
"2021-01-11","11 Jan 2021","-0.200358","-0.591152","0.335294","-0.583261","0.606410","-0.599204","-0.568014","-0.501793","-0.595737","-0.394952"
"2021-01-12","12 Jan 2021","-0.170956","-0.568191","0.381475","-0.558267","0.663851","-0.579578","-0.542436","-0.476232","-0.574768","-0.368769"
"2021-01-13","13 Jan 2021","-0.197921","-0.566232","0.345539","-0.562207","0.626253","-0.571448","-0.550795","-0.491395","-0.568920","-0.389390"
"2021-01-14","14 Jan 2021","-0.222982","-0.560494","0.324584","-0.562732","0.611621","-0.560789","-0.556992","-0.506621","-0.559911","-0.410474"
"2021-01-15","15 Jan 2021","-0.213997","-0.571541","0.336084","-0.573481","0.621880","-0.569380","-0.565334","-0.508438","-0.569667","-0.406638"
"2021-01-18","18 Jan 2021","-0.150448","-0.571222","0.368571","-0.564342","0.615385","-0.576441","-0.547067","-0.471426","-0.574088","-0.354173"
"2021-01-19","19 Jan 2021","-0.151561","-0.576720","0.366980","-0.571385","0.613071","-0.578353","-0.553791","-0.475890","-0.577516","-0.356663"
"2021-01-20","20 Jan 2021","-0.162327","-0.573973","0.353986","-0.569925","0.599671","-0.575875","-0.554402","-0.480747","-0.574776","-0.364698"
"2021-01-21","21 Jan 2021","-0.122838","-0.566946","0.397380","-0.563739","0.633985","-0.567891","-0.546969","-0.465153","-0.567026","-0.338154"
"2021-01-22","22 Jan 2021","-0.121769","-0.552335","0.408798","-0.547279","0.656820","-0.557089","-0.531306","-0.454735","-0.554693","-0.333183"
"2021-01-25","25 Jan 2021","-0.192443","-0.563206","0.356517","-0.562444","0.631977","-0.567028","-0.553720","-0.495494","-0.564739","-0.390426"
"2021-01-26","26 Jan 2021","-0.185471","-0.568765","0.363958","-0.571874","0.630113","-0.568459","-0.564552","-0.503304","-0.567606","-0.391809"
"2021-01-27","27 Jan 2021","-0.190828","-0.578147","0.360920","-0.588478","0.628649","-0.564341","-0.582072","-0.516594","-0.569050","-0.400641"
"2021-01-28","28 Jan 2021","-0.177002","-0.580196","0.376265","-0.589323","0.647371","-0.563540","-0.579584","-0.507678","-0.569740","-0.388229"
"2021-01-29","29 Jan 2021","-0.155558","-0.575956","0.407426","-0.581188","0.674222","-0.569004","-0.571288","-0.498947","-0.570977","-0.375421"
"2021-02-01","01 Feb 2021","-0.155678","-0.580429","0.403537","-0.585305","0.673383","-0.569261","-0.572822","-0.496437","-0.573309","-0.372589"
"2021-02-02","02 Feb 2021","-0.135441","-0.575204","0.424542","-0.575800","0.694305","-0.568245","-0.560181","-0.479815","-0.570778","-0.353833"
"2021-02-03","03 Feb 2021","-0.131399","-0.580893","0.427192","-0.577805","0.707243","-0.572592","-0.557221","-0.470848","-0.576230","-0.345008"
"2021-02-04","04 Feb 2021","-0.096345","-0.583272","0.467879","-0.579093","0.746683","-0.571240","-0.553879","-0.455511","-0.576712","-0.319397"
"2021-02-05","05 Feb 2021","-0.105329","-0.585839","0.459339","-0.586646","0.737149","-0.567439","-0.563873","-0.466585","-0.575349","-0.329717"
"2021-02-08","08 Feb 2021","-0.079388","-0.588547","0.490811","-0.585224","0.768818","-0.572719","-0.558108","-0.452848","-0.579849","-0.309783"
"2021-02-09","09 Feb 2021","-0.099018","-0.591215","0.472366","-0.589812","0.753302","-0.575076","-0.565367","-0.465472","-0.582157","-0.326385"
"2021-02-10","10 Feb 2021","-0.100621","-0.590502","0.469263","-0.591893","0.742599","-0.572835","-0.569735","-0.471439","-0.580292","-0.331069"
"2021-02-11","11 Feb 2021","-0.109424","-0.593435","0.457594","-0.599250","0.736287","-0.566535","-0.577456","-0.477523","-0.577879","-0.337154"
"2021-02-12","12 Feb 2021","-0.055600","-0.591742","0.513038","-0.591302","0.781186","-0.568740","-0.562453","-0.448070","-0.578869","-0.295332"
"2021-02-15","15 Feb 2021","-0.016868","-0.584468","0.550252","-0.578866","0.814819","-0.564217","-0.544447","-0.420382","-0.573599","-0.261166"
"2021-02-16","16 Feb 2021","0.010091","-0.579129","0.573735","-0.570632","0.830375","-0.561285","-0.533280","-0.403249","-0.569814","-0.238872"
"2021-02-17","17 Feb 2021","0.031988","-0.573335","0.596332","-0.566575","0.850443","-0.550395","-0.527827","-0.391888","-0.561106","-0.221926"
"2021-02-18","18 Feb 2021","0.073537","-0.550274","0.646812","-0.541596","0.904880","-0.528043","-0.500441","-0.359571","-0.538617","-0.185327"
"2021-02-19","19 Feb 2021","0.077434","-0.559725","0.656814","-0.551534","0.916531","-0.535287","-0.509277","-0.364423","-0.546828","-0.186080"
"2021-02-22","22 Feb 2021","0.064595","-0.567945","0.634211","-0.556461","0.877301","-0.557816","-0.517395","-0.379073","-0.562846","-0.201646"
"2021-02-23","23 Feb 2021","0.103633","-0.556235","0.689176","-0.536539","0.937859","-0.559209","-0.493969","-0.351910","-0.558906","-0.170172"
"2021-02-24","24 Feb 2021","0.134572","-0.551941","0.737836","-0.530765","0.995689","-0.552791","-0.484756","-0.335118","-0.553662","-0.146957"
"2021-02-25","25 Feb 2021","0.179073","-0.533097","0.759772","-0.504594","1.005969","-0.536198","-0.450595","-0.289916","-0.536854","-0.098514"
"2021-02-26","26 Feb 2021","0.157210","-0.532771","0.710394","-0.507453","0.938930","-0.536043","-0.457173","-0.301882","-0.536197","-0.114126"
"2021-03-01","01 Mar 2021","0.075362","-0.551586","0.642247","-0.542849","0.881491","-0.540325","-0.506162","-0.369863","-0.545534","-0.192068"
"2021-03-02","02 Mar 2021","0.087478","-0.556796","0.664854","-0.544393","0.903242","-0.558158","-0.508598","-0.372338","-0.557635","-0.189524"
"2021-03-03","03 Mar 2021","0.106898","-0.556876","0.698783","-0.541916","0.945195","-0.558269","-0.502984","-0.361558","-0.558050","-0.175006"
"2021-03-04","04 Mar 2021","0.090287","-0.560658","0.703344","-0.540487","0.970571","-0.567165","-0.500088","-0.364041","-0.565294","-0.185646"
"2021-03-05","05 Mar 2021","0.110952","-0.562619","0.721585","-0.541281","0.988657","-0.563403","-0.495974","-0.350217","-0.564397","-0.166646"
"2021-03-08","08 Mar 2021","0.109666","-0.566898","0.713920","-0.545303","0.977389","-0.566500","-0.498940","-0.351192","-0.568083","-0.166940"
"2021-03-09","09 Mar 2021","0.081332","-0.571856","0.669947","-0.555843","0.929303","-0.561784","-0.511646","-0.366830","-0.567371","-0.187089"
"2021-03-10","10 Mar 2021","0.071061","-0.562216","0.679352","-0.544193","0.942117","-0.571322","-0.507836","-0.378474","-0.567938","-0.203277"
"2021-03-11","11 Mar 2021","0.051220","-0.577568","0.634188","-0.566968","0.895231","-0.560106","-0.525990","-0.386091","-0.568624","-0.211117"
"2021-03-12","12 Mar 2021","0.063556","-0.566234","0.692858","-0.553089","0.971489","-0.565697","-0.517951","-0.388716","-0.566396","-0.213230"
"2021-03-15","15 Mar 2021","0.066353","-0.573776","0.689620","-0.563190","0.963238","-0.566348","-0.526845","-0.392224","-0.570000","-0.212526"
"2021-03-16","16 Mar 2021","0.048444","-0.586804","0.660494","-0.576831","0.936158","-0.571585","-0.537676","-0.399650","-0.578948","-0.222391"
"2021-03-17","17 Mar 2021","0.084527","-0.575336","0.730156","-0.560450","1.013317","-0.576105","-0.522846","-0.386549","-0.576317","-0.202941"
"2021-03-18","18 Mar 2021","0.123328","-0.581881","0.760578","-0.560913","1.040926","-0.578370","-0.512875","-0.358570","-0.581327","-0.166093"
"2021-03-19","19 Mar 2021","0.104572","-0.586673","0.746113","-0.573161","1.024514","-0.577820","-0.530897","-0.381762","-0.582405","-0.188760"
"2021-03-22","22 Mar 2021","0.087382","-0.591494","0.736069","-0.578344","1.019615","-0.585329","-0.538428","-0.394654","-0.588613","-0.204986"
"2021-03-23","23 Mar 2021","0.053725","-0.595874","0.699561","-0.589786","0.980408","-0.585772","-0.556551","-0.421947","-0.590099","-0.236557"
"2021-03-24","24 Mar 2021","0.043099","-0.599424","0.682588","-0.597079","0.960455","-0.582970","-0.564986","-0.430502","-0.589891","-0.245432"
"2021-03-25","25 Mar 2021","0.018823","-0.597919","0.653681","-0.595152","0.929669","-0.588486","-0.567005","-0.442358","-0.592131","-0.264361"
"2021-03-26","26 Mar 2021","0.037661","-0.594806","0.683277","-0.590759","0.970338","-0.579750","-0.558312","-0.426767","-0.586279","-0.246301"
"2021-03-29","29 Mar 2021","0.059404","-0.592572","0.698420","-0.582966","0.972097","-0.591482","-0.549875","-0.416749","-0.591870","-0.231395"
"2021-03-30","30 Mar 2021","0.108435","-0.583225","0.739605","-0.561356","1.007605","-0.593965","-0.519135","-0.374577","-0.590120","-0.183946"
"2021-03-31","31 Mar 2021","0.088146","-0.590893","0.714128","-0.568743","0.981224","-0.602878","-0.527406","-0.386376","-0.598509","-0.199675"
"2021-04-01","01 Apr 2021","0.061903","-0.593894","0.693756","-0.576728","0.963236","-0.605571","-0.541428","-0.409252","-0.600750","-0.226088"
"2021-04-06","06 Apr 2021","0.090748","-0.590946","0.722686","-0.568963","0.996007","-0.599071","-0.526166","-0.383150","-0.596572","-0.196478"
"2021-04-07","07 Apr 2021","0.082380","-0.595382","0.717986","-0.578481","0.992292","-0.596787","-0.537983","-0.395451","-0.596879","-0.207300"
"2021-04-08","08 Apr 2021","0.056255","-0.599838","0.693564","-0.582785","0.975436","-0.601347","-0.543450","-0.406826","-0.601503","-0.225897"
"2021-04-09","09 Apr 2021","0.109478","-0.594100","0.744755","-0.566233","1.030811","-0.598117","-0.514770","-0.360870","-0.598364","-0.173094"
"2021-04-12","12 Apr 2021","0.112271","-0.595075","0.746633","-0.570002","1.026362","-0.597204","-0.520257","-0.365944","-0.597969","-0.174955"
"2021-04-13","13 Apr 2021","0.109465","-0.591921","0.750256","-0.562140","1.039213","-0.600732","-0.511151","-0.359739","-0.598926","-0.173421"
"2021-04-14","14 Apr 2021","0.122730","-0.590821","0.759755","-0.559455","1.043104","-0.601319","-0.506943","-0.352178","-0.598860","-0.162781"
"2021-04-15","15 Apr 2021","0.120168","-0.587354","0.754018","-0.555496","1.043367","-0.594711","-0.501308","-0.345727","-0.593861","-0.159282"
"2021-04-16","16 Apr 2021","0.127751","-0.583279","0.764515","-0.552798","1.049411","-0.591576","-0.500303","-0.345458","-0.590075","-0.156598"
"2021-04-19","19 Apr 2021","0.164389","-0.585430","0.793886","-0.547508","1.076748","-0.594887","-0.485941","-0.316817","-0.593686","-0.121199"
"2021-04-20","20 Apr 2021","0.154634","-0.587610","0.784674","-0.552735","1.064016","-0.596067","-0.494182","-0.328364","-0.594965","-0.132863"
"2021-04-21","21 Apr 2021","0.116585","-0.590015","0.744338","-0.560610","1.025662","-0.595305","-0.507899","-0.352548","-0.595121","-0.164607"
"2021-04-22","22 Apr 2021","0.115555","-0.590932","0.738011","-0.558310","1.020404","-0.598667","-0.503389","-0.347121","-0.597725","-0.161259"
"2021-04-23","23 Apr 2021","0.130630","-0.592610","0.732309","-0.561259","0.994069","-0.597146","-0.504933","-0.342052","-0.597494","-0.149777"
"2021-04-26","26 Apr 2021","0.131761","-0.588583","0.738188","-0.555003","1.006821","-0.595400","-0.497725","-0.335849","-0.594963","-0.146048"
"2021-04-27","27 Apr 2021","0.147779","-0.586536","0.755109","-0.549838","1.023909","-0.595684","-0.489790","-0.323837","-0.594491","-0.131663"
"2021-04-28","28 Apr 2021","0.166338","-0.583526","0.795926","-0.549028","1.086073","-0.583907","-0.486651","-0.314079","-0.586637","-0.117447"
"2021-04-29","29 Apr 2021","0.223058","-0.576079","0.865412","-0.538587","1.157392","-0.574667","-0.470066","-0.282883","-0.578518","-0.073529"
"2021-04-30","30 Apr 2021","0.202031","-0.583568","0.846360","-0.546259","1.136685","-0.586075","-0.480511","-0.299480","-0.588056","-0.093619"
"2021-05-03","03 May 2021","0.198833","-0.589904","0.847461","-0.551623","1.134725","-0.596864","-0.486891","-0.307443","-0.596814","-0.100572"
"2021-05-04","04 May 2021","0.182578","-0.597993","0.819308","-0.567132","1.092406","-0.597798","-0.506766","-0.329025","-0.600220","-0.119717"
"2021-05-05","05 May 2021","0.182642","-0.596094","0.834833","-0.563124","1.128034","-0.594542","-0.500382","-0.321967","-0.597941","-0.115763"
"2021-05-06","06 May 2021","0.188896","-0.591418","0.855504","-0.557546","1.162278","-0.590461","-0.494268","-0.315937","-0.593703","-0.110230"
"2021-05-07","07 May 2021","0.234082","-0.585937","0.881901","-0.547194","1.163958","-0.588895","-0.478548","-0.288511","-0.590738","-0.072711"
"2021-05-10","10 May 2021","0.211232","-0.590131","0.878303","-0.548403","1.176675","-0.602014","-0.482117","-0.301309","-0.600024","-0.092719"
"2021-05-11","11 May 2021","0.256190","-0.586712","0.922048","-0.536019","1.219998","-0.603891","-0.460971","-0.266988","-0.600398","-0.051317"
"2021-05-12","12 May 2021","0.289160","-0.580026","0.948081","-0.526131","1.242363","-0.595686","-0.445669","-0.241618","-0.593259","-0.020237"
"2021-05-13","13 May 2021","0.349422","-0.579022","0.967877","-0.520028","1.218228","-0.599296","-0.432635","-0.210080","-0.595032","0.028393"
"2021-05-14","14 May 2021","0.318009","-0.576167","0.952165","-0.513961","1.224422","-0.601448","-0.427889","-0.216527","-0.595361","0.008674"
"2021-05-17","17 May 2021","0.345708","-0.568317","0.988497","-0.508120","1.258789","-0.591223","-0.422075","-0.205995","-0.585953","0.026607"
"2021-05-18","18 May 2021","0.363159","-0.575473","0.987364","-0.517626","1.236186","-0.598087","-0.431718","-0.208192","-0.592466","0.034953"
"2021-05-19","19 May 2021","0.367826","-0.572970","0.990549","-0.513937","1.238759","-0.596693","-0.427216","-0.202979","-0.590687","0.040143"
"2021-05-20","20 May 2021","0.351202","-0.578541","0.960777","-0.520242","1.199101","-0.609344","-0.437163","-0.217747","-0.599741","0.024372"
"2021-05-21","21 May 2021","0.314194","-0.583725","0.926983","-0.532264","1.168749","-0.608587","-0.455193","-0.245264","-0.601075","-0.009068"
"2021-05-24","24 May 2021","0.345919","-0.577265","0.961206","-0.532992","1.193744","-0.611316","-0.463100","-0.249380","-0.597914","0.003031"
"2021-05-25","25 May 2021","0.270820","-0.584759","0.885325","-0.544367","1.123798","-0.615019","-0.481627","-0.288891","-0.603357","-0.055882"
"2021-05-26","26 May 2021","0.220796","-0.590108","0.841387","-0.554721","1.092222","-0.604514","-0.493872","-0.311055","-0.600242","-0.091997"
"2021-05-27","27 May 2021","0.249114","-0.587527","0.870491","-0.547870","1.119805","-0.605298","-0.482851","-0.292577","-0.599870","-0.068063"
"2021-05-28","28 May 2021","0.245294","-0.590071","0.872588","-0.555699","1.126744","-0.595350","-0.490819","-0.298234","-0.595325","-0.072561"
"2021-05-31","31 May 2021","0.251897","-0.593862","0.871837","-0.556857","1.123231","-0.597958","-0.488270","-0.290628","-0.598834","-0.063877"
"2021-06-01","01 Jun 2021","0.239495","-0.595490","0.861047","-0.559490","1.111262","-0.604931","-0.494633","-0.302761","-0.603080","-0.077509"
"2021-06-02","02 Jun 2021","0.225892","-0.596157","0.852344","-0.565068","1.104021","-0.603108","-0.504599","-0.317517","-0.601832","-0.092962"
"2021-06-03","03 Jun 2021","0.234903","-0.600635","0.860764","-0.568443","1.108356","-0.613211","-0.508163","-0.318752","-0.609238","-0.089473"
"2021-06-04","04 Jun 2021","0.215829","-0.602556","0.845117","-0.573993","1.094067","-0.615708","-0.518338","-0.335510","-0.611001","-0.108684"
"2021-06-07","07 Jun 2021","0.241757","-0.600526","0.879856","-0.568937","1.131349","-0.617079","-0.510548","-0.321871","-0.611039","-0.089355"
"2021-06-08","08 Jun 2021","0.217372","-0.600889","0.839555","-0.571306","1.086011","-0.612303","-0.513919","-0.329551","-0.608593","-0.103816"
"2021-06-09","09 Jun 2021","0.168784","-0.606753","0.790513","-0.590515","1.037112","-0.605806","-0.542986","-0.370332","-0.606423","-0.149809"
"2021-06-10","10 Jun 2021","0.185120","-0.604453","0.811773","-0.583086","1.058416","-0.616295","-0.534982","-0.361724","-0.611281","-0.138342"
"2021-06-11","11 Jun 2021","0.147301","-0.609539","0.775446","-0.593155","1.024729","-0.618821","-0.550746","-0.387867","-0.614510","-0.171489"
"2021-06-14","14 Jun 2021","0.173980","-0.607320","0.799333","-0.584422","1.046565","-0.621990","-0.536603","-0.366365","-0.615854","-0.146324"
"2021-06-15","15 Jun 2021","0.187823","-0.607495","0.810830","-0.583556","1.054508","-0.625584","-0.534942","-0.360976","-0.617810","-0.136451"
"2021-06-16","16 Jun 2021","0.179897","-0.605269","0.811747","-0.584695","1.059803","-0.621729","-0.539380","-0.369658","-0.614336","-0.146175"
"2021-06-17","17 Jun 2021","0.221831","-0.605595","0.835261","-0.567787","1.079152","-0.624694","-0.505246","-0.317904","-0.618352","-0.094275"
"2021-06-18","18 Jun 2021","0.218092","-0.595772","0.821838","-0.557233","1.058694","-0.625999","-0.498711","-0.318036","-0.614285","-0.096712"
"2021-06-21","21 Jun 2021","0.236069","-0.594262","0.834146","-0.558561","1.065358","-0.619837","-0.499288","-0.311841","-0.609864","-0.083608"
"2021-06-22","22 Jun 2021","0.238631","-0.592458","0.847459","-0.554864","1.085125","-0.619598","-0.494956","-0.308713","-0.609184","-0.081802"
"2021-06-23","23 Jun 2021","0.218597","-0.593134","0.828933","-0.552862","1.073122","-0.618419","-0.491473","-0.310090","-0.609465","-0.092228"
"2021-06-24","24 Jun 2021","0.211458","-0.592030","0.825891","-0.553677","1.073258","-0.614732","-0.493679","-0.314723","-0.606825","-0.098599"
"2021-06-25","25 Jun 2021","0.244156","-0.592541","0.863813","-0.545674","1.114265","-0.620616","-0.478176","-0.289499","-0.611173","-0.068818"
"2021-06-28","28 Jun 2021","0.232064","-0.589642","0.855298","-0.549565","1.106971","-0.611122","-0.486640","-0.302214","-0.604008","-0.082162"
"2021-06-29","29 Jun 2021","0.229633","-0.595370","0.850598","-0.559728","1.099672","-0.609195","-0.497503","-0.310288","-0.605174","-0.086988"
"2021-06-30","30 Jun 2021","0.201633","-0.597605","0.815275","-0.570599","1.060964","-0.601275","-0.513602","-0.331932","-0.601091","-0.111662"
"2021-07-01","01 Jul 2021","0.181212","-0.601136","0.797583","-0.580837","1.045022","-0.596996","-0.527981","-0.350551","-0.599762","-0.131848"
"2021-07-02","02 Jul 2021","0.159062","-0.606514","0.776488","-0.594088","1.024263","-0.593030","-0.545754","-0.372123","-0.599322","-0.154240"
"2021-07-05","05 Jul 2021","0.176658","-0.599666","0.791001","-0.580600","1.035156","-0.599941","-0.530799","-0.356888","-0.600357","-0.138049"
"2021-07-06","06 Jul 2021","0.127966","-0.601392","0.742768","-0.590576","0.988982","-0.598127","-0.549839","-0.390870","-0.599304","-0.181065"
"2021-07-07","07 Jul 2021","0.095528","-0.604365","0.690692","-0.597465","0.928909","-0.596356","-0.559745","-0.406894","-0.599389","-0.203813"
"2021-07-08","08 Jul 2021","0.097708","-0.599690","0.690685","-0.589282","0.925003","-0.607336","-0.554326","-0.406467","-0.603136","-0.203684"
"2021-07-09","09 Jul 2021","0.120155","-0.592626","0.725547","-0.584373","0.962024","-0.604309","-0.551882","-0.402194","-0.597700","-0.192061"
"2021-07-12","12 Jul 2021","0.107442","-0.594667","0.715577","-0.584452","0.955080","-0.609825","-0.552490","-0.407241","-0.601877","-0.201557"
"2021-07-13","13 Jul 2021","0.089155","-0.594506","0.704064","-0.585940","0.947861","-0.611942","-0.557767","-0.420025","-0.602742","-0.218630"
"2021-07-14","14 Jul 2021","0.087890","-0.595762","0.692763","-0.587279","0.932046","-0.609903","-0.557646","-0.417760","-0.602294","-0.216730"
"2021-07-15","15 Jul 2021","0.072858","-0.597522","0.673237","-0.591252","0.911244","-0.608695","-0.563228","-0.426420","-0.602284","-0.228340"
"2021-07-16","16 Jul 2021","0.041712","-0.599570","0.656559","-0.599860","0.901695","-0.611346","-0.580160","-0.455348","-0.603838","-0.261426"
"2021-07-19","19 Jul 2021","0.029242","-0.605940","0.617087","-0.596382","0.859408","-0.609252","-0.564761","-0.433785","-0.607415","-0.251362"
"2021-07-20","20 Jul 2021","0.015599","-0.613136","0.599216","-0.609414","0.834551","-0.616791","-0.583278","-0.455482","-0.613917","-0.269947"
"2021-07-21","21 Jul 2021","0.028417","-0.613935","0.622995","-0.606087","0.866779","-0.616254","-0.575316","-0.443016","-0.614632","-0.257203"
"2021-07-22","22 Jul 2021","0.015942","-0.620424","0.616928","-0.613021","0.865330","-0.622454","-0.583123","-0.453210","-0.620959","-0.269223"
"2021-07-23","23 Jul 2021","-0.004178","-0.626567","0.591177","-0.622008","0.835300","-0.629725","-0.595796","-0.470707","-0.627301","-0.288416"
"2021-07-26","26 Jul 2021","0.006723","-0.629279","0.604682","-0.625054","0.850153","-0.627186","-0.596317","-0.465601","-0.627244","-0.279830"
"2021-07-27","27 Jul 2021","-0.015544","-0.631111","0.581110","-0.630452","0.826415","-0.627931","-0.605760","-0.481554","-0.628094","-0.299588"
"2021-07-28","28 Jul 2021","-0.005209","-0.635766","0.603972","-0.638692","0.853750","-0.625892","-0.613986","-0.485102","-0.628783","-0.297026"
"2021-07-29","29 Jul 2021","-0.007779","-0.636849","0.598046","-0.638444","0.847211","-0.627429","-0.612740","-0.483751","-0.630294","-0.297105"
"2021-07-30","30 Jul 2021","-0.020002","-0.633773","0.579113","-0.639578","0.825486","-0.618908","-0.616326","-0.490358","-0.623893","-0.306100"
"2021-08-02","02 Aug 2021","-0.039970","-0.643424","0.552503","-0.640474","0.799132","-0.641830","-0.615046","-0.493890","-0.641606","-0.317371"
"2021-08-03","03 Aug 2021","-0.064316","-0.646600","0.525692","-0.647634","0.771578","-0.643048","-0.626303","-0.511564","-0.643298","-0.338891"
"2021-08-04","04 Aug 2021","-0.076312","-0.653111","0.516134","-0.655390","0.763789","-0.648470","-0.635174","-0.522220","-0.649107","-0.350583"
"2021-08-05","05 Aug 2021","-0.086922","-0.655879","0.501609","-0.660425","0.748333","-0.646853","-0.640931","-0.528877","-0.649346","-0.358713"
"2021-08-06","06 Aug 2021","-0.049510","-0.645280","0.543737","-0.643304","0.791273","-0.643632","-0.619244","-0.500678","-0.643331","-0.325865"
"2021-08-09","09 Aug 2021","-0.066388","-0.646109","0.525785","-0.642746","0.774466","-0.649629","-0.620462","-0.508038","-0.647063","-0.338470"
"2021-08-10","10 Aug 2021","-0.075224","-0.645911","0.506749","-0.643966","0.748264","-0.651625","-0.624073","-0.514622","-0.647780","-0.345988"
"2021-08-11","11 Aug 2021","-0.046534","-0.643867","0.540718","-0.636760","0.785085","-0.651108","-0.611290","-0.493573","-0.647159","-0.320500"
"2021-08-12","12 Aug 2021","-0.050024","-0.645008","0.537334","-0.638665","0.781826","-0.651425","-0.613714","-0.496609","-0.647781","-0.323832"
"2021-08-13","13 Aug 2021","-0.055766","-0.642217","0.523222","-0.635005","0.764662","-0.649649","-0.609989","-0.494705","-0.645655","-0.324986"
"2021-08-16","16 Aug 2021","-0.074990","-0.642927","0.508006","-0.644687","0.756568","-0.631546","-0.621646","-0.507370","-0.635600","-0.340304"
"2021-08-17","17 Aug 2021","-0.059766","-0.640665","0.532223","-0.643589","0.780346","-0.632027","-0.622119","-0.506550","-0.634518","-0.333901"
"2021-08-18","18 Aug 2021","-0.071897","-0.645829","0.522841","-0.650948","0.772823","-0.634945","-0.631096","-0.517611","-0.638261","-0.345930"
"2021-08-19","19 Aug 2021","-0.069164","-0.648959","0.519667","-0.653947","0.765734","-0.636780","-0.632931","-0.516659","-0.640709","-0.343291"
"2021-08-20","20 Aug 2021","-0.082387","-0.651332","0.500902","-0.658948","0.745286","-0.634719","-0.639100","-0.524538","-0.640485","-0.353278"
"2021-08-23","23 Aug 2021","-0.061237","-0.649194","0.528399","-0.652951","0.774047","-0.638240","-0.630804","-0.512336","-0.641709","-0.337113"
"2021-08-24","24 Aug 2021","-0.059780","-0.649904","0.527113","-0.654211","0.771350","-0.636635","-0.631440","-0.511350","-0.641146","-0.335382"
"2021-08-25","25 Aug 2021","-0.015020","-0.644236","0.580587","-0.644392","0.828709","-0.628454","-0.614640","-0.481652","-0.634646","-0.297321"
"2021-08-26","26 Aug 2021","0.020541","-0.636451","0.619057","-0.630845","0.867170","-0.625642","-0.596162","-0.455518","-0.630105","-0.266053"
"2021-08-27","27 Aug 2021","0.017881","-0.638217","0.616619","-0.633427","0.864812","-0.626197","-0.599066","-0.458483","-0.631141","-0.268886"
"2021-08-30","30 Aug 2021","-0.007271","-0.641189","0.595182","-0.637368","0.850585","-0.627450","-0.604674","-0.470278","-0.633212","-0.287585"
"2021-08-31","31 Aug 2021","0.022224","-0.639286","0.627702","-0.626703","0.880592","-0.639997","-0.590160","-0.451141","-0.639808","-0.263837"
"2021-09-01","01 Sep 2021","0.036516","-0.638946","0.646936","-0.629982","0.901081","-0.630802","-0.592466","-0.447511","-0.634386","-0.254665"
"2021-09-02","02 Sep 2021","0.024579","-0.641819","0.643133","-0.637572","0.901529","-0.628762","-0.603174","-0.461160","-0.634136","-0.268554"
"2021-09-03","03 Sep 2021","0.054958","-0.637789","0.678639","-0.626402","0.937176","-0.634836","-0.588003","-0.440584","-0.636168","-0.243413"
"2021-09-06","06 Sep 2021","0.054765","-0.640258","0.661523","-0.625114","0.913007","-0.638331","-0.583123","-0.432644","-0.639658","-0.237234"
"2021-09-07","07 Sep 2021","0.109923","-0.637761","0.716065","-0.615901","0.965503","-0.634192","-0.563827","-0.395170","-0.637058","-0.188702"
"2021-09-08","08 Sep 2021","0.096754","-0.640445","0.711027","-0.615170","0.973515","-0.637317","-0.560893","-0.394455","-0.640522","-0.194491"
"2021-09-09","09 Sep 2021","0.035042","-0.643235","0.666344","-0.620464","0.953544","-0.641951","-0.572927","-0.425275","-0.644162","-0.242423"
"2021-09-10","10 Sep 2021","0.039079","-0.644358","0.668618","-0.621920","0.959223","-0.638752","-0.572400","-0.420893","-0.642991","-0.236940"
"2021-09-13","13 Sep 2021","0.051899","-0.645922","0.682320","-0.623086","0.971362","-0.638830","-0.571768","-0.415570","-0.643795","-0.227628"
"2021-09-14","14 Sep 2021","0.042581","-0.647861","0.670766","-0.626423","0.959487","-0.639345","-0.576192","-0.421752","-0.644835","-0.235264"
"2021-09-15","15 Sep 2021","0.071266","-0.646950","0.702153","-0.628374","0.987024","-0.630210","-0.575891","-0.411613","-0.639209","-0.215530"
"2021-09-16","16 Sep 2021","0.115455","-0.638947","0.726020","-0.628199","0.989562","-0.602923","-0.572582","-0.391607","-0.620065","-0.180724"
"2021-09-17","17 Sep 2021","0.098157","-0.648793","0.741757","-0.611182","1.023520","-0.666839","-0.554194","-0.391737","-0.661449","-0.195334"
"2021-09-20","20 Sep 2021","0.056194","-0.652323","0.709820","-0.622201","0.999474","-0.666659","-0.573190","-0.423614","-0.662203","-0.234433"
"2021-09-21","21 Sep 2021","0.036828","-0.650414","0.683530","-0.627913","0.963779","-0.661315","-0.585795","-0.443482","-0.657536","-0.255260"
"2021-09-22","22 Sep 2021","0.049307","-0.650673","0.687302","-0.626177","0.962551","-0.660535","-0.580800","-0.432937","-0.657477","-0.242250"
"2021-09-23","23 Sep 2021","0.092970","-0.645588","0.722511","-0.613298","0.993214","-0.657381","-0.558924","-0.397227","-0.654306","-0.199973"
"2021-09-24","24 Sep 2021","0.144649","-0.641865","0.783063","-0.599605","1.052014","-0.666962","-0.538777","-0.366445","-0.658602","-0.159409"
"2021-09-27","27 Sep 2021","0.142865","-0.639945","0.784971","-0.591611","1.058475","-0.675108","-0.529571","-0.360569","-0.662709","-0.157828"
"2021-09-28","28 Sep 2021","0.179824","-0.640570","0.818045","-0.580987","1.095186","-0.679166","-0.507448","-0.324279","-0.666519","-0.118061"
"2021-09-29","29 Sep 2021","0.143436","-0.645180","0.777746","-0.595639","1.047942","-0.678625","-0.531232","-0.358686","-0.667199","-0.155242"
"2021-09-30","30 Sep 2021","0.178204","-0.641029","0.820459","-0.585322","1.093017","-0.680333","-0.515935","-0.335619","-0.666802","-0.126414"
"2021-10-01","01 Oct 2021","0.133180","-0.642851","0.782179","-0.596427","1.051809","-0.688829","-0.541036","-0.379871","-0.670873","-0.175478"
"2021-10-04","04 Oct 2021","0.167366","-0.652281","0.821057","-0.601869","1.090271","-0.696899","-0.539695","-0.364509","-0.679999","-0.149754"
"2021-10-05","05 Oct 2021","0.171115","-0.653123","0.820988","-0.602415","1.088626","-0.695365","-0.538653","-0.360750","-0.679649","-0.145171"
"2021-10-06","06 Oct 2021","0.179679","-0.646576","0.830759","-0.591900","1.102436","-0.690576","-0.525160","-0.346124","-0.674574","-0.132947"
"2021-10-07","07 Oct 2021","0.184967","-0.656236","0.834071","-0.606855","1.099045","-0.693881","-0.541368","-0.357087","-0.680146","-0.135832"
"2021-10-08","08 Oct 2021","0.198295","-0.653857","0.852375","-0.600364","1.121281","-0.694300","-0.531725","-0.344508","-0.679756","-0.122742"
"2021-10-11","11 Oct 2021","0.228816","-0.647224","0.887090","-0.586554","1.157711","-0.695233","-0.513013","-0.319937","-0.677913","-0.094983"
"2021-10-12","12 Oct 2021","0.261875","-0.645276","0.895113","-0.583851","1.145339","-0.695280","-0.507505","-0.303296","-0.676838","-0.067657"
"2021-10-13","13 Oct 2021","0.221983","-0.645761","0.832809","-0.580585","1.081542","-0.693119","-0.501958","-0.305172","-0.676705","-0.085543"
"2021-10-14","14 Oct 2021","0.189164","-0.647327","0.792439","-0.595239","1.041408","-0.671924","-0.521209","-0.327796","-0.664925","-0.111977"
"2021-10-15","15 Oct 2021","0.212626","-0.637206","0.819085","-0.579491","1.062465","-0.681052","-0.507170","-0.316146","-0.665334","-0.096595"
"2021-10-18","18 Oct 2021","0.236767","-0.633147","0.796420","-0.557596","1.022708","-0.685187","-0.469908","-0.266196","-0.667855","-0.052228"
"2021-10-19","19 Oct 2021","0.276945","-0.619430","0.847408","-0.536747","1.076777","-0.682581","-0.445605","-0.237367","-0.660723","-0.018733"
"2021-10-20","20 Oct 2021","0.233709","-0.632923","0.831185","-0.567482","1.079615","-0.669679","-0.484056","-0.281677","-0.658490","-0.064623"
"2021-10-21","21 Oct 2021","0.278370","-0.631413","0.845744","-0.556513","1.072180","-0.676418","-0.464313","-0.247201","-0.662278","-0.021459"
"2021-10-22","22 Oct 2021","0.282914","-0.622354","0.828043","-0.546400","1.042647","-0.668133","-0.453209","-0.235296","-0.653729","-0.011099"
"2021-10-25","25 Oct 2021","0.267138","-0.639501","0.820438","-0.565486","1.046615","-0.672532","-0.469036","-0.246539","-0.664125","-0.023327"
"2021-10-26","26 Oct 2021","0.258726","-0.644419","0.811929","-0.568422","1.039321","-0.680871","-0.471727","-0.250880","-0.671085","-0.029745"
"2021-10-27","27 Oct 2021","0.218236","-0.651124","0.751116","-0.571624","0.970004","-0.698059","-0.477549","-0.267798","-0.683746","-0.057762"
"2021-10-28","28 Oct 2021","0.286361","-0.613036","0.779185","-0.523036","0.979369","-0.662406","-0.417347","-0.192500","-0.648181","0.020045"
"2021-10-29","29 Oct 2021","0.389344","-0.588454","0.843721","-0.484498","1.017584","-0.640912","-0.361496","-0.107437","-0.626752","0.120508"
"2021-11-01","01 Nov 2021","0.394926","-0.597088","0.859525","-0.485622","1.039840","-0.660054","-0.359321","-0.103719","-0.641777","0.124452"
"2021-11-02","02 Nov 2021","0.301902","-0.642957","0.804342","-0.557021","0.995841","-0.691131","-0.451971","-0.216141","-0.676702","0.014186"
"2021-11-03","03 Nov 2021","0.279147","-0.631379","0.795427","-0.545942","0.986866","-0.722171","-0.458895","-0.247893","-0.686636","-0.019492"
"2021-11-04","04 Nov 2021","0.218794","-0.670368","0.754171","-0.609663","0.961676","-0.693669","-0.522116","-0.303957","-0.688140","-0.076628"
"2021-11-05","05 Nov 2021","0.163592","-0.683679","0.702629","-0.633454","0.911771","-0.701987","-0.556122","-0.351802","-0.697583","-0.130350"
"2021-11-08","08 Nov 2021","0.176571","-0.687970","0.722264","-0.626649","0.933270","-0.727485","-0.546619","-0.342541","-0.714186","-0.120461"
"2021-11-09","09 Nov 2021","0.152582","-0.713967","0.669671","-0.648082","0.869492","-0.749810","-0.561685","-0.351598","-0.738924","-0.132761"
"2021-11-10","10 Nov 2021","0.189903","-0.706288","0.703598","-0.626590","0.901379","-0.759814","-0.532670","-0.316149","-0.742094","-0.095471"
"2021-11-11","11 Nov 2021","0.237466","-0.700941","0.732801","-0.611842","0.924104","-0.749282","-0.504322","-0.268894","-0.735264","-0.043148"
"2021-11-12","12 Nov 2021","0.222529","-0.713323","0.738094","-0.633119","0.939332","-0.749133","-0.529412","-0.294483","-0.740042","-0.065321"
"2021-11-15","15 Nov 2021","0.238074","-0.718182","0.736556","-0.625278","0.927479","-0.772303","-0.515518","-0.276241","-0.755915","-0.046742"
"2021-11-16","16 Nov 2021","0.247636","-0.724561","0.771281","-0.632485","0.972707","-0.780007","-0.523667","-0.282918","-0.762829","-0.047951"
"2021-11-17","17 Nov 2021","0.249578","-0.721035","0.777454","-0.629687","0.978935","-0.781296","-0.523518","-0.285570","-0.761642","-0.049544"
"2021-11-18","18 Nov 2021","0.213865","-0.730115","0.743534","-0.638601","0.944470","-0.806265","-0.539940","-0.315491","-0.778897","-0.084830"
"2021-11-19","19 Nov 2021","0.161477","-0.741222","0.689938","-0.664590","0.893681","-0.791798","-0.572259","-0.355042","-0.775084","-0.130698"
"2021-11-22","22 Nov 2021","0.165215","-0.735456","0.706027","-0.655037","0.909574","-0.819139","-0.571647","-0.365867","-0.786562","-0.138547"
"2021-11-23","23 Nov 2021","0.260307","-0.726436","0.797152","-0.627217","0.994956","-0.832957","-0.529204","-0.298943","-0.791324","-0.054713"
"2021-11-24","24 Nov 2021","0.294235","-0.724692","0.858756","-0.620083","1.070934","-0.823699","-0.514273","-0.275176","-0.786654","-0.027312"
"2021-11-25","25 Nov 2021","0.261339","-0.723700","0.808944","-0.625393","1.014420","-0.815717","-0.524187","-0.292545","-0.781307","-0.051387"
"2021-11-26","26 Nov 2021","0.179945","-0.732122","0.737196","-0.649944","0.958180","-0.789196","-0.555520","-0.339313","-0.770147","-0.116087"
"2021-11-29","29 Nov 2021","0.213580","-0.724088","0.760261","-0.630545","0.970030","-0.807861","-0.534037","-0.315619","-0.777127","-0.087549"
"2021-11-30","30 Nov 2021","0.149917","-0.729849","0.679760","-0.643262","0.882396","-0.816703","-0.557221","-0.357013","-0.783634","-0.140694"
"2021-12-01","01 Dec 2021","0.189736","-0.712900","0.697525","-0.606402","0.893876","-0.814927","-0.506698","-0.298125","-0.777201","-0.087392"
"2021-12-02","02 Dec 2021","0.138582","-0.719622","0.663382","-0.621594","0.868943","-0.821625","-0.532850","-0.341562","-0.782928","-0.138547"
"2021-12-03","03 Dec 2021","0.137253","-0.694482","0.665222","-0.597497","0.873365","-0.802297","-0.513753","-0.333090","-0.760721","-0.136611"
"2021-12-06","06 Dec 2021","0.105119","-0.701786","0.633089","-0.616599","0.835645","-0.813951","-0.545860","-0.376116","-0.768490","-0.176723"
"2021-12-07","07 Dec 2021","0.110070","-0.687996","0.633149","-0.601585","0.834145","-0.802844","-0.531256","-0.364348","-0.756277","-0.168144"
"2021-12-08","08 Dec 2021","0.167619","-0.680827","0.683752","-0.586160","0.887104","-0.772731","-0.496984","-0.305020","-0.738557","-0.104295"
"2021-12-09","09 Dec 2021","0.143151","-0.680558","0.669327","-0.599493","0.871989","-0.772147","-0.523719","-0.343008","-0.736190","-0.139069"
"2021-12-10","10 Dec 2021","0.111995","-0.660876","0.652936","-0.586390","0.871830","-0.736366","-0.514580","-0.347073","-0.707753","-0.158051"
"2021-12-13","13 Dec 2021","0.091483","-0.656882","0.632231","-0.586733","0.848854","-0.737300","-0.522203","-0.364953","-0.705723","-0.179088"
"2021-12-15","15 Dec 2021","0.097060","-0.638505","0.637797","-0.572338","0.857457","-0.708655","-0.508304","-0.352176","-0.681629","-0.169358"
"2021-12-16","16 Dec 2021","0.143060","-0.641258","0.681783","-0.558814","0.889814","-0.757475","-0.493888","-0.334234","-0.709753","-0.139259"
"2021-12-17","17 Dec 2021","0.108949","-0.669775","0.646088","-0.605379","0.862034","-0.724400","-0.533982","-0.359387","-0.704540","-0.164327"
"2021-12-20","20 Dec 2021","0.100006","-0.671220","0.661530","-0.607522","0.892275","-0.726798","-0.538315","-0.368779","-0.706471","-0.176083"
"2021-12-21","21 Dec 2021","0.176500","-0.664099","0.739229","-0.593537","0.962640","-0.724673","-0.515616","-0.325751","-0.702545","-0.115227"
"2021-12-22","22 Dec 2021","0.218971","-0.650532","0.771703","-0.578857","0.989468","-0.702640","-0.494491","-0.291583","-0.684680","-0.074182"
"2021-12-23","23 Dec 2021","0.255318","-0.637809","0.817971","-0.562209","1.047120","-0.681109","-0.469599","-0.255777","-0.667979","-0.036324"
"2021-12-24","24 Dec 2021","0.254766","-0.640730","0.818193","-0.563153","1.047549","-0.687406","-0.469970","-0.256266","-0.672895","-0.037009"
"2021-12-27","27 Dec 2021","0.262745","-0.635684","0.819758","-0.557620","1.050488","-0.676570","-0.461190","-0.243084","-0.664935","-0.024388"
"2021-12-28","28 Dec 2021","0.258677","-0.636051","0.810601","-0.557228","1.039163","-0.678064","-0.460652","-0.243348","-0.665991","-0.026110"
"2021-12-29","29 Dec 2021","0.286490","-0.646680","0.833686","-0.553666","1.061295","-0.702107","-0.446915","-0.218541","-0.685309","0.002179"
"2021-12-30","30 Dec 2021","0.319117","-0.623431","0.870333","-0.527385","1.094679","-0.687219","-0.420899","-0.193105","-0.666735","0.029802"
"2021-12-31","31 Dec 2021","0.318907","-0.628343","0.870159","-0.529911","1.094724","-0.694991","-0.422096","-0.193292","-0.673427","0.029734"
"2022-01-03","03 Jan 2022","0.361325","-0.603941","0.918797","-0.516330","1.145380","-0.647908","-0.408282","-0.169083","-0.635839","0.063887"
"2022-01-04","04 Jan 2022","0.325100","-0.595999","0.905954","-0.516468","1.149039","-0.637480","-0.418089","-0.195180","-0.625710","0.029086"
"2022-01-05","05 Jan 2022","0.346116","-0.598699","0.936144","-0.509126","1.180545","-0.656414","-0.406955","-0.181611","-0.638050","0.045099"
"2022-01-06","06 Jan 2022","0.376988","-0.587531","0.955906","-0.491078","1.197016","-0.648337","-0.382253","-0.148864","-0.629328","0.079384"
"2022-01-07","07 Jan 2022","0.363791","-0.575593","0.945242","-0.473055","1.206029","-0.643630","-0.362640","-0.135841","-0.622021","0.080640"
"2022-01-10","10 Jan 2022","0.418303","-0.571350","0.995246","-0.472087","1.233804","-0.631469","-0.358802","-0.116772","-0.613084","0.117169"
"2022-01-11","11 Jan 2022","0.391933","-0.558722","0.960280","-0.454638","1.213587","-0.625693","-0.341353","-0.109214","-0.604750","0.109779"
"2022-01-12","12 Jan 2022","0.358001","-0.572258","0.933824","-0.477130","1.191158","-0.629701","-0.369666","-0.143214","-0.612249","0.074479"
"2022-01-13","13 Jan 2022","0.338548","-0.569411","0.884652","-0.477487","1.123367","-0.623149","-0.372236","-0.149581","-0.607102","0.063599"
"2022-01-14","14 Jan 2022","0.357124","-0.571538","0.905592","-0.470875","1.147461","-0.635078","-0.360272","-0.132684","-0.615388","0.081874"
"2022-01-17","17 Jan 2022","0.397222","-0.574493","0.942668","-0.462597","1.179684","-0.648279","-0.343143","-0.103456","-0.624986","0.117848"
"2022-01-18","18 Jan 2022","0.408255","-0.575468","0.955503","-0.463080","1.191024","-0.648622","-0.342274","-0.099037","-0.625665","0.125552"
"2022-01-19","19 Jan 2022","0.438426","-0.566650","0.979440","-0.459879","1.200122","-0.629071","-0.338713","-0.087257","-0.610486","0.146829"
"2022-01-20","20 Jan 2022","0.422017","-0.590481","0.946325","-0.486941","1.150512","-0.646370","-0.365442","-0.109506","-0.630473","0.128751"
"2022-01-21","21 Jan 2022","0.386149","-0.601239","0.917314","-0.506454","1.126115","-0.648474","-0.391203","-0.142482","-0.635688","0.092981"
"2022-01-24","24 Jan 2022","0.374655","-0.604171","0.893263","-0.512792","1.092494","-0.646861","-0.399146","-0.151404","-0.635834","0.083521"
"2022-01-25","25 Jan 2022","0.373466","-0.604484","0.908341","-0.513340","1.119102","-0.648116","-0.400655","-0.154751","-0.636623","0.079848"
"2022-01-26","26 Jan 2022","0.389190","-0.621958","0.958127","-0.489333","1.199566","-0.611424","-0.367356","-0.129410","-0.657668","0.097067"
"2022-01-27","27 Jan 2022","0.419823","-0.609855","0.940554","-0.482742","1.150611","-0.618232","-0.352959","-0.098929","-0.643229","0.133492"
"2022-01-28","28 Jan 2022","0.441802","-0.608392","0.962020","-0.464874","1.171773","-0.622384","-0.331509","-0.076563","-0.654981","0.155718"
"2022-01-31","31 Jan 2022","0.497165","-0.587463","0.989690","-0.426341","1.187541","-0.635914","-0.278094","-0.010470","-0.646991","0.220843"
"2022-02-01","01 Feb 2022","0.509795","-0.589467","0.997196","-0.417208","1.195474","-0.636346","-0.261218","0.009664","-0.649520","0.238338"
"2022-02-02","02 Feb 2022","0.534092","-0.574889","0.995793","-0.382336","1.182369","-0.611826","-0.218782","0.051613","-0.640053","0.273827"
"2022-02-03","03 Feb 2022","0.625654","-0.504428","1.061684","-0.275342","1.230162","-0.580267","-0.114726","0.149216","-0.626721","0.369380"
"2022-02-04","04 Feb 2022","0.729877","-0.434602","1.115215","-0.145345","1.263503","-0.553346","0.032971","0.295020","-0.607625","0.499289"
"2022-02-07","07 Feb 2022","0.793045","-0.422232","1.195042","-0.111943","1.352089","-0.535331","0.076801","0.347484","-0.600607","0.556384"
"2022-02-08","08 Feb 2022","0.836376","-0.440853","1.257266","-0.129099","1.419414","-0.554132","0.068833","0.359323","-0.614312","0.584017"
"2022-02-09","09 Feb 2022","0.804975","-0.474937","1.234339","-0.176430","1.399778","-0.570822","0.022004","0.317808","-0.628213","0.547338"
"2022-02-10","10 Feb 2022","0.839599","-0.484623","1.261104","-0.166842","1.422404","-0.577774","0.044011","0.350611","-0.641016","0.582928"
"2022-02-11","11 Feb 2022","0.860422","-0.476841","1.278282","-0.144192","1.436875","-0.568527","0.067646","0.372636","-0.647108","0.604290"
"2022-02-14","14 Feb 2022","0.859860","-0.502945","1.289601","-0.176951","1.451469","-0.573882","0.038208","0.353305","-0.657115","0.594114"
"2022-02-15","15 Feb 2022","0.924199","-0.501267","1.366971","-0.162454","1.533226","-0.582569","0.064439","0.396582","-0.660880","0.648388"
"2022-02-16","16 Feb 2022","0.875012","-0.527978","1.331962","-0.206517","1.504857","-0.576949","0.014148","0.341896","-0.664910","0.594525"
"2022-02-17","17 Feb 2022","0.857935","-0.534911","1.299859","-0.231699","1.466233","-0.611982","-0.007693","0.328340","-0.661266","0.581998"
"2022-02-18","18 Feb 2022","0.816916","-0.552272","1.297297","-0.274188","1.480619","-0.615794","-0.064201","0.265514","-0.667091","0.525483"
"2022-02-21","21 Feb 2022","0.827545","-0.559877","1.312419","-0.265555","1.498750","-0.592516","-0.050427","0.278369","-0.671097","0.536514"
"2022-02-22","22 Feb 2022","0.892326","-0.513573","1.359882","-0.201085","1.538939","-0.596416","0.020183","0.352678","-0.654193","0.608367"
"2022-02-23","23 Feb 2022","0.884148","-0.502438","1.337660","-0.174350","1.510872","-0.571929","0.043184","0.362852","-0.655601","0.609160"
"2022-02-24","24 Feb 2022","0.817331","-0.521245","1.265680","-0.214279","1.436976","-0.599173","-0.007104","0.303797","-0.668816","0.545951"
"2022-02-25","25 Feb 2022","0.839399","-0.522433","1.294375","-0.216243","1.465614","-0.577471","-0.007946","0.309630","-0.662603","0.559656"
"2022-02-28","28 Feb 2022","0.816599","-0.572095","1.279565","-0.302200","1.455301","-0.620831","-0.077766","0.267961","-0.659747","0.530204"
"2022-03-01","01 Mar 2022","0.623476","-0.636660","1.127493","-0.471441","1.314979","-0.674691","-0.295779","0.033017","-0.684007","0.310166"
"2022-03-02","02 Mar 2022","0.640896","-0.592035","1.129400","-0.414357","1.313086","-0.659521","-0.240363","0.076389","-0.658181","0.341029"
"2022-03-03","03 Mar 2022","0.720243","-0.577280","1.196264","-0.357108","1.377451","-0.648663","-0.159671","0.168659","-0.656767","0.429427"
"2022-03-04","04 Mar 2022","0.633681","-0.637232","1.117424","-0.448424","1.298871","-0.675711","-0.260987","0.067317","-0.691057","0.334481"
"2022-03-07","07 Mar 2022","0.646963","-0.628548","1.106704","-0.429224","1.276951","-0.691145","-0.237996","0.092090","-0.695938","0.356205"
"2022-03-08","08 Mar 2022","0.730443","-0.622472","1.207789","-0.401504","1.383584","-0.684088","-0.198298","0.148995","-0.699163","0.426265"
"2022-03-09","09 Mar 2022","0.820253","-0.582148","1.288812","-0.344220","1.459904","-0.687927","-0.128899","0.233264","-0.679458","0.515937"
"2022-03-10","10 Mar 2022","0.890093","-0.509257","1.346947","-0.222689","1.516279","-0.664921","-0.008414","0.334050","-0.669617","0.600166"
"2022-03-11","11 Mar 2022","0.939681","-0.505517","1.351481","-0.197728","1.502031","-0.671685","0.042708","0.405071","-0.655302","0.667513"
"2022-03-14","14 Mar 2022","1.000833","-0.505055","1.425630","-0.165811","1.580353","-0.617437","0.084172","0.452501","-0.655241","0.720611"
"2022-03-15","15 Mar 2022","0.986033","-0.532406","1.429183","-0.207280","1.590825","-0.621770","0.043000","0.418570","-0.662521","0.695105"
"2022-03-16","16 Mar 2022","1.023796","-0.528306","1.448167","-0.184608","1.600253","-0.619309","0.074603","0.458619","-0.668571","0.736815"
"2022-03-17","17 Mar 2022","1.030902","-0.525779","1.437747","-0.180038","1.582227","-0.624830","0.084739","0.473654","-0.665005","0.750347"
"2022-03-18","18 Mar 2022","0.988314","-0.530117","1.420255","-0.197635","1.576792","-0.639608","0.052715","0.427246","-0.674796","0.701661"
"2022-03-21","21 Mar 2022","1.044698","-0.502503","1.495947","-0.155892","1.662411","-0.602123","0.100248","0.476892","-0.648680","0.752840"
"2022-03-22","22 Mar 2022","1.103965","-0.478455","1.538458","-0.087449","1.698618","-0.586865","0.178801","0.553235","-0.656638","0.821917"
"2022-03-23","23 Mar 2022","1.077876","-0.491449","1.518325","-0.098258","1.681725","-0.567090","0.164168","0.530562","-0.662269","0.795895"
"2022-03-24","24 Mar 2022","1.099692","-0.477663","1.523755","-0.065869","1.682282","-0.583140","0.203860","0.570048","-0.666423","0.828400"
"2022-03-25","25 Mar 2022","1.143468","-0.460862","1.552363","-0.029328","1.704003","-0.577584","0.249369","0.620755","-0.662256","0.877697"
"2022-03-28","28 Mar 2022","1.150027","-0.444786","1.536324","0.007861","1.678534","-0.537895","0.288119","0.649956","-0.653082","0.896606"
"2022-03-29","29 Mar 2022","1.183365","-0.393192","1.537661","0.078109","1.670344","-0.545631","0.363206","0.718566","-0.631984","0.950665"
"2022-03-30","30 Mar 2022","1.279792","-0.335755","1.612083","0.189793","1.733394","-0.500548","0.481981","0.831487","-0.624476","1.056318"
"2022-03-31","31 Mar 2022","1.182377","-0.370716","1.527284","0.106605","1.656043","-0.529928","0.386172","0.730870","-0.623547","0.956008"
"2022-04-01","01 Apr 2022","1.220188","-0.363391","1.564567","0.115275","1.692214","-0.547369","0.402001","0.758984","-0.620586","0.990471"
"2022-04-04","04 Apr 2022","1.140526","-0.382262","1.501448","0.086250","1.638172","-0.512652","0.355606","0.688335","-0.626463","0.910791"
"2022-04-05","05 Apr 2022","1.239560","-0.352215","1.596693","0.148289","1.731122","-0.501381","0.433906","0.781204","-0.616899","1.008609"
"2022-04-06","06 Apr 2022","1.343979","-0.343310","1.706493","0.179751","1.839923","-0.483547","0.486141","0.859999","-0.605515","1.102257"
"2022-04-07","07 Apr 2022","1.359307","-0.321074","1.714486","0.203791","1.844897","-0.509853","0.507990","0.880389","-0.607468","1.120858"
"2022-04-08","08 Apr 2022","1.371972","-0.300245","1.717213","0.239784","1.843823","-0.491435","0.542585","0.906595","-0.602998","1.140258"
"2022-04-11","11 Apr 2022","1.432883","-0.266371","1.774027","0.304690","1.899719","-0.448155","0.614195","0.975895","-0.586358","1.205318"
"2022-04-12","12 Apr 2022","1.414438","-0.281811","1.763772","0.258997","1.890173","-0.464263","0.564827","0.936448","-0.580967","1.176675"
"2022-04-13","13 Apr 2022","1.413597","-0.279708","1.768813","0.246275","1.897758","-0.489858","0.551007","0.927739","-0.577554","1.172086"
"2022-04-14","14 Apr 2022","1.442527","-0.301899","1.844219","0.229933","1.991455","-0.472904","0.534546","0.918318","-0.595034","1.177451"
"2022-04-19","19 Apr 2022","1.568903","-0.282161","1.975379","0.275600","2.122424","-0.455843","0.604764","1.019076","-0.575710","1.293755"
"2022-04-20","20 Apr 2022","1.493915","-0.284270","1.883391","0.256177","2.024567","-0.469247","0.571925","0.968351","-0.578472","1.230863"
"2022-04-21","21 Apr 2022","1.530317","-0.226276","1.911121","0.328248","2.050940","-0.472026","0.639579","1.024098","-0.562118","1.276683"
"2022-04-22","22 Apr 2022","1.594798","-0.160093","1.949830","0.429301","2.079605","-0.438055","0.742838","1.116279","-0.538866","1.356282"
"2022-04-25","25 Apr 2022","1.523726","-0.176919","1.893217","0.356586","2.028988","-0.452081","0.657106","1.031323","-0.516152","1.277283"
"2022-04-26","26 Apr 2022","1.503945","-0.187708","1.872660","0.325545","2.007636","-0.473313","0.625444","1.005772","-0.512524","1.255594"
"2022-04-27","27 Apr 2022","1.485674","-0.202236","1.895659","0.295319","2.047488","-0.451220","0.584070","0.960214","-0.513816","1.218748"
"2022-04-28","28 Apr 2022","1.584678","-0.166372","1.981973","0.371245","2.127207","-0.427227","0.675007","1.060809","-0.505193","1.320629"
"2022-04-29","29 Apr 2022","1.599278","-0.125769","1.967418","0.447926","2.103362","-0.386769","0.752056","1.117581","-0.493549","1.356975"
"2022-05-02","02 May 2022","1.675342","-0.123514","2.055330","0.448683","2.194431","-0.418724","0.768639","1.163171","-0.488356","1.419951"
"2022-05-03","03 May 2022","1.648122","-0.121477","2.015761","0.449715","2.150033","-0.410155","0.765182","1.150627","-0.486445","1.400320"
"2022-05-04","04 May 2022","1.733040","-0.087288","2.076673","0.528920","2.200763","-0.396515","0.860080","1.250912","-0.484584","1.495793"
"2022-05-05","05 May 2022","1.726962","-0.099207","2.081160","0.491921","2.208770","-0.420215","0.823662","1.226480","-0.477911","1.481007"
"2022-05-06","06 May 2022","1.838513","-0.042693","2.174311","0.581088","2.292941","-0.382834","0.927943","1.342002","-0.443735","1.597514"
"2022-05-09","09 May 2022","1.879990","-0.059556","2.237097","0.537211","2.362247","-0.432636","0.895112","1.341508","-0.439078","1.619693"
"2022-05-10","10 May 2022","1.759926","-0.099157","2.121306","0.441294","2.247919","-0.455638","0.780911","1.219010","-0.438878","1.497371"
"2022-05-11","11 May 2022","1.774936","-0.103970","2.146338","0.413553","2.275382","-0.469362","0.755980","1.210490","-0.425205","1.501601"
"2022-05-12","12 May 2022","1.605146","-0.157762","2.013226","0.299816","2.158948","-0.464751","0.608029","1.033829","-0.437218","1.321445"
"2022-05-13","13 May 2022","1.665132","-0.120856","2.082774","0.361082","2.233644","-0.422585","0.672204","1.094421","-0.417948","1.380163"
"2022-05-16","16 May 2022","1.681802","-0.104432","2.082773","0.387529","2.227622","-0.423643","0.703516","1.125622","-0.410156","1.405927"
"2022-05-17","17 May 2022","1.780503","-0.051810","2.154571","0.483297","2.288130","-0.394019","0.814821","1.242009","-0.388809","1.516649"
"2022-05-18","18 May 2022","1.787739","-0.016281","2.133627","0.531046","2.256208","-0.360858","0.861799","1.277895","-0.363741","1.539873"
"2022-05-19","19 May 2022","1.694212","-0.035764","2.044595","0.475703","2.170147","-0.360127","0.789501","1.190794","-0.358828","1.447667"
"2022-05-20","20 May 2022","1.745769","-0.027565","2.138210","0.495249","2.283201","-0.340403","0.810644","1.216119","-0.357492","1.482196"
"2022-05-23","23 May 2022","1.746200","-0.009512","2.167973","0.510008","2.328057","-0.298141","0.815941","1.210003","-0.337455","1.475119"
"2022-05-24","24 May 2022","1.803284","0.001283","2.208380","0.511051","2.356540","-0.319413","0.830267","1.250397","-0.317651","1.528405"
"2022-05-25","25 May 2022","1.728670","-0.026839","2.169410","0.468875","2.335324","-0.306255","0.770172","1.170198","-0.336289","1.445078"
"2022-05-26","26 May 2022","1.734666","-0.031875","2.198838","0.437932","2.375120","-0.320199","0.739099","1.151449","-0.321993","1.438013"
"2022-05-27","27 May 2022","1.745877","-0.027035","2.162840","0.437179","2.314985","-0.348991","0.748752","1.175419","-0.312904","1.462027"
"2022-05-30","30 May 2022","1.826601","0.025457","2.264851","0.546685","2.432245","-0.277141","0.860676","1.269772","-0.302473","1.545339"
"2022-05-31","31 May 2022","1.897962","0.055099","2.315692","0.614600","2.473030","-0.258844","0.940546","1.352949","-0.299982","1.624729"
"2022-06-01","01 Jun 2022","1.886242","0.063219","2.328457","0.619490","2.499291","-0.230996","0.936891","1.338244","-0.290189","1.607909"
"2022-06-02","02 Jun 2022","2.000819","0.123997","2.411275","0.739192","2.568625","-0.188337","1.073729","1.476712","-0.271891","1.737537"
"2022-06-03","03 Jun 2022","2.094153","0.150490","2.509453","0.787545","2.667206","-0.177624","1.135580","1.554676","-0.259411","1.824286"
"2022-06-06","06 Jun 2022","2.091766","0.175261","2.492779","0.803568","2.643615","-0.151413","1.147949","1.562521","-0.228931","1.827957"
"2022-06-07","07 Jun 2022","2.082949","0.166913","2.476832","0.789070","2.623337","-0.165190","1.134544","1.552912","-0.232622","1.819879"
"2022-06-08","08 Jun 2022","2.114057","0.199665","2.529300","0.852584","2.689714","-0.108643","1.193694","1.593809","-0.223110","1.851624"
"2022-06-09","09 Jun 2022","2.237811","0.261139","2.593082","0.949419","2.722637","-0.091963","1.314494","1.735214","-0.185982","1.992264"
"2022-06-10","10 Jun 2022","2.326719","0.483295","2.609196","1.057690","2.709476","-0.155908","1.434461","1.875642","0.082689","2.117481"
"2022-06-13","13 Jun 2022","2.514715","0.634006","2.742546","1.247248","2.824723","-0.040393","1.648717","2.103776","0.210086","2.333906"
"2022-06-14","14 Jun 2022","2.607304","0.694574","2.866352","1.332682","2.935438","-0.027518","1.738401","2.187054","0.242810","2.415592"
"2022-06-15","15 Jun 2022","2.472853","0.609150","2.783072","1.202649","2.863117","-0.068076","1.581317","2.014214","0.186371","2.253477"
"2022-06-16","16 Jun 2022","2.664599","0.696587","2.921069","1.343559","2.963618","-0.043300","1.753534","2.212912","0.234741","2.455674"
"2022-06-17","17 Jun 2022","2.494725","0.599728","2.816570","1.209855","2.887790","-0.131689","1.585179","2.012076","0.147320","2.258564"
"2022-06-20","20 Jun 2022","2.503522","0.619801","2.823939","1.229752","2.894201","-0.116798","1.602444","2.024551","0.164774","2.268639"
"2022-06-21","21 Jun 2022","2.559857","0.606782","2.883567","1.221320","2.954424","-0.108919","1.609636","2.059270","0.161863","2.317543"
"2022-06-22","22 Jun 2022","2.410101","0.587686","2.768887","1.182861","2.839607","-0.213354","1.519480","1.903531","0.102898","2.150679"
"2022-06-23","23 Jun 2022","2.223660","0.503494","2.634503","1.027633","2.727931","-0.340235","1.303025","1.657856","0.011748","1.927351"
"2022-06-24","24 Jun 2022","2.290977","0.529297","2.688891","1.068863","2.763902","-0.372706","1.346968","1.710000","0.007617","1.988401"
"2022-06-27","27 Jun 2022","2.339467","0.550784","2.714388","1.118340","2.780629","-0.336370","1.416501","1.784080","0.030129","2.051748"
"2022-06-28","28 Jun 2022","2.447176","0.576682","2.822471","1.163654","2.888407","-0.260835","1.490858","1.886558","0.076418","2.159563"
"2022-06-29","29 Jun 2022","2.364504","0.534451","2.782144","1.087711","2.862947","-0.252741","1.399540","1.786802","0.064223","2.063450"
"2022-06-30","30 Jun 2022","2.209055","0.465251","2.640175","0.917436","2.728808","-0.324235","1.175897","1.567670","0.017511","1.878418"
"2022-07-01","01 Jul 2022","2.091865","0.380710","2.548856","0.769199","2.631602","-0.322374","1.011887","1.414900","-0.010741","1.742160"
"2022-07-04","04 Jul 2022","2.182789","0.426701","2.619788","0.852799","2.683012","-0.320901","1.107597","1.511784","0.005095","1.836749"
"2022-07-05","05 Jul 2022","2.107909","0.365165","2.521600","0.755841","2.566478","-0.259880","1.015975","1.436907","0.009301","1.766047"
"2022-07-06","06 Jul 2022","1.996667","0.269563","2.474475","0.618862","2.564319","-0.169894","0.882646","1.311494","0.007528","1.643873"
"2022-07-07","07 Jul 2022","2.142106","0.392028","2.613874","0.777981","2.665937","-0.269957","1.025758","1.438455","0.019495","1.776377"
"2022-07-08","08 Jul 2022","2.138205","0.397329","2.611316","0.775191","2.664273","-0.255340","1.020600","1.433486","0.031246","1.772008"
"2022-07-11","11 Jul 2022","2.091454","0.390269","2.591321","0.728223","2.642539","-0.268735","0.954582","1.364644","0.032861","1.711341"
"2022-07-12","12 Jul 2022","1.953410","0.342852","2.431829","0.640800","2.497993","-0.273460","0.854689","1.255193","0.017227","1.590468"
"2022-07-13","13 Jul 2022","2.031970","0.408365","2.497037","0.742246","2.543040","-0.249544","0.958557","1.346110","0.050823","1.673762"
"2022-07-14","14 Jul 2022","2.074652","0.503428","2.486945","0.862165","2.517526","-0.206183","1.074482","1.437482","0.113982","1.743100"
"2022-07-15","15 Jul 2022","2.018202","0.466883","2.446762","0.828804","2.494343","-0.219713","1.040006","1.392169","0.085598","1.689868"
"2022-07-18","18 Jul 2022","2.084441","0.472366","2.518343","0.864375","2.569228","-0.171681","1.098333","1.461003","0.102799","1.757322"
"2022-07-19","19 Jul 2022","2.096990","0.560179","2.498211","0.952823","2.522070","-0.192396","1.163132","1.496489","0.139801","1.780604"
"2022-07-20","20 Jul 2022","2.090658","0.548676","2.495480","0.953567","2.502255","-0.171492","1.171014","1.498959","0.139207","1.776278"
"2022-07-21","21 Jul 2022","2.180045","0.594244","2.552521","1.049760","2.587108","0.016688","1.327851","1.675523","0.241508","1.916352"
"2022-07-22","22 Jul 2022","1.905232","0.456171","2.338086","0.780813","2.392307","-0.006305","0.993897","1.327741","0.183712","1.599416"
"2022-07-25","25 Jul 2022","1.968817","0.503865","2.412903","0.831864","2.462837","0.009759","1.042387","1.377293","0.216154","1.654567"
"2022-07-26","26 Jul 2022","1.821922","0.445462","2.295625","0.726030","2.383312","0.056604","0.921668","1.243901","0.216340","1.512597"
"2022-07-27","27 Jul 2022","1.849301","0.473301","2.313893","0.762746","2.394861","0.070692","0.959953","1.278841","0.235592","1.543884"
"2022-07-28","28 Jul 2022","1.698123","0.399819","2.196458","0.623338","2.309877","0.075666","0.799159","1.116433","0.215025","1.386129"
"2022-07-29","29 Jul 2022","1.694370","0.419688","2.182123","0.622571","2.288558","0.109316","0.794295","1.113851","0.248738","1.384293"
"2022-08-01","01 Aug 2022","1.641226","0.411456","2.140378","0.582322","2.259174","0.129745","0.746168","1.062418","0.266403","1.331243"
"2022-08-02","02 Aug 2022","1.588846","0.394242","2.068740","0.591266","2.192644","0.115350","0.752515","1.046803","0.235642","1.297304"
"2022-08-03","03 Aug 2022","1.670856","0.423317","2.099543","0.652540","2.190082","0.180978","0.837704","1.145460","0.272787","1.392626"
"2022-08-04","04 Aug 2022","1.613465","0.411772","2.047142","0.628790","2.151961","0.184346","0.805574","1.101577","0.270324","1.341109"
"2022-08-05","05 Aug 2022","1.676218","0.478986","2.122137","0.709737","2.224406","0.180744","0.879097","1.162537","0.301157","1.399818"
"2022-08-08","08 Aug 2022","1.655547","0.470370","2.101376","0.700083","2.209879","0.192764","0.870779","1.151385","0.302051","1.383928"
"2022-08-09","09 Aug 2022","1.734415","0.511594","2.179331","0.761636","2.279580","0.206908","0.941047","1.226523","0.326418","1.460715"
"2022-08-10","10 Aug 2022","1.667822","0.466651","2.106370","0.699626","2.209855","0.197804","0.875586","1.162313","0.301953","1.396684"
"2022-08-11","11 Aug 2022","1.697187","0.492019","2.145601","0.718589","2.249166","0.209658","0.889789","1.178334","0.322735","1.418638"
"2022-08-12","12 Aug 2022","1.745386","0.506746","2.232504","0.736454","2.347863","0.213111","0.908816","1.202713","0.331665","1.451759"
"2022-08-15","15 Aug 2022","1.682324","0.490549","2.161831","0.719372","2.286706","0.204116","0.887031","1.165643","0.318136","1.401339"
"2022-08-16","16 Aug 2022","1.794337","0.524258","2.276493","0.779587","2.386254","0.213799","0.963708","1.259263","0.335544","1.504399"
"2022-08-17","17 Aug 2022","1.880466","0.608214","2.352267","0.881554","2.447919","0.244039","1.064878","1.352440","0.390267","1.593252"
"2022-08-18","18 Aug 2022","1.851498","0.648537","2.334176","0.903115","2.443369","0.271867","1.067227","1.334148","0.428050","1.567268"
"2022-08-19","19 Aug 2022","1.995949","0.731533","2.456992","1.013574","2.538055","0.319886","1.191853","1.471349","0.489317","1.709863"
"2022-08-22","22 Aug 2022","2.073039","0.729130","2.517671","1.063713","2.570518","0.223290","1.259078","1.544991","0.431945","1.785192"
"2022-08-23","23 Aug 2022","2.155324","0.732866","2.571145","1.092411","2.594222","0.192058","1.303703","1.610767","0.415006","1.862701"
"2022-08-24","24 Aug 2022","2.220213","0.758760","2.609305","1.154168","2.618758","0.202868","1.386488","1.699399","0.426626","1.941818"
"2022-08-25","25 Aug 2022","2.157071","0.731140","2.573469","1.091693","2.596744","0.190589","1.303880","1.611831","0.413216","1.864126"
"2022-08-26","26 Aug 2022","2.253352","0.806896","2.646399","1.192852","2.645077","0.049287","1.385493","1.684393","0.383419","1.948541"
"2022-08-29","29 Aug 2022","2.341049","0.900188","2.693553","1.335253","2.702075","0.068772","1.538548","1.821146","0.430608","2.063136"
"2022-08-30","30 Aug 2022","2.341253","0.887123","2.689895","1.337995","2.699397","0.058483","1.549989","1.832270","0.415102","2.068846"
"2022-08-31","31 Aug 2022","2.381086","0.986030","2.716631","1.444611","2.710597","-0.006564","1.627304","1.878481","0.435682","2.109237"
"2022-09-01","01 Sep 2022","2.454416","0.995791","2.820649","1.440130","2.804601","0.038149","1.628117","1.904064","0.465988","2.157583"
"2022-09-02","02 Sep 2022","2.351247","0.956049","2.768336","1.353307","2.775607","0.066439","1.521732","1.787505","0.467817","2.042870"
"2022-09-05","05 Sep 2022","2.440583","1.010159","2.835984","1.443815","2.861955","0.133390","1.634822","1.905386","0.519279","2.149600"
"2022-09-06","06 Sep 2022","2.462260","1.018628","2.845973","1.409507","2.855768","0.155509","1.591686","1.887950","0.546636","2.156279"
"2022-09-07","07 Sep 2022","2.397332","1.016000","2.774393","1.368720","2.806416","0.188702","1.538700","1.833346","0.570785","2.099259"
"2022-09-08","08 Sep 2022","2.461289","1.210796","2.805201","1.525615","2.808285","0.273758","1.655377","1.917208","0.725797","2.172689"
"2022-09-09","09 Sep 2022","2.558587","1.345055","2.927061","1.658050","2.927575","0.320826","1.767026","2.006960","0.819647","2.260733"
"2022-09-12","12 Sep 2022","2.489683","1.346940","2.853392","1.640175","2.870339","0.485094","1.752508","1.979206","0.897505","2.212611"
"2022-09-13","13 Sep 2022","2.509875","1.404475","2.882703","1.720841","2.911266","0.527402","1.829590","2.028930","0.939177","2.243564"
"2022-09-14","14 Sep 2022","2.572071","1.426947","2.899979","1.766524","2.899204","0.520153","1.887747","2.097760","0.943271","2.313550"
"2022-09-15","15 Sep 2022","2.552940","1.451517","2.859863","1.794607","2.861179","0.580066","1.916828","2.113148","0.981848","2.312580"
"2022-09-16","16 Sep 2022","2.608227","1.589586","2.885332","1.922306","2.870069","0.566628","2.012978","2.182422","1.053575","2.375019"
"2022-09-19","19 Sep 2022","2.615174","1.664786","2.917632","1.950003","2.912422","0.654519","2.017338","2.177876","1.146983","2.373666"
"2022-09-20","20 Sep 2022","2.770285","1.800005","3.044517","2.085684","3.012327","0.700543","2.149114","2.319211","1.244229","2.524966"
"2022-09-21","21 Sep 2022","2.695681","1.793442","2.959292","2.085378","2.938156","0.718610","2.142877","2.286258","1.244175","2.469934"
"2022-09-22","22 Sep 2022","2.766424","1.898735","2.978513","2.200008","2.944831","0.790544","2.256764","2.391655","1.332139","2.562590"
"2022-09-23","23 Sep 2022","2.832024","1.905005","2.964290","2.236386","2.910117","0.852128","2.327933","2.491026","1.358104","2.656703"
"2022-09-26","26 Sep 2022","2.943289","1.952087","3.063776","2.330901","2.993414","0.912149","2.444981","2.611119","1.397524","2.771931"
"2022-09-27","27 Sep 2022","3.056588","1.961141","3.224465","2.378745","3.132142","0.914462","2.509679","2.684208","1.392795","2.857516"
"2022-09-28","28 Sep 2022","3.061286","1.888977","3.263091","2.282255","3.182697","0.858410","2.417521","2.628936","1.336732","2.833715"
"2022-09-29","29 Sep 2022","3.109759","1.993306","3.316325","2.350126","3.234666","0.825380","2.451740","2.654859","1.390116","2.870468"
"2022-09-30","30 Sep 2022","2.996374","1.906945","3.231607","2.179040","3.171039","0.821030","2.269200","2.501386","1.369353","2.739473"
"2022-10-03","03 Oct 2022","2.899591","1.868609","3.141751","2.106111","3.096822","0.819200","2.185380","2.412119","1.358090","2.646410"
"2022-10-04","04 Oct 2022","2.755136","1.783605","3.025158","1.977827","3.009205","0.807014","2.046710","2.269170","1.319047","2.501036"
"2022-10-05","05 Oct 2022","2.899672","1.837445","3.174902","2.062758","3.137024","0.797972","2.142641","2.381355","1.336280","2.628847"
"2022-10-06","06 Oct 2022","2.974042","1.913395","3.200927","2.174180","3.131260","0.794972","2.254608","2.480848","1.364880","2.718047"
"2022-10-07","07 Oct 2022","3.111615","1.981501","3.337312","2.291789","3.247070","0.811452","2.384085","2.610306","1.393746","2.849705"
"2022-10-10","10 Oct 2022","3.143817","1.979177","3.397903","2.293098","3.307485","0.822926","2.388749","2.620574","1.396144","2.867969"
"2022-10-11","11 Oct 2022","3.256626","1.989723","3.503180","2.315036","3.367443","0.850489","2.429846","2.693836","1.413490","2.962667"
"2022-10-12","12 Oct 2022","3.337911","2.002760","3.621293","2.292630","3.489059","0.879557","2.412290","2.714362","1.449250","3.014059"
"2022-10-13","13 Oct 2022","3.265789","2.053423","3.549568","2.341328","3.473447","0.892767","2.439126","2.698732","1.480013","2.968783"
"2022-10-14","14 Oct 2022","3.195301","2.039178","3.506835","2.301187","3.432989","0.924869","2.384656","2.628474","1.491678","2.893784"
"2022-10-17","17 Oct 2022","3.172366","2.076366","3.485554","2.364768","3.417332","0.967412","2.440951","2.647291","1.518100","2.887324"
"2022-10-18","18 Oct 2022","3.169251","2.067248","3.474531","2.361521","3.401037","0.966253","2.441320","2.648447","1.510781","2.886973"
"2022-10-19","19 Oct 2022","3.262239","2.115786","3.521063","2.465419","3.421023","0.940901","2.559732","2.763407","1.510346","2.993641"
"2022-10-20","20 Oct 2022","3.338310","2.169666","3.579899","2.496082","3.453210","0.964372","2.587354","2.811687","1.560129","3.059168"
"2022-10-21","21 Oct 2022","3.366587","2.177956","3.616352","2.482595","3.494886","0.983828","2.574993","2.817496","1.582268","3.077902"
"2022-10-24","24 Oct 2022","3.228284","2.134779","3.476254","2.388225","3.378641","0.992292","2.464311","2.697985","1.578013","2.950350"
"2022-10-25","25 Oct 2022","3.102216","2.089450","3.309538","2.296196","3.221993","1.000353","2.366739","2.603045","1.574468","2.846308"
"2022-10-26","26 Oct 2022","3.079343","2.118427","3.294180","2.325761","3.215282","1.014006","2.383457","2.597152","1.593063","2.829051"
"2022-10-27","27 Oct 2022","2.985559","2.058744","3.226536","2.175461","3.160890","1.114097","2.233500","2.476081","1.641361","2.723063"
"2022-10-28","28 Oct 2022","2.981513","2.106310","3.204893","2.230266","3.126531","1.182246","2.280660","2.501099","1.690622","2.732512"
"2022-10-31","31 Oct 2022","3.021516","2.160687","3.273991","2.274064","3.198258","1.183788","2.310173","2.522638","1.723951","2.759220"
"2022-11-01","01 Nov 2022","3.053377","2.160439","3.294413","2.261113","3.218161","1.198543","2.308009","2.542739","1.740319","2.788969"
"2022-11-02","02 Nov 2022","3.037892","2.183819","3.258896","2.283565","3.171329","1.225809","2.324744","2.547211","1.763743","2.783936"
"2022-11-03","03 Nov 2022","3.128882","2.239435","3.318024","2.363779","3.206601","1.286613","2.417191","2.646335","1.813344","2.881945"
"2022-11-04","04 Nov 2022","3.164157","2.309025","3.343409","2.410251","3.220988","1.254674","2.446582","2.672434","1.848546","2.913097"
"2022-11-07","07 Nov 2022","3.215905","2.330730","3.379996","2.447212","3.249473","1.247791","2.490044","2.722882","1.853577","2.966211"
"2022-11-08","08 Nov 2022","3.169524","2.348985","3.352564","2.490888","3.241587","1.332086","2.524975","2.717643","1.882142","2.934690"
"2022-11-09","09 Nov 2022","3.132227","2.353387","3.315652","2.463108","3.207910","1.294733","2.483352","2.674697","1.881163","2.894910"
"2022-11-10","10 Nov 2022","2.945414","2.266992","3.119692","2.271382","3.032921","1.341303","2.286941","2.495613","1.903004","2.716790"
"2022-11-11","11 Nov 2022","3.031393","2.345574","3.233058","2.377800","3.138111","1.392289","2.384053","2.574224","1.950188","2.793206"
"2022-11-14","14 Nov 2022","3.013479","2.353576","3.212736","2.350485","3.113904","1.431959","2.354137","2.551152","1.989355","2.773670"
"2022-11-15","15 Nov 2022","2.961107","2.315468","3.160402","2.347077","3.075575","1.449215","2.354564","2.531860","1.955357","2.736377"
"2022-11-16","16 Nov 2022","2.865441","2.300875","3.050825","2.295927","2.967404","1.430921","2.287955","2.453207","1.953536","2.649943"
"2022-11-17","17 Nov 2022","2.912373","2.347886","3.075206","2.310790","2.985901","1.420149","2.302490","2.486859","1.996912","2.694835"
"2022-11-18","18 Nov 2022","2.864561","2.306306","3.025306","2.255394","2.945949","1.393573","2.250022","2.440634","1.971346","2.649405"
"2022-11-21","21 Nov 2022","2.822458","2.291264","2.969892","2.237376","2.895396","1.400982","2.232228","2.417573","1.967603","2.618230"
"2022-11-22","22 Nov 2022","2.834612","2.299873","2.980589","2.271711","2.907399","1.420219","2.267948","2.443192","1.965370","2.636164"
"2022-11-23","23 Nov 2022","2.753702","2.324715","2.862535","2.287449","2.801945","1.429185","2.270070","2.418291","1.984617","2.586101"
"2022-11-24","24 Nov 2022","2.665523","2.281837","2.778843","2.225137","2.734140","1.430430","2.204014","2.345114","1.969350","2.505231"
"2022-11-25","25 Nov 2022","2.807270","2.353176","2.902546","2.323929","2.820763","1.472315","2.312581","2.466981","2.016557","2.638045"
"2022-11-28","28 Nov 2022","2.841549","2.355211","2.927787","2.344530","2.847886","1.481780","2.344205","2.505828","2.015958","2.676569"
"2022-11-29","29 Nov 2022","2.754301","2.251049","2.880516","2.269165","2.817897","1.571306","2.282046","2.430812","1.975849","2.589556"
"2022-11-30","30 Nov 2022","2.771985","2.271005","2.874671","2.318133","2.794091","1.550468","2.328891","2.465144","1.963047","2.615887"
"2022-12-01","01 Dec 2022","2.639079","2.202202","2.781563","2.160199","2.728499","1.548712","2.159196","2.307228","1.966529","2.468941"
"2022-12-02","02 Dec 2022","2.673403","2.231949","2.804666","2.186958","2.684757","1.514731","2.172875","2.316971","1.965609","2.488186"
"2022-12-05","05 Dec 2022","2.656734","2.262053","2.784495","2.260072","2.687778","1.517116","2.236072","2.344211","1.956567","2.491283"
"2022-12-06","06 Dec 2022","2.593697","2.227028","2.723510","2.212944","2.647740","1.539920","2.190700","2.296427","1.951893","2.436598"
"2022-12-07","07 Dec 2022","2.574089","2.205620","2.719856","2.166011","2.657715","1.540379","2.145122","2.262182","1.954108","2.409825"
"2022-12-08","08 Dec 2022","2.626631","2.220626","2.740870","2.180877","2.647581","1.653924","2.181099","2.317624","2.018010","2.467706"
"2022-12-09","09 Dec 2022","2.705244","2.311037","2.822465","2.304857","2.724845","1.634981","2.289613","2.402912","2.038638","2.546622"
"2022-12-12","12 Dec 2022","2.684324","2.323923","2.800907","2.313098","2.708253","1.644419","2.290660","2.393218","2.049890","2.530600"
"2022-12-13","13 Dec 2022","2.652588","2.281091","2.777656","2.254327","2.686204","1.653292","2.238044","2.351743","2.038788","2.494284"
"2022-12-14","14 Dec 2022","2.746076","2.304078","2.887016","2.285749","2.780063","1.659457","2.278528","2.411077","2.053723","2.569900"
"2022-12-15","15 Dec 2022","2.890550","2.461391","3.040101","2.442664","3.028429","1.691454","2.435533","2.574051","2.164300","2.729173"
"2022-12-16","16 Dec 2022","3.061440","2.565566","3.130653","2.646836","3.017295","1.673641","2.643461","2.761765","2.167289","2.909011"
"2022-12-19","19 Dec 2022","3.089609","2.554848","3.186532","2.616624","3.057091","1.665416","2.612916","2.747667","2.166542","2.913590"
"2022-12-20","20 Dec 2022","3.196358","2.599818","3.294112","2.677566","3.142105","1.685870","2.682211","2.830691","2.196344","3.008394"
"2022-12-21","21 Dec 2022","3.165441","2.573917","3.279634","2.665084","3.143221","1.761028","2.677640","2.817327","2.206611","2.984130"
"2022-12-22","22 Dec 2022","3.236651","2.592583","3.339495","2.720876","3.196244","1.867401","2.756623","2.902585","2.250134","3.063626"
"2022-12-23","23 Dec 2022","3.265487","2.616360","3.377962","2.773351","3.239710","1.872535","2.809828","2.941703","2.253682","3.094889"
"2022-12-27","27 Dec 2022","3.335899","2.628087","3.477775","2.802093","3.337344","1.857639","2.844336","2.984554","2.248538","3.148661"
"2022-12-28","28 Dec 2022","3.349420","2.624931","3.494192","2.800883","3.354719","1.862526","2.847032","2.992710","2.248840","3.159771"
"2022-12-29","29 Dec 2022","3.336645","2.664912","3.491641","2.814782","3.360401","1.907366","2.847279","2.983311","2.298355","3.147297"
"2022-12-30","30 Dec 2022","3.392043","2.710039","3.558007","2.875466","3.417229","1.877721","2.901500","3.029164","2.304457","3.195050"
"2023-01-02","02 Jan 2023","3.311268","2.719772","3.471778","2.841606","3.349490","2.027159","2.862171","2.980787","2.388621","3.131849"
"2023-01-03","03 Jan 2023","3.226081","2.748353","3.377372","2.804272","3.243065","2.011987","2.792482","2.897178","2.420358","3.047161"
"2023-01-04","04 Jan 2023","3.123419","2.734448","3.290786","2.736179","3.181586","2.080358","2.711628","2.807938","2.462031","2.950387"
"2023-01-05","05 Jan 2023","3.177262","2.774067","3.348614","2.785814","3.238327","2.136517","2.765637","2.862401","2.504572","3.004091"
"2023-01-06","06 Jan 2023","3.109911","2.798491","3.276823","2.786160","3.172964","2.129853","2.743837","2.816230","2.521196","2.945858"
"2023-01-09","09 Jan 2023","3.097517","2.768448","3.286442","2.746821","3.207177","2.196835","2.716888","2.801031","2.539060","2.932194"
"2023-01-10","10 Jan 2023","3.104584","2.783399","3.289383","2.765601","3.206196","2.207180","2.733964","2.813537","2.549521","2.941803"
"2023-01-11","11 Jan 2023","2.994296","2.760070","3.184008","2.725165","3.129212","2.239673","2.682448","2.738673","2.553421","2.848027"
"2023-01-12","12 Jan 2023","2.920108","2.730366","3.127397","2.662508","3.098607","2.272117","2.615932","2.670416","2.564935","2.776238"
"2023-01-13","13 Jan 2023","2.888347","2.726590","3.108237","2.642671","3.091069","2.260809","2.588035","2.637376","2.563890","2.742565"
"2023-01-16","16 Jan 2023","2.944412","2.740323","3.170996","2.673738","3.148494","2.256242","2.624843","2.680816","2.562773","2.791887"
"2023-01-17","17 Jan 2023","2.909249","2.727600","3.133272","2.633037","3.111392","2.283945","2.584093","2.645318","2.582454","2.757524"
"2023-01-18","18 Jan 2023","2.696349","2.616945","2.918661","2.500373","2.938013","2.270640","2.444207","2.481389","2.521166","2.569199"
"2023-01-19","19 Jan 2023","2.763012","2.691122","2.974107","2.571128","2.970775","2.301954","2.508344","2.543364","2.577051","2.633475"
"2023-01-20","20 Jan 2023","2.883626","2.744237","3.109391","2.644632","3.099440","2.298178","2.586999","2.634697","2.597242","2.738521"
"2023-01-23","23 Jan 2023","2.947852","2.750336","3.175055","2.667529","3.147771","2.295584","2.619948","2.680955","2.594288","2.794055"
"2023-01-24","24 Jan 2023","2.948931","2.753124","3.164156","2.679566","3.128143","2.292942","2.632289","2.689785","2.589747","2.799553"
"2023-01-25","25 Jan 2023","2.865812","2.708941","3.080205","2.605491","3.059494","2.319761","2.559140","2.617739","2.592384","2.723046"
"2023-01-26","26 Jan 2023","2.937773","2.738997","3.159176","2.651581","3.134934","2.351886","2.613228","2.679640","2.617025","2.789808"
"2023-01-27","27 Jan 2023","3.007382","2.761299","3.225858","2.693473","3.188864","2.367820","2.664112","2.739598","2.628977","2.855136"
"2023-01-30","30 Jan 2023","3.048388","2.803385","3.248447","2.764231","3.201129","2.378047","2.733418","2.797260","2.641327","2.904737"
"2023-01-31","31 Jan 2023","3.052784","2.818605","3.257144","2.747243","3.194923","2.351529","2.707034","2.778123","2.654227","2.896911"
"2023-02-01","01 Feb 2023","3.036134","2.803485","3.242075","2.757406","3.200477","2.387757","2.724529","2.786424","2.648237","2.892724"
"2023-02-02","02 Feb 2023","2.889912","2.742031","3.108819","2.593872","3.072499","2.396498","2.548714","2.621681","2.673468","2.737386"
"2023-02-03","03 Feb 2023","2.905182","2.748034","3.166628","2.619841","3.183422","2.444232","2.579376","2.645452","2.685121","2.754256"
"2023-02-06","06 Feb 2023","3.016479","2.772142","3.251221","2.687241","3.223962","2.410616","2.659477","2.740475","2.663861","2.859475"
"2023-02-07","07 Feb 2023","3.046088","2.782488","3.264461","2.717413","3.224534","2.413737","2.694534","2.776000","2.661374","2.893210"
"2023-02-08","08 Feb 2023","3.099719","2.869839","3.308144","2.797278","3.245136","2.422048","2.757785","2.827581","2.714086","2.944675"
"2023-02-09","09 Feb 2023","3.027633","2.865016","3.235990","2.763141","3.187847","2.458618","2.715067","2.773973","2.739614","2.881697"
"2023-02-10","10 Feb 2023","3.089971","2.912681","3.292584","2.842011","3.249263","2.506599","2.798641","2.850896","2.770907","2.951482"
"2023-02-13","13 Feb 2023","3.098197","2.945897","3.282376","2.870618","3.231842","2.546668","2.824875","2.872236","2.808665","2.967461"
"2023-02-14","14 Feb 2023","3.126588","2.998928","3.309831","2.926360","3.254951","2.561723","2.870999","2.906497","2.840973","2.997551"
"2023-02-15","15 Feb 2023","3.205608","3.020984","3.384361","2.966595","3.312891","2.577620","2.922295","2.971045","2.854878","3.070219"
"2023-02-16","16 Feb 2023","3.274907","3.033863","3.462919","3.000607","3.403755","2.653662","2.975389","3.037646","2.888777","3.139096"
"2023-02-17","17 Feb 2023","3.224951","3.030382","3.406745","2.973567","3.350399","2.666582","2.941146","2.997652","2.902266","3.094503"
"2023-02-20","20 Feb 2023","3.200724","3.047038","3.377266","2.980858","3.328016","2.688230","2.941545","2.987948","2.923473","3.077509"
"2023-02-21","21 Feb 2023","3.335263","3.092800","3.516478","3.074622","3.451946","2.696693","3.049020","3.105285","2.933159","3.202926"
"2023-02-22","22 Feb 2023","3.325267","3.102534","3.512895","3.066410","3.443472","2.670071","3.030711","3.084997","2.934088","3.186690"
"2023-02-23","23 Feb 2023","3.289231","3.110886","3.475903","3.042233","3.413685","2.715530","3.001439","3.054869","2.973383","3.154182"
"2023-02-24","24 Feb 2023","3.349951","3.178109","3.510242","3.152206","3.431722","2.731013","3.108204","3.141522","2.995680","3.227758"
"2023-02-27","27 Feb 2023","3.363061","3.193231","3.531050","3.170452","3.460180","2.736939","3.124644","3.154701","3.004911","3.240053"
"2023-02-28","28 Feb 2023","3.498759","3.253795","3.678823","3.282327","3.597388","2.733698","3.246049","3.276646","3.018332","3.366544"
"2023-03-01","01 Mar 2023","3.470363","3.276940","3.631189","3.294549","3.553639","2.785156","3.253223","3.273177","3.056576","3.351977"
"2023-03-02","02 Mar 2023","3.515381","3.293257","3.673994","3.308832","3.591307","2.843037","3.277374","3.310863","3.093500","3.394851"
"2023-03-03","03 Mar 2023","3.488938","3.310123","3.639303","3.312039","3.555026","2.853720","3.271330","3.295397","3.111506","3.373918"
"2023-03-06","06 Mar 2023","3.500967","3.365743","3.638824","3.387530","3.539811","2.803077","3.329550","3.324877","3.110174","3.391991"
"2023-03-07","07 Mar 2023","3.461807","3.375429","3.614600","3.361510","3.525213","2.797453","3.287453","3.278256","3.125084","3.347849"
"2023-03-08","08 Mar 2023","3.398540","3.392160","3.536230","3.388947","3.473027","2.849609","3.308614","3.268539","3.149814","3.311107"
"2023-03-09","09 Mar 2023","3.405173","3.382237","3.557929","3.365395","3.499572","2.851456","3.286284","3.257348","3.150981","3.308733"
"2023-03-10","10 Mar 2023","3.239894","3.259788","3.415857","3.163789","3.392188","2.849578","3.083783","3.077163","3.115944","3.138110"
"2023-03-13","13 Mar 2023","3.046835","2.882619","3.269749","2.780880","3.284028","2.696434","2.761467","2.827426","2.863184","2.920275"
"2023-03-14","14 Mar 2023","3.253207","3.083680","3.426582","3.046833","3.378992","2.721529","3.011782","3.051806","2.944112","3.135434"
"2023-03-15","15 Mar 2023","3.015350","2.761461","3.235614","2.695426","3.251012","2.641630","2.702955","2.789282","2.761989","2.887612"
"2023-03-16","16 Mar 2023","3.022127","2.788421","3.262853","2.689902","3.290049","2.721447","2.694383","2.783652","2.837076","2.886805"
"2023-03-17","17 Mar 2023","2.965049","2.764869","3.188755","2.656199","3.212423","2.763358","2.659841","2.743047","2.852750","2.839083"
"2023-03-20","20 Mar 2023","2.897342","2.680457","3.174324","2.597843","3.281083","2.678127","2.604776","2.681541","2.748661","2.771792"
"2023-03-21","21 Mar 2023","3.044450","2.800119","3.276466","2.733826","3.325467","2.789378","2.748689","2.832371","2.857487","2.923739"
"2023-03-22","22 Mar 2023","3.173868","2.935827","3.363486","2.875114","3.355433","2.825906","2.883390","2.965079","2.937458","3.056662"
"2023-03-23","23 Mar 2023","3.027675","2.842698","3.273158","2.766093","3.366136","2.842088","2.770715","2.837357","2.905418","2.916733"
"2023-03-24","24 Mar 2023","2.905449","2.745228","3.176535","2.668397","3.325349","2.749346","2.668643","2.725849","2.806924","2.798523"
"2023-03-27","27 Mar 2023","3.086453","2.768708","3.375547","2.717414","3.233920","2.845615","2.709732","2.776093","2.815729","2.895221"
"2023-03-28","28 Mar 2023","3.108819","2.779764","3.407792","2.729840","3.271010","2.855565","2.723457","2.792327","2.826057","2.913932"
"2023-03-29","29 Mar 2023","3.136466","2.803370","3.419406","2.767172","3.286577","2.862861","2.767817","2.838450","2.839462","2.953861"
"2023-03-30","30 Mar 2023","3.199654","2.862247","3.448986","2.849472","3.331454","2.894304","2.862344","2.936221","2.881142","3.040426"
"2023-03-31","31 Mar 2023","3.146233","2.881178","3.397306","2.834768","3.258952","2.948955","2.826031","2.880005","2.922729","2.981156"
"2023-04-03","03 Apr 2023","3.116113","2.873652","3.373718","2.820868","3.242466","2.947328","2.807190","2.854607","2.919019","2.952394"
"2023-04-04","04 Apr 2023","3.149132","2.885108","3.410146","2.835602","3.274817","2.956314","2.825082","2.878179","2.928825","2.980577"
"2023-04-05","05 Apr 2023","3.054581","2.825459","3.343445","2.726991","3.176578","2.954357","2.690619","2.733774","2.905283","2.852556"
"2023-04-06","06 Apr 2023","2.994546","2.797650","3.270793","2.698365","3.112959","2.925437","2.659379","2.694501","2.876930","2.804250"
"2023-04-11","11 Apr 2023","3.130103","2.955869","3.414404","2.847963","3.259341","3.092260","2.802926","2.831360","3.040654","2.938947"
"2023-04-12","12 Apr 2023","3.173108","2.931382","3.456014","2.887203","3.359420","2.993542","2.876833","2.922398","2.969652","3.014703"
"2023-04-13","13 Apr 2023","3.148639","2.958000","3.439760","2.901669","3.356230","3.030884","2.881328","2.912413","3.003256","2.995955"
"2023-04-14","14 Apr 2023","3.213236","2.969348","3.471505","2.942072","3.387949","3.011769","2.940539","2.988366","2.995238","3.072308"
"2023-04-17","17 Apr 2023","3.282067","3.061495","3.567749","3.004593","3.449940","3.137328","2.986302","3.025521","3.108428","3.118466"
"2023-04-18","18 Apr 2023","3.250551","3.075338","3.531310","3.007799","3.418103","3.160936","2.981068","3.008251","3.128591","3.093555"
"2023-04-19","19 Apr 2023","3.308785","3.100180","3.551984","3.050302","3.424138","3.167849","3.035501","3.074166","3.141980","3.160332"
"2023-04-20","20 Apr 2023","3.279699","3.088536","3.541260","3.030466","3.423275","3.164365","3.009972","3.042756","3.135563","3.127921"
"2023-04-21","21 Apr 2023","3.293890","3.088986","3.564747","3.031956","3.448645","3.164320","3.012811","3.048802","3.135650","3.137369"
"2023-04-24","24 Apr 2023","3.312926","3.101341","3.545612","3.055255","3.416259","3.164935","3.042765","3.082936","3.140557","3.168070"
"2023-04-25","25 Apr 2023","3.230084","3.052868","3.514139","2.982587","3.401169","3.141981","2.954703","2.982365","3.108300","3.069764"
"2023-04-26","26 Apr 2023","3.178368","2.989030","3.506484","2.912167","3.412309","3.085867","2.881076","2.909455","3.049312","3.003430"
"2023-04-27","27 Apr 2023","3.234775","3.020538","3.547728","2.961460","3.456507","3.097819","2.941041","2.977038","3.068468","3.068831"
"2023-04-28","28 Apr 2023","3.151064","2.984579","3.473381","2.907590","3.383012","3.079874","2.874707","2.897035","3.044022","2.984272"
"2023-05-02","02 May 2023","3.164778","2.996211","3.478719","2.917530","3.372098","3.093903","2.884147","2.907391","3.057123","2.996328"
"2023-05-03","03 May 2023","3.101781","2.957676","3.418568","2.847222","3.280776","3.092982","2.797201","2.814251","3.042115","2.913556"
"2023-05-04","04 May 2023","3.095671","2.947645","3.479108","2.812012","3.349786","3.112431","2.748943","2.763344","3.050568","2.876749"
"2023-05-05","05 May 2023","3.141269","2.931816","3.518749","2.798272","3.357046","3.099375","2.741440","2.773475","3.036072","2.904341"
"2023-05-08","08 May 2023","3.176876","2.964387","3.537163","2.848995","3.382049","3.109780","2.800988","2.834125","3.054831","2.956039"
"2023-05-09","09 May 2023","3.193714","2.964225","3.565132","2.849607","3.411169","3.109661","2.803044","2.840182","3.054627","2.966598"
"2023-05-10","10 May 2023","3.139315","2.936186","3.519528","2.812672","3.375374","3.090374","2.759703","2.789275","3.032197","2.912572"
"2023-05-11","11 May 2023","3.070486","2.922875","3.442195","2.779311","3.293913","3.098115","2.713003","2.728456","3.032249","2.846377"
"2023-05-12","12 May 2023","3.098327","2.960396","3.476737","2.815034","3.328502","3.136617","2.746760","2.758785","3.070476","2.874654"
"2023-05-15","15 May 2023","3.171178","2.970760","3.538070","2.845741","3.381607","3.127073","2.792224","2.821940","3.068070","2.945487"
"2023-05-16","16 May 2023","3.169063","2.978902","3.558791","2.853727","3.420233","3.133590","2.798547","2.823665","3.075343","2.943795"
"2023-05-17","17 May 2023","3.166404","2.991694","3.532224","2.873613","3.395314","3.137091","2.821086","2.843302","3.082384","2.955223"
"2023-05-18","18 May 2023","3.294596","3.063890","3.658811","2.960840","3.507714","3.194941","2.919687","2.956961","3.145349","3.077370"
"2023-05-19","19 May 2023","3.318686","3.087216","3.675057","2.990688","3.524568","3.210375","2.952748","2.990476","3.163750","3.107591"
"2023-05-22","22 May 2023","3.293507","3.076022","3.645362","2.974026","3.492607","3.205132","2.932628","2.967022","3.156315","3.083063"
"2023-05-23","23 May 2023","3.310575","3.077478","3.665960","2.999591","3.548156","3.177762","2.970530","3.008655","3.139762","3.115857"
"2023-05-24","24 May 2023","3.275075","3.080642","3.618918","2.981402","3.477639","3.204742","2.939634","2.968122","3.157930","3.075809"
"2023-05-25","25 May 2023","3.318661","3.125552","3.640178","3.035173","3.494946","3.239231","2.997961","3.027294","3.196310","3.130007"
"2023-05-26","26 May 2023","3.365988","3.149357","3.694259","3.067419","3.553401","3.254165","3.035802","3.071016","3.214484","3.175977"
"2023-05-29","29 May 2023","3.269378","3.151467","3.592075","3.039378","3.450370","3.286021","2.985987","2.994717","3.235646","3.086861"
"2023-05-30","30 May 2023","3.197312","3.113873","3.540727","2.980773","3.400802","3.271185","2.914388","2.912719","3.212452","3.005858"
"2023-05-31","31 May 2023","3.108333","3.047182","3.482911","2.895854","3.359167","3.224821","2.818737","2.809849","3.158571","2.905931"
"2023-06-01","01 Jun 2023","3.087554","3.059451","3.453519","2.892211","3.318107","3.254746","2.805446","2.788509","3.181966","2.883671"
"2023-06-02","02 Jun 2023","3.100703","3.068704","3.458100","2.932277","3.360528","3.225825","2.860017","2.843657","3.167475","2.922922"
"2023-06-05","05 Jun 2023","3.174961","3.153655","3.516154","3.014393","3.405639","3.313970","2.940376","2.922105","3.254430","3.000006"
"2023-06-06","06 Jun 2023","3.166503","3.149065","3.529130","3.000398","3.417566","3.319852","2.921019","2.900211","3.256451","2.981824"
"2023-06-07","07 Jun 2023","3.182824","3.174761","3.524783","3.028742","3.404795","3.342105","2.950321","2.928076","3.280011","3.005738"
"2023-06-08","08 Jun 2023","3.229515","3.184578","3.569853","3.046068","3.442016","3.345650","2.974172","2.962176","3.285707","3.046792"
"2023-06-09","09 Jun 2023","3.190603","3.173795","3.521420","3.041458","3.411081","3.325220","2.970382","2.951069","3.269063","3.023909"
"2023-06-12","12 Jun 2023","3.165879","3.311151","3.457971","3.026647","3.424029","3.252882","2.885591","2.883011","3.367969","2.991298"
"2023-06-13","13 Jun 2023","3.180463","3.345957","3.468090","3.067790","3.436779","3.280386","2.922480","2.909657","3.394944","3.011466"
"2023-06-14","14 Jun 2023","3.248958","3.373538","3.516304","3.124254","3.459801","3.286251","2.987042","2.977487","3.402053","3.080675"
"2023-06-15","15 Jun 2023","3.225694","3.451342","3.466025","3.196797","3.405974","3.344900","3.039362","2.995650","3.468201","3.077457"
"2023-06-16","16 Jun 2023","3.212999","3.474258","3.430849","3.229499","3.360383","3.342625","3.065685","3.005656","3.474682","3.076277"
"2023-06-19","19 Jun 2023","3.265100","3.476382","3.481307","3.252164","3.406118","3.358887","3.101311","3.051370","3.476970","3.125912"
"2023-06-20","20 Jun 2023","3.186127","3.482774","3.385963","3.247777","3.317146","3.357090","3.081358","3.006026","3.480654","3.063386"
"2023-06-21","21 Jun 2023","3.217529","3.508240","3.404927","3.267936","3.314462","3.351564","3.099161","3.028575","3.495274","3.091214"
"2023-06-22","22 Jun 2023","3.251188","3.552349","3.414750","3.329517","3.304222","3.376584","3.159283","3.077319","3.523436","3.132525"
"2023-06-23","23 Jun 2023","3.114536","3.509746","3.315941","3.230234","3.249625","3.359950","3.036974","2.942837","3.510060","2.994507"
"2023-06-26","26 Jun 2023","3.104026","3.523404","3.310423","3.230717","3.249945","3.360199","3.030735","2.933095","3.522574","2.983942"
"2023-06-27","27 Jun 2023","3.089780","3.533058","3.281260","3.244933","3.213872","3.362395","3.041025","2.933369","3.525919","2.977158"
"2023-06-28","28 Jun 2023","3.114597","3.523799","3.301265","3.261828","3.236210","3.413118","3.072011","2.966255","3.532852","3.006407"
"2023-06-29","29 Jun 2023","3.187548","3.571164","3.363225","3.332854","3.284883","3.436891","3.149033","3.042308","3.562115","3.081007"
"2023-06-30","30 Jun 2023","3.220138","3.597774","3.391238","3.364024","3.304334","3.437473","3.179579","3.072807","3.576055","3.112585"
"2023-07-03","03 Jul 2023","3.193482","3.607985","3.337578","3.383740","3.241905","3.442868","3.196291","3.074168","3.579744","3.100688"
"2023-07-04","04 Jul 2023","3.234996","3.615921","3.397937","3.390944","3.306961","3.450538","3.207326","3.095902","3.588705","3.131615"
"2023-07-05","05 Jul 2023","3.226189","3.592384","3.403759","3.347576","3.332221","3.482021","3.170103","3.075204","3.597715","3.118346"
"2023-07-06","06 Jul 2023","3.383703","3.658773","3.545410","3.467662","3.440928","3.491610","3.308588","3.222719","3.623071","3.271074"
"2023-07-07","07 Jul 2023","3.411238","3.623079","3.581519","3.428747","3.471840","3.490960","3.282594","3.222082","3.606120","3.286035"
"2023-07-10","10 Jul 2023","3.428590","3.629583","3.606386","3.425149","3.496469","3.507055","3.279263","3.226611","3.620738","3.297101"
"2023-07-11","11 Jul 2023","3.440365","3.659223","3.614933","3.461075","3.505735","3.536565","3.312523","3.249727","3.646952","3.313697"
"2023-07-12","12 Jul 2023","3.380876","3.632235","3.576009","3.414243","3.495532","3.549994","3.260422","3.193975","3.643438","3.255176"
"2023-07-13","13 Jul 2023","3.241298","3.573923","3.439327","3.291683","3.375437","3.528757","3.121330","3.056296","3.624396","3.118119"
"2023-07-14","14 Jul 2023","3.250966","3.599323","3.448070","3.319304","3.383407","3.530527","3.143780","3.071052","3.637708","3.129585"
"2023-07-17","17 Jul 2023","3.253858","3.625478","3.456675","3.343174","3.396077","3.519443","3.159278","3.077277","3.647560","3.132816"
"2023-07-18","18 Jul 2023","3.127999","3.562255","3.341074","3.219352","3.302815","3.528804","3.027330","2.951225","3.640661","3.008001"
"2023-07-19","19 Jul 2023","3.151046","3.549048","3.365728","3.225625","3.323411","3.501731","3.040141","2.968372","3.614267","3.028011"
"2023-07-20","20 Jul 2023","3.216958","3.586041","3.407960","3.303324","3.346273","3.527913","3.125621","3.047538","3.629359","3.101130"
"2023-07-21","21 Jul 2023","3.195506","3.587949","3.399674","3.290666","3.348877","3.520033","3.105529","3.023697","3.631951","3.077357"
"2023-07-24","24 Jul 2023","3.165003","3.551476","3.372808","3.229550","3.326104","3.540824","3.049497","2.982580","3.632039","3.043075"
"2023-07-25","25 Jul 2023","3.188921","3.567338","3.402085","3.254093","3.361036","3.554986","3.075584","3.007229","3.643362","3.066837"
"2023-07-26","26 Jul 2023","3.222147","3.590391","3.428921","3.303155","3.381382","3.541797","3.125167","3.048229","3.639536","3.103211"
"2023-07-27","27 Jul 2023","3.169583","3.541718","3.390425","3.239617","3.366888","3.559847","3.066067","2.995565","3.626001","3.051047"
"2023-07-28","28 Jul 2023","3.232301","3.537592","3.470829","3.237738","3.436639","3.523481","3.072262","3.022866","3.610672","3.095707"
"2023-07-31","31 Jul 2023","3.235747","3.522038","3.444881","3.240254","3.391631","3.549188","3.084852","3.038040","3.605702","3.107354"
"2023-08-01","01 Aug 2023","3.279599","3.541456","3.525486","3.257436","3.489988","3.563178","3.101522","3.059797","3.623470","3.137502"
"2023-08-02","02 Aug 2023","3.268978","3.509875","3.534916","3.200777","3.506989","3.564661","3.048840","3.025059","3.618802","3.115008"
"2023-08-03","03 Aug 2023","3.354906","3.512215","3.614455","3.219801","3.556581","3.534960","3.082247","3.081971","3.605215","3.187866"
"2023-08-04","04 Aug 2023","3.331218","3.519791","3.572467","3.228724","3.508249","3.551015","3.086724","3.075910","3.613653","3.173606"
"2023-08-07","07 Aug 2023","3.349921","3.511872","3.595352","3.214005","3.530144","3.549585","3.078878","3.081731","3.614862","3.186791"
"2023-08-08","08 Aug 2023","3.216779","3.462806","3.466096","3.140393","3.428312","3.563854","2.992602","2.975772","3.598500","3.066366"
"2023-08-09","09 Aug 2023","3.264553","3.485755","3.513797","3.178252","3.458886","3.526768","3.028639","3.011895","3.589021","3.107368"
"2023-08-10","10 Aug 2023","3.260141","3.490140","3.518727","3.198392","3.471466","3.502271","3.043284","3.013594","3.571833","3.103920"
"2023-08-11","11 Aug 2023","3.372992","3.517208","3.614174","3.246039","3.528225","3.504721","3.106631","3.100428","3.584130","3.205913"
"2023-08-14","14 Aug 2023","3.403875","3.534314","3.636596","3.281185","3.547254","3.529495","3.146965","3.138703","3.597224","3.240850"
"2023-08-15","15 Aug 2023","3.460928","3.585130","3.678516","3.331254","3.569073","3.552833","3.196340","3.191468","3.637246","3.296768"
"2023-08-16","16 Aug 2023","3.430454","3.558479","3.673163","3.303250","3.586381","3.528707","3.166245","3.158168","3.611595","3.262963"
"2023-08-17","17 Aug 2023","3.469267","3.582345","3.711703","3.315761","3.624068","3.606880","3.185125","3.188887","3.664343","3.298987"
"2023-08-18","18 Aug 2023","3.403913","3.542040","3.651452","3.254434","3.586139","3.636773","3.126061","3.132609","3.663420","3.239213"
"2023-08-21","21 Aug 2023","3.465001","3.568116","3.720317","3.301770","3.643141","3.591675","3.172824","3.179405","3.650312","3.291533"
"2023-08-22","22 Aug 2023","3.439665","3.566072","3.687774","3.303378","3.608310","3.569661","3.168816","3.165080","3.636747","3.271300"
"2023-08-23","23 Aug 2023","3.294777","3.500305","3.522036","3.186652","3.443134","3.567154","3.042844","3.037009","3.618875","3.137346"
"2023-08-24","24 Aug 2023","3.297593","3.492301","3.518503","3.188686","3.432719","3.559102","3.046994","3.040903","3.606104","3.140940"
"2023-08-25","25 Aug 2023","3.328955","3.513736","3.542605","3.226910","3.454735","3.580459","3.088696","3.079642","3.620169","3.176253"
"2023-08-28","28 Aug 2023","3.336583","3.559947","3.557625","3.259018","3.469379","3.580934","3.106478","3.086459","3.650312","3.181652"
"2023-08-29","29 Aug 2023","3.333612","3.562121","3.556450","3.274259","3.477262","3.582905","3.121902","3.094118","3.646067","3.183362"
"2023-08-30","30 Aug 2023","3.302380","3.573288","3.533857","3.262070","3.465664","3.586054","3.099412","3.065573","3.662347","3.152695"
"2023-08-31","31 Aug 2023","3.249498","3.506794","3.485340","3.185874","3.427715","3.574750","3.031744","3.009319","3.625888","3.099402"
"2023-09-01","01 Sep 2023","3.300197","3.500812","3.544110","3.188094","3.485392","3.580790","3.046975","3.042180","3.625421","3.141946"
"2023-09-04","04 Sep 2023","3.346071","3.540401","3.603662","3.228610","3.547437","3.585140","3.083920","3.078414","3.649282","3.181553"
"2023-09-05","05 Sep 2023","3.374104","3.553326","3.639812","3.240019","3.585581","3.598780","3.097658","3.097605","3.664195","3.204922"
"2023-09-06","06 Sep 2023","3.391240","3.568926","3.645455","3.276892","3.585887","3.601850","3.134985","3.126690","3.663694","3.228055"
"2023-09-07","07 Sep 2023","3.401482","3.576371","3.643135","3.288214","3.570238","3.605876","3.146759","3.138410","3.667802","3.239692"
"2023-09-08","08 Sep 2023","3.376104","3.572422","3.615184","3.272149","3.541627","3.594888","3.125954","3.115371","3.665766","3.215616"
"2023-09-11","11 Sep 2023","3.412274","3.579343","3.670190","3.297537","3.611354","3.615463","3.156952","3.146896","3.670347","3.248012"
"2023-09-12","12 Sep 2023","3.419969","3.605182","3.668646","3.315589","3.606008","3.653722","3.172795","3.160664","3.704211","3.259418"
"2023-09-13","13 Sep 2023","3.435411","3.640620","3.670566","3.358513","3.601609","3.710107","3.213209","3.190578","3.743026","3.282052"
"2023-09-14","14 Sep 2023","3.400083","3.668708","3.638145","3.342200","3.568711","3.692382","3.178944","3.151928","3.769530","3.244722"
"2023-09-15","15 Sep 2023","3.470526","3.700749","3.719007","3.388266","3.647066","3.719541","3.230140","3.208969","3.793817","3.307640"
"2023-09-18","18 Sep 2023","3.510897","3.716228","3.753496","3.424245","3.680976","3.762620","3.274748","3.254733","3.812762","3.351238"
"2023-09-19","19 Sep 2023","3.527024","3.722677","3.762169","3.442759","3.680713","3.745586","3.294309","3.272554","3.804449","3.368293"
"2023-09-20","20 Sep 2023","3.499944","3.701500","3.741154","3.416361","3.667752","3.748553","3.267863","3.246024","3.795241","3.341248"
"2023-09-21","21 Sep 2023","3.549256","3.726981","3.794763","3.439508","3.710516","3.757407","3.292119","3.278566","3.815363","3.382000"
"2023-09-22","22 Sep 2023","3.554489","3.708240","3.809537","3.424125","3.725902","3.717247","3.279379","3.272168","3.787481","3.381042"
"2023-09-25","25 Sep 2023","3.605129","3.711044","3.878751","3.429827","3.798029","3.727902","3.293065","3.300404","3.794431","3.420017"
"2023-09-26","26 Sep 2023","3.619795","3.702741","3.899391","3.432759","3.817527","3.727715","3.299730","3.309012","3.784721","3.430978"
"2023-09-27","27 Sep 2023","3.624080","3.702776","3.897803","3.431396","3.808825","3.739265","3.299750","3.311635","3.790288","3.434970"
"2023-09-28","28 Sep 2023","3.816420","3.760230","4.081136","3.549240","3.952069","3.758467","3.442288","3.474875","3.811623","3.613038"
"2023-09-29","29 Sep 2023","3.665680","3.708543","3.943669","3.436010","3.842682","3.751382","3.309185","3.333415","3.800256","3.466795"
"2023-10-02","02 Oct 2023","3.728587","3.720329","4.001005","3.449781","3.879923","3.752192","3.331965","3.374774","3.809675","3.520393"
"2023-10-03","03 Oct 2023","3.769816","3.711763","4.074546","3.437637","3.970683","3.754895","3.329095","3.389926","3.810811","3.547774"
"2023-10-04","04 Oct 2023","3.810930","3.697340","4.099410","3.476618","3.989102","3.798788","3.386998","3.445993","3.799300","3.596990"
"2023-10-05","05 Oct 2023","3.768015","3.654882","4.071513","3.422730","3.986125","3.807262","3.337767","3.403270","3.784084","3.554641"
"2023-10-06","06 Oct 2023","3.796300","3.648722","4.111564","3.431649","4.036596","3.825298","3.356149","3.427172","3.783509","3.580335"
"2023-10-09","09 Oct 2023","3.728387","3.623349","4.055059","3.379727","3.996883","3.844712","3.296224","3.362679","3.785615","3.513501"
"2023-10-10","10 Oct 2023","3.701008","3.624788","4.033937","3.383718","3.980329","3.818789","3.290888","3.342803","3.772041","3.487831"
"2023-10-11","11 Oct 2023","3.584706","3.631033","3.884848","3.375549","3.837670","3.805861","3.262055","3.279154","3.771671","3.398451"
"2023-10-12","12 Oct 2023","3.607941","3.659119","3.913481","3.411420","3.862886","3.785480","3.292060","3.301117","3.775070","3.419336"
"2023-10-13","13 Oct 2023","3.635970","3.657278","3.953324","3.411973","3.903269","3.811193","3.298286","3.315450","3.784603","3.439933"
"2023-10-16","16 Oct 2023","3.681726","3.657588","4.001515","3.426690","3.953710","3.815666","3.324962","3.354039","3.783811","3.483086"
"2023-10-17","17 Oct 2023","3.753052","3.698583","4.098508","3.478436","4.046310","3.774122","3.371752","3.400958","3.785134","3.539028"
"2023-10-18","18 Oct 2023","3.771321","3.713303","4.120969","3.493593","4.067322","3.778269","3.385660","3.414785","3.794965","3.554508"
"2023-10-19","19 Oct 2023","3.790588","3.705600","4.080827","3.502715","3.989385","3.792506","3.410741","3.451417","3.793638","3.588188"
"2023-10-20","20 Oct 2023","3.762839","3.641644","4.057324","3.425685","3.973815","3.825380","3.347836","3.410731","3.778246","3.556360"
"2023-10-23","23 Oct 2023","3.781694","3.649850","4.084179","3.433531","4.002794","3.829078","3.356301","3.422270","3.784903","3.571109"
"2023-10-24","24 Oct 2023","3.711131","3.630273","4.026133","3.398929","3.970807","3.835009","3.313011","3.366442","3.779898","3.506733"
"2023-10-25","25 Oct 2023","3.753281","3.638155","4.084567","3.418631","4.035476","3.830103","3.337886","3.396736","3.778830","3.541890"
"2023-10-26","26 Oct 2023","3.716547","3.599153","4.064460","3.372794","4.040564","3.840338","3.296480","3.359936","3.764022","3.505135"
"2023-10-27","27 Oct 2023","3.695908","3.583639","4.052080","3.344079","4.027503","3.828512","3.263642","3.329382","3.754468","3.478945"
"2023-10-30","30 Oct 2023","3.672239","3.549669","4.032183","3.305049","4.009546","3.826342","3.228043","3.299938","3.736405","3.452720"
"2023-10-31","31 Oct 2023","3.619177","3.537639","3.981563","3.277877","3.971110","3.847000","3.194145","3.257621","3.742281","3.404621"
"2023-11-01","01 Nov 2023","3.601327","3.516298","3.976671","3.258132","3.981856","3.845493","3.176335","3.239693","3.728703","3.386032"
"2023-11-02","02 Nov 2023","3.519499","3.494692","3.881522","3.223853","3.890389","3.827589","3.131649","3.180001","3.711437","3.315530"
"2023-11-03","03 Nov 2023","3.466714","3.499345","3.825952","3.213388","3.841407","3.828432","3.108589","3.142076","3.717721","3.269426"
"2023-11-06","06 Nov 2023","3.553620","3.535420","3.927470","3.266352","3.943952","3.829819","3.168986","3.212083","3.734479","3.347180"
"2023-11-07","07 Nov 2023","3.505488","3.543073","3.865499","3.267654","3.878994","3.796075","3.157431","3.183413","3.724902","3.308520"
"2023-11-08","08 Nov 2023","3.446938","3.517432","3.777066","3.242130","3.788928","3.834351","3.135250","3.154264","3.726033","3.267130"
"2023-11-09","09 Nov 2023","3.459930","3.523368","3.786158","3.257759","3.798668","3.833055","3.153954","3.172191","3.725815","3.282886"
"2023-11-10","10 Nov 2023","3.522215","3.547463","3.859837","3.295051","3.873789","3.838802","3.197363","3.222448","3.738434","3.338535"
"2023-11-13","13 Nov 2023","3.546090","3.562291","3.887184","3.319515","3.901883","3.834230","3.222774","3.246000","3.741585","3.361576"
"2023-11-14","14 Nov 2023","3.434798","3.499006","3.804540","3.243834","3.834840","3.845142","3.134504","3.132609","3.710881","3.241821"
"2023-11-15","15 Nov 2023","3.423692","3.501281","3.798595","3.238745","3.831323","3.855230","3.124874","3.119375","3.718129","3.228658"
"2023-11-16","16 Nov 2023","3.350663","3.467876","3.730842","3.179549","3.770577","3.856943","3.053606","3.041883","3.706140","3.152474"
"2023-11-17","17 Nov 2023","3.367992","3.459902","3.745522","3.177480","3.785992","3.845839","3.057305","3.053840","3.695836","3.168411"
"2023-11-20","20 Nov 2023","3.363383","3.475945","3.710735","3.209151","3.743261","3.836360","3.092580","3.080976","3.696606","3.181986"
"2023-11-21","21 Nov 2023","3.325943","3.476069","3.675271","3.189553","3.711127","3.861773","3.062713","3.043763","3.712280","3.143801"
"2023-11-22","22 Nov 2023","3.289425","3.461810","3.622078","3.175211","3.654834","3.846509","3.046951","3.022736","3.697456","3.116332"
"2023-11-23","23 Nov 2023","3.381395","3.494988","3.705566","3.240912","3.732590","3.839019","3.129935","3.117846","3.705513","3.211962"
"2023-11-24","24 Nov 2023","3.392792","3.499840","3.710766","3.255732","3.734874","3.829062","3.148512","3.136246","3.701431","3.227405"
"2023-11-27","27 Nov 2023","3.331716","3.475444","3.668881","3.196260","3.702178","3.853155","3.073623","3.056872","3.706579","3.154860"
"2023-11-28","28 Nov 2023","3.301395","3.452261","3.663809","3.148847","3.705499","3.865044","3.016993","3.001868","3.704662","3.109782"
"2023-11-29","29 Nov 2023","3.189563","3.377403","3.572502","3.033758","3.624641","3.848072","2.885460","2.867681","3.664868","2.984636"
"2023-11-30","30 Nov 2023","3.260188","3.379115","3.658529","3.058709","3.709129","3.821227","2.924059","2.920815","3.648961","3.046116"
"2023-12-01","01 Dec 2023","3.180065","3.293663","3.604038","2.951080","3.663443","3.770454","2.809680","2.812126","3.584331","2.949737"
"2023-12-04","04 Dec 2023","3.105943","3.271228","3.527526","2.906756","3.588495","3.774497","2.752819","2.743988","3.578311","2.877741"
"2023-12-05","05 Dec 2023","3.043745","3.249727","3.441743","2.885942","3.501257","3.746860","2.728360","2.707992","3.553466","2.830009"
"2023-12-06","06 Dec 2023","2.985551","3.231820","3.375102","2.848025","3.447282","3.755934","2.680852","2.654383","3.552039","2.774848"
"2023-12-07","07 Dec 2023","2.968368","3.235285","3.353459","2.836609","3.425452","3.781532","2.663491","2.635348","3.568833","2.757085"
"2023-12-08","08 Dec 2023","3.059176","3.286322","3.436740","2.922998","3.503266","3.780865","2.764200","2.739241","3.588645","2.855281"
"2023-12-11","11 Dec 2023","3.043957","3.290377","3.412366","2.920914","3.475126","3.793279","2.758851","2.730392","3.597770","2.843827"
"2023-12-12","12 Dec 2023","3.007016","3.303671","3.377006","2.936616","3.443975","3.786720","2.765798","2.715781","3.600402","2.815148"
"2023-12-13","13 Dec 2023","2.954716","3.282253","3.311816","2.894050","3.376700","3.800053","2.716195","2.665401","3.599610","2.765542"
"2023-12-14","14 Dec 2023","2.892522","3.201271","3.273919","2.775768","3.348473","3.788111","2.591813","2.559303","3.559165","2.681565"
"2023-12-15","15 Dec 2023","2.796226","3.193560","3.148598","2.760144","3.224345","3.779101","2.563896","2.505907","3.551623","2.607321"
"2023-12-18","18 Dec 2023","2.835019","3.197512","3.183196","2.758302","3.256449","3.808485","2.568893","2.529100","3.569476","2.641354"
"2023-12-19","19 Dec 2023","2.759154","3.168536","3.094033","2.705636","3.166770","3.815909","2.506425","2.460861","3.562245","2.570531"
"2023-12-20","20 Dec 2023","2.712795","3.152594","3.061975","2.670429","3.142705","3.821391","2.460091","2.406980","3.559846","2.518092"
"2023-12-21","21 Dec 2023","2.664008","3.146651","2.996238","2.666764","3.080127","3.805919","2.452638","2.386147","3.548583","2.484033"
"2023-12-22","22 Dec 2023","2.685499","3.079568","3.046577","2.575364","3.136268","3.811292","2.371723","2.347274","3.522080","2.478091"
"2023-12-27","27 Dec 2023","2.661260","3.071729","3.012637","2.561169","3.098906","3.814599","2.355242","2.328983","3.520755","2.457748"
"2023-12-28","28 Dec 2023","2.702204","3.088760","3.067350","2.569922","3.155317","3.851178","2.365132","2.349100","3.548976","2.488028"
"2023-12-29","29 Dec 2023","2.788139","3.090328","3.156673","2.586550","3.243136","3.859439","2.402146","2.415630","3.551969","2.567799"
"2024-01-02","02 Jan 2024","2.816515","3.098592","3.190218","2.611787","3.275781","3.835020","2.431470","2.443731","3.541305","2.594845"
"2024-01-03","03 Jan 2024","2.836213","3.120956","3.206592","2.640096","3.288701","3.844430","2.460109","2.468918","3.556237","2.616973"
"2024-01-04","04 Jan 2024","2.916445","3.158194","3.293172","2.707285","3.373785","3.833875","2.538373","2.550314","3.565049","2.697007"
"2024-01-05","05 Jan 2024","2.958510","3.226305","3.315550","2.793810","3.389051","3.862607","2.625264","2.622520","3.610440","2.754164"
"2024-01-08","08 Jan 2024","2.933001","3.213406","3.301003","2.771799","3.379035","3.857265","2.597142","2.590243","3.602661","2.723547"
"2024-01-09","09 Jan 2024","2.929670","3.221328","3.305803","2.776565","3.387986","3.862079","2.597195","2.584612","3.609437","2.717361"
"2024-01-10","10 Jan 2024","2.940376","3.236069","3.299138","2.792506","3.374673","3.881844","2.616093","2.605705","3.626530","2.735563"
"2024-01-11","11 Jan 2024","2.925773","3.217450","3.284389","2.772014","3.361379","3.869187","2.596434","2.588851","3.611220","2.720342"
"2024-01-12","12 Jan 2024","2.895124","3.166491","3.268244","2.704003","3.351191","3.854106","2.527752","2.532860","3.580998","2.677283"
"2024-01-15","15 Jan 2024","2.954025","3.202811","3.320647","2.745352","3.401388","3.895343","2.576658","2.591483","3.619124","2.738183"
"2024-01-16","16 Jan 2024","2.939077","3.181478","3.298896","2.713574","3.382631","3.905316","2.547627","2.572649","3.615154","2.723899"
"2024-01-17","17 Jan 2024","3.031187","3.275811","3.372271","2.836447","3.446529","3.949914","2.677234","2.693171","3.680110","2.830733"
"2024-01-18","18 Jan 2024","3.041611","3.265475","3.387209","2.841221","3.456145","3.912470","2.686409","2.702415","3.653921","2.839520"
"2024-01-19","19 Jan 2024","3.045280","3.265473","3.375645","2.839066","3.438609","3.931779","2.689414","2.712667","3.663926","2.849289"
"2024-01-22","22 Jan 2024","2.988114","3.266584","3.323310","2.826289","3.390256","3.928318","2.659838","2.662077","3.664663","2.792129"
"2024-01-23","23 Jan 2024","3.040405","3.282720","3.393010","2.853205","3.461617","3.925612","2.691213","2.698875","3.669831","2.835003"
"2024-01-24","24 Jan 2024","3.033981","3.267040","3.383790","2.834773","3.451287","3.920886","2.674973","2.688447","3.660125","2.827674"
"2024-01-25","25 Jan 2024","3.012291","3.215844","3.364907","2.770367","3.434144","3.910911","2.615644","2.647531","3.631782","2.798750"
"2024-01-26","26 Jan 2024","3.015598","3.209273","3.373929","2.757474","3.443101","3.919601","2.603193","2.640748","3.633873","2.797115"
"2024-01-29","29 Jan 2024","2.952458","3.165605","3.325393","2.703948","3.402624","3.878058","2.540777","2.570582","3.592718","2.727972"
"2024-01-30","30 Jan 2024","2.963959","3.183131","3.337161","2.721765","3.413239","3.890714","2.556754","2.583312","3.607731","2.739492"
"2024-01-31","31 Jan 2024","2.911467","3.149665","3.290563","2.672385","3.370966","3.878724","2.500201","2.524306","3.587412","2.682990"
"2024-02-01","01 Feb 2024","2.900346","3.156166","3.280213","2.676857","3.360937","3.881543","2.500495","2.517772","3.592290","2.673187"
"2024-02-02","02 Feb 2024","2.932767","3.235939","3.304647","2.782325","3.383287","3.891170","2.599915","2.586958","3.632637","2.720455"
"2024-02-05","05 Feb 2024","3.015917","3.266088","3.394602","2.837191","3.466746","3.887259","2.666833","2.662879","3.642104","2.799711"
"2024-02-06","06 Feb 2024","3.033132","3.259755","3.397529","2.833236","3.463090","3.895311","2.671838","2.681079","3.642768","2.820917"
"2024-02-07","07 Feb 2024","3.019943","3.260069","3.390613","2.835921","3.457510","3.879390","2.669759","2.669800","3.634487","2.806495"
"2024-02-08","08 Feb 2024","3.063803","3.287177","3.419990","2.884675","3.479841","3.876760","2.727701","2.728926","3.643421","2.859542"
"2024-02-09","09 Feb 2024","3.098723","3.323732","3.437107","2.943802","3.489681","3.874585","2.792492","2.787119","3.657057","2.906916"
"2024-02-12","12 Feb 2024","3.074318","3.310049","3.412289","2.921559","3.469382","3.877983","2.768390","2.763695","3.653222","2.883663"
"2024-02-13","13 Feb 2024","3.086023","3.339607","3.403357","2.961592","3.455025","3.890221","2.810446","2.798966","3.672406","2.908615"
"2024-02-14","14 Feb 2024","3.064228","3.340121","3.387317","2.957912","3.442359","3.886924","2.800292","2.779711","3.671534","2.886291"
"2024-02-15","15 Feb 2024","3.007239","3.318608","3.320390","2.921843","3.375010","3.886565","2.757322","2.730904","3.662736","2.834059"
"2024-02-16","16 Feb 2024","3.071864","3.376174","3.390730","3.003552","3.441193","3.892131","2.841183","2.804384","3.690458","2.900320"
"2024-02-19","19 Feb 2024","3.071812","3.360463","3.393116","2.988291","3.443534","3.880133","2.828626","2.797564","3.676623","2.897330"
"2024-02-20","20 Feb 2024","3.044031","3.334939","3.367561","2.954645","3.420239","3.870868","2.793708","2.765378","3.660508","2.867746"
"2024-02-21","21 Feb 2024","3.071329","3.351574","3.399403","2.978509","3.453267","3.874551","2.819675","2.791450","3.669563","2.893806"
"2024-02-22","22 Feb 2024","3.070882","3.386835","3.373350","3.025584","3.424030","3.886183","2.866674","2.825300","3.691000","2.911927"
"2024-02-23","23 Feb 2024","3.024682","3.383348","3.324447","3.012150","3.378275","3.888895","2.844239","2.790390","3.691944","2.870344"
"2024-02-26","26 Feb 2024","3.057001","3.410979","3.366095","3.047907","3.422623","3.898263","2.880365","2.822731","3.709135","2.900984"
"2024-02-27","27 Feb 2024","3.086262","3.413203","3.408095","3.057617","3.466930","3.890473","2.894284","2.841774","3.705279","2.924240"
"2024-02-28","28 Feb 2024","3.105344","3.405435","3.422065","3.060143","3.480707","3.875278","2.904938","2.860957","3.692356","2.945182"
"2024-02-29","29 Feb 2024","3.062012","3.415460","3.367390","3.065169","3.426414","3.881004","2.900871","2.839585","3.700729","2.912009"
"2024-03-01","01 Mar 2024","3.115190","3.422260","3.416947","3.079891","3.473763","3.891792","2.927058","2.883129","3.708580","2.963143"
"2024-03-04","04 Mar 2024","3.031837","3.421839","3.328502","3.055143","3.385741","3.910497","2.882986","2.815664","3.721088","2.885392"
"2024-03-05","05 Mar 2024","2.966090","3.383746","3.254766","3.005849","3.309176","3.887284","2.827850","2.755420","3.692074","2.822679"
"2024-03-06","06 Mar 2024","2.947579","3.381201","3.252163","3.001555","3.314523","3.876904","2.817659","2.735889","3.685721","2.800707"
"2024-03-07","07 Mar 2024","2.915900","3.364767","3.212728","2.968802","3.273734","3.889596","2.780770","2.701377","3.686399","2.769020"
"2024-03-08","08 Mar 2024","2.883049","3.310675","3.194474","2.890832","3.259548","3.884627","2.701230","2.637801","3.660776","2.721559"
"2024-03-11","11 Mar 2024","2.936847","3.337250","3.251467","2.931615","3.316708","3.890947","2.748571","2.689408","3.675115","2.774234"
"2024-03-12","12 Mar 2024","2.941273","3.356660","3.241158","2.950790","3.302821","3.911837","2.767495","2.705755","3.695263","2.786034"
"2024-03-13","13 Mar 2024","2.948926","3.365129","3.243153","2.958320","3.304026","3.924940","2.776009","2.715932","3.706218","2.795920"
"2024-03-14","14 Mar 2024","3.013774","3.371058","3.304756","2.977257","3.359074","3.929697","2.809476","2.769311","3.709853","2.857763"
"2024-03-15","15 Mar 2024","3.039872","3.400821","3.320464","3.031914","3.365918","3.909351","2.867349","2.815977","3.710594","2.893153"
"2024-03-18","18 Mar 2024","3.039900","3.401652","3.330753","3.037456","3.379512","3.894871","2.871069","2.814501","3.702971","2.890414"
"2024-03-19","19 Mar 2024","3.027810","3.384790","3.332011","3.014059","3.385338","3.887269","2.845392","2.790591","3.691764","2.871211"
"2024-03-20","20 Mar 2024","3.028641","3.389980","3.326067","3.021560","3.377045","3.889612","2.853730","2.797847","3.695160","2.875901"
"2024-03-21","21 Mar 2024","3.012534","3.365607","3.321301","2.985462","3.376511","3.886955","2.815724","2.765841","3.683533","2.851513"
"2024-03-22","22 Mar 2024","2.958369","3.330205","3.264810","2.941408","3.321981","3.862708","2.767156","2.713779","3.654983","2.798375"
"2024-03-25","25 Mar 2024","2.992051","3.345182","3.294438","2.977142","3.349402","3.845179","2.810230","2.756668","3.650524","2.836866"
"2024-03-26","26 Mar 2024","2.975739","3.341341","3.279908","2.970267","3.337134","3.842763","2.800407","2.742815","3.647797","2.821188"
"2024-03-27","27 Mar 2024","2.925010","3.317420","3.236246","2.934375","3.296872","3.829240","2.756017","2.690458","3.630782","2.767836"
"2024-03-28","28 Mar 2024","2.948682","3.327554","3.245695","2.948916","3.302932","3.843389","2.777150","2.719497","3.642374","2.797091"
"2024-04-02","02 Apr 2024","3.071632","3.326118","3.389911","2.969685","3.447035","3.834239","2.821736","2.801183","3.634239","2.901385"
"2024-04-03","03 Apr 2024","3.084113","3.354916","3.400791","3.000655","3.456114","3.850966","2.849188","2.820444","3.656555","2.916117"
"2024-04-04","04 Apr 2024","2.988972","3.323729","3.300733","2.949551","3.359358","3.837849","2.783507","2.737895","3.637199","2.825954"
"2024-04-05","05 Apr 2024","3.013847","3.342495","3.345491","2.984802","3.406102","3.816746","2.818074","2.762331","3.633328","2.846398"
"2024-04-08","08 Apr 2024","3.051283","3.355389","3.360760","3.010168","3.415647","3.823361","2.854250","2.809030","3.641353","2.892494"
"2024-04-09","09 Apr 2024","2.994357","3.351892","3.291010","2.992881","3.345793","3.834226","2.827174","2.769059","3.646952","2.844165"
"2024-04-10","10 Apr 2024","3.032332","3.372956","3.315842","3.024687","3.365245","3.845297","2.866053","2.813328","3.661462","2.887350"
"2024-04-11","11 Apr 2024","3.063480","3.385230","3.361065","3.055824","3.415039","3.821439","2.901065","2.844763","3.652715","2.916319"
"2024-04-12","12 Apr 2024","2.959728","3.325465","3.257409","2.961724","3.315407","3.814185","2.793751","2.734292","3.624423","2.809362"
"2024-04-15","15 Apr 2024","3.059337","3.346895","3.353668","3.003244","3.407057","3.827199","2.854700","2.820477","3.638952","2.905814"
"2024-04-16","16 Apr 2024","3.131518","3.362381","3.428863","3.043738","3.476336","3.810996","2.908726","2.885892","3.634935","2.975140"
"2024-04-17","17 Apr 2024","3.100252","3.360930","3.388054","3.044799","3.433332","3.796335","2.905465","2.870929","3.626323","2.951479"
"2024-04-18","18 Apr 2024","3.117504","3.379334","3.408470","3.055518","3.455965","3.830334","2.915077","2.883356","3.653737","2.966612"
"2024-04-19","19 Apr 2024","3.133344","3.398264","3.405828","3.097530","3.448420","3.809798","2.962883","2.924191","3.649298","2.995928"
"2024-04-22","22 Apr 2024","3.108671","3.366520","3.392631","3.064765","3.436238","3.775796","2.928560","2.889782","3.616582","2.964805"
"2024-04-23","23 Apr 2024","3.088909","3.352859","3.374349","3.041842","3.420164","3.778155","2.903093","2.865678","3.612372","2.943088"
"2024-04-24","24 Apr 2024","3.181957","3.387530","3.474383","3.103263","3.519407","3.778421","2.978631","2.952459","3.625912","3.033353"
"2024-04-25","25 Apr 2024","3.248632","3.427537","3.540701","3.153298","3.583359","3.810049","3.035934","3.017061","3.660296","3.099930"
"2024-04-26","26 Apr 2024","3.162219","3.399636","3.443281","3.107610","3.485355","3.800553","2.978124","2.945100","3.644109","3.020403"
"2024-04-29","29 Apr 2024","3.121778","3.377769","3.410480","3.077452","3.456012","3.784405","2.941516","2.902321","3.626279","2.977162"
"2024-04-30","30 Apr 2024","3.165251","3.419093","3.438605","3.136117","3.477469","3.798992","3.005865","2.963711","3.651532","3.030749"
"2024-05-02","02 May 2024","3.140902","3.394406","3.413068","3.114964","3.452159","3.767548","2.985354","2.941994","3.622908","3.007643"
"2024-05-03","03 May 2024","3.076134","3.343104","3.361823","3.038949","3.407059","3.754634","2.900855","2.859457","3.594616","2.933023"
"2024-05-06","06 May 2024","3.063787","3.345947","3.350943","3.034098","3.396129","3.766747","2.891700","2.846932","3.603218","2.920037"
"2024-05-07","07 May 2024","3.036786","3.348481","3.318994","3.037757","3.364445","3.758404","2.890522","2.834050","3.599958","2.899115"
"2024-05-08","08 May 2024","3.063327","3.358946","3.345437","3.056391","3.390209","3.758693","2.913541","2.860333","3.604134","2.925888"
"2024-05-09","09 May 2024","3.101526","3.359640","3.396148","3.071500","3.443241","3.739042","2.935745","2.888904","3.592541","2.958438"
"2024-05-10","10 May 2024","3.105706","3.368962","3.390359","3.083337","3.433570","3.745307","2.948558","2.900679","3.599937","2.967352"
"2024-05-13","13 May 2024","3.096042","3.377227","3.401302","3.089248","3.451461","3.744963","2.947359","2.888340","3.604056","2.952467"
"2024-05-14","14 May 2024","3.128078","3.366291","3.421540","3.091881","3.464016","3.724948","2.961625","2.916742","3.586743","2.985579"
"2024-05-15","15 May 2024","3.035126","3.348684","3.351222","3.046656","3.405422","3.729322","2.894796","2.825887","3.583943","2.888324"
"2024-05-16","16 May 2024","3.043948","3.333130","3.337312","3.038904","3.383060","3.713609","2.896165","2.838890","3.567330","2.903296"
"2024-05-17","17 May 2024","3.103553","3.363397","3.388065","3.085002","3.426014","3.724955","2.951129","2.900560","3.585822","2.965369"
"2024-05-20","20 May 2024","3.116862","3.355603","3.401081","3.082134","3.435869","3.713812","2.952676","2.908341","3.575700","2.976529"
"2024-05-21","21 May 2024","3.091567","3.352113","3.378402","3.069700","3.414508","3.719401","2.934302","2.884138","3.578023","2.950799"
"2024-05-22","22 May 2024","3.115507","3.387936","3.408229","3.107861","3.446345","3.745401","2.969827","2.912579","3.608450","2.975357"
"2024-05-23","23 May 2024","3.166747","3.434316","3.450381","3.173180","3.486388","3.761517","3.040909","2.980098","3.636733","3.035205"
"2024-05-24","24 May 2024","3.178271","3.445619","3.456008","3.202209","3.490821","3.743058","3.074388","3.008093","3.630338","3.054842"
"2024-05-27","27 May 2024","3.120364","3.397567","3.403384","3.133511","3.438607","3.727121","2.998912","2.935278","3.601560","2.989236"
"2024-05-28","28 May 2024","3.151497","3.389262","3.434545","3.137593","3.465599","3.706535","3.011796","2.958572","3.585387","3.017452"
"2024-05-29","29 May 2024","3.241534","3.408141","3.528142","3.183717","3.555703","3.694557","3.074755","3.038291","3.584930","3.103699"
"2024-05-30","30 May 2024","3.255616","3.397604","3.543572","3.178426","3.567457","3.680134","3.074135","3.044645","3.571759","3.114364"
"2024-05-31","31 May 2024","3.224675","3.392529","3.501693","3.162092","3.524290","3.692550","3.053182","3.020575","3.577118","3.087990"
"2024-06-03","03 Jun 2024","3.176740","3.376222","3.460191","3.140354","3.488245","3.675221","3.024023","2.979641","3.560930","3.041461"
"2024-06-04","04 Jun 2024","3.106003","3.361220","3.410634","3.101132","3.456678","3.684403","2.968458","2.908072","3.561453","2.966596"
"2024-06-05","05 Jun 2024","3.089823","3.339878","3.380867","3.085984","3.421142","3.656499","2.957003","2.898746","3.535928","2.955493"
"2024-06-06","06 Jun 2024","3.147241","3.367338","3.426517","3.128142","3.454330","3.667022","3.007859","2.957018","3.552792","3.014952"
"2024-06-07","07 Jun 2024","3.212161","3.397304","3.480852","3.187669","3.504800","3.656313","3.080557","3.034241","3.557960","3.087547"
"2024-06-10","10 Jun 2024","3.286374","3.406329","3.574033","3.211628","3.596550","3.650176","3.115562","3.084893","3.557354","3.149368"
"2024-06-11","11 Jun 2024","3.309905","3.397617","3.623582","3.196751","3.651366","3.653366","3.101095","3.079899","3.555675","3.156728"
"2024-06-12","12 Jun 2024","3.177841","3.346888","3.490980","3.117594","3.524198","3.632656","3.002963","2.961040","3.523973","3.029136"
"2024-06-13","13 Jun 2024","3.190696","3.348371","3.501922","3.121952","3.532331","3.631924","3.009793","2.971307","3.523966","3.041174"
"2024-06-14","14 Jun 2024","3.101950","3.288268","3.433469","3.037042","3.473763","3.603314","2.912532","2.868369","3.483308","2.942613"
"2024-06-17","17 Jun 2024","3.128648","3.333158","3.462554","3.081916","3.501935","3.643230","2.954144","2.902309","3.525575","2.971636"
"2024-06-18","18 Jun 2024","3.101554","3.309361","3.431768","3.065129","3.471076","3.607740","2.938966","2.884147","3.494805","2.949090"
"2024-06-19","19 Jun 2024","3.127804","3.323734","3.453912","3.084579","3.491796","3.617215","2.961966","2.910754","3.506015","2.976431"
"2024-06-20","20 Jun 2024","3.152540","3.312478","3.488089","3.085128","3.525655","3.591834","2.969583","2.925964","3.485999","2.996062"
"2024-06-21","21 Jun 2024","3.121135","3.279895","3.472008","3.033373","3.515693","3.589031","2.911959","2.873012","3.471325","2.952905"
"2024-06-24","24 Jun 2024","3.120561","3.285968","3.474778","3.042315","3.523981","3.588970","2.920630","2.878165","3.473828","2.954726"
"2024-06-25","25 Jun 2024","3.115099","3.282894","3.471848","3.040966","3.522260","3.582037","2.919092","2.874711","3.468523","2.949792"
"2024-06-26","26 Jun 2024","3.156079","3.293944","3.509682","3.059821","3.552706","3.586367","2.944257","2.908450","3.475161","2.988126"
"2024-06-27","27 Jun 2024","3.180237","3.296716","3.529883","3.073305","3.565877","3.575477","2.963382","2.931830","3.469525","3.012379"
"2024-06-28","28 Jun 2024","3.198026","3.294136","3.547013","3.065821","3.578542","3.585271","2.957630","2.935254","3.474045","3.023901"
"2024-07-01","01 Jul 2024","3.261166","3.328351","3.600955","3.117250","3.625748","3.598554","3.018417","3.002455","3.495265","3.090652"
"2024-07-02","02 Jul 2024","3.245808","3.313710","3.581645","3.091297","3.603355","3.603585","2.990040","2.978315","3.492277","3.071730"
"2024-07-03","03 Jul 2024","3.241639","3.326728","3.579231","3.109509","3.600584","3.602964","3.006377","2.985621","3.497515","3.071925"
"2024-07-04","04 Jul 2024","3.222409","3.317901","3.564958","3.101332","3.590241","3.590382","2.996548","2.971156","3.486627","3.054210"
"2024-07-05","05 Jul 2024","3.185995","3.298783","3.539205","3.078147","3.567226","3.571919","2.968485","2.935818","3.468321","3.016227"
"2024-07-08","08 Jul 2024","3.133062","3.277917","3.492171","3.047625","3.531170","3.560447","2.930876","2.889385","3.453486","2.965441"
"2024-07-09","09 Jul 2024","3.163375","3.285617","3.522264","3.062896","3.557445","3.559984","2.951161","2.915297","3.456034","2.994016"
"2024-07-10","10 Jul 2024","3.122863","3.272314","3.482236","3.041655","3.522642","3.554830","2.924304","2.881439","3.447910","2.956321"
"2024-07-11","11 Jul 2024","3.068938","3.221966","3.449437","2.972796","3.494509","3.529874","2.847869","2.805879","3.413096","2.889189"
"2024-07-12","12 Jul 2024","3.087728","3.229351","3.469828","2.987735","3.515780","3.527079","2.866307","2.825911","3.414255","2.908669"
"2024-07-15","15 Jul 2024","3.070733","3.209251","3.460119","2.964049","3.506391","3.511902","2.841279","2.801763","3.397174","2.887276"
"2024-07-16","16 Jul 2024","3.020094","3.196195","3.406085","2.938379","3.457501","3.513147","2.807649","2.759439","3.393067","2.840510"
"2024-07-17","17 Jul 2024","3.026214","3.189047","3.393361","2.934961","3.439264","3.506468","2.809216","2.768213","3.385728","2.850904"
"2024-07-18","18 Jul 2024","3.004209","3.176741","3.380496","2.904795","3.430100","3.520746","2.772569","2.732780","3.389476","2.821477"
"2024-07-19","19 Jul 2024","3.066726","3.190191","3.448487","2.932124","3.492965","3.519920","2.809692","2.782172","3.393856","2.877902"
"2024-07-22","22 Jul 2024","3.067635","3.203003","3.433430","2.947465","3.468770","3.528513","2.825276","2.794757","3.404131","2.885812"
"2024-07-23","23 Jul 2024","3.062207","3.197135","3.434156","2.930980","3.473445","3.540155","2.806009","2.778700","3.408703","2.874963"
"2024-07-24","24 Jul 2024","3.071865","3.170061","3.461079","2.899472","3.506624","3.526617","2.777738","2.763544","3.389291","2.872083"
"2024-07-25","25 Jul 2024","3.031347","3.174529","3.421261","2.893280","3.468642","3.537756","2.761647","2.733462","3.398490","2.834983"
"2024-07-26","26 Jul 2024","3.020454","3.163815","3.469601","2.879146","3.538234","3.520569","2.740169","2.702519","3.384837","2.806556"
"2024-07-29","29 Jul 2024","2.992179","3.107494","3.387485","2.834450","3.434974","3.461510","2.708190","2.686485","3.325693","2.791921"
"2024-07-30","30 Jul 2024","2.957681","3.080644","3.381048","2.808218","3.438141","3.425235","2.677455","2.647099","3.293850","2.750736"
"2024-07-31","31 Jul 2024","2.922997","3.065196","3.358371","2.779269","3.418617","3.425505","2.640909","2.605576","3.288238","2.710662"
"2024-08-01","01 Aug 2024","2.910886","3.031886","3.326001","2.746567","3.378200","3.400521","2.614014","2.590431","3.259227","2.700684"
"2024-08-02","02 Aug 2024","2.860395","2.951934","3.293088","2.652553","3.350160","3.347491","2.519295","2.508712","3.195106","2.634139"
"2024-08-05","05 Aug 2024","2.934168","2.863801","3.243842","2.522633","3.141820","3.367264","2.405212","2.474356","3.168724","2.667053"
"2024-08-06","06 Aug 2024","2.935624","2.909717","3.229702","2.567123","3.118716","3.403086","2.441931","2.494756","3.209542","2.676842"
"2024-08-07","07 Aug 2024","3.020570","2.958461","3.325895","2.639692","3.202604","3.409852","2.521119","2.573281","3.233590","2.755542"
"2024-08-08","08 Aug 2024","3.021530","2.957043","3.327003","2.632182","3.206457","3.422599","2.513970","2.570884","3.240281","2.756030"
"2024-08-09","09 Aug 2024","2.976126","2.944644","3.283943","2.608272","3.164651","3.419769","2.481208","2.528198","3.234260","2.710266"
"2024-08-12","12 Aug 2024","2.975754","2.946736","3.288699","2.614212","3.166673","3.411142","2.485957","2.528287","3.230306","2.708422"
"2024-08-13","13 Aug 2024","2.932481","2.924973","3.246719","2.586344","3.134599","3.397799","2.454719","2.492772","3.213629","2.669318"
"2024-08-14","14 Aug 2024","2.924255","2.920212","3.237008","2.572636","3.126904","3.409126","2.439157","2.480046","3.218343","2.659643"
"2024-08-15","15 Aug 2024","2.983405","2.956695","3.291393","2.640086","3.166623","3.392835","2.514944","2.550673","3.223567","2.722793"
"2024-08-16","16 Aug 2024","2.973292","2.942705","3.275810","2.629117","3.158481","3.379480","2.507637","2.547117","3.209516","2.718036"
"2024-08-19","19 Aug 2024","2.980057","2.949258","3.281484","2.643743","3.161444","3.371342","2.523714","2.559861","3.207420","2.727183"
"2024-08-20","20 Aug 2024","2.953754","2.932635","3.257164","2.621046","3.141628","3.363755","2.498528","2.533622","3.196234","2.700975"
"2024-08-21","21 Aug 2024","2.933890","2.902593","3.243864","2.579685","3.136794","3.357604","2.457047","2.500983","3.180039","2.675945"
"2024-08-22","22 Aug 2024","2.941445","2.901654","3.243462","2.585299","3.118866","3.343595","2.463807","2.506697","3.171526","2.681793"
"2024-08-23","23 Aug 2024","2.974280","2.915881","3.281013","2.610966","3.150185","3.339020","2.493239","2.536669","3.174584","2.711959"
"2024-08-26","26 Aug 2024","2.977776","2.901933","3.287048","2.587772","3.174507","3.353109","2.474332","2.532440","3.176361","2.715252"
"2024-08-27","27 Aug 2024","3.034052","2.922760","3.349642","2.612828","3.239257","3.376189","2.506233","2.576496","3.197870","2.766555"
"2024-08-28","28 Aug 2024","3.000294","2.902663","3.310435","2.585682","3.201473","3.367185","2.476408","2.545478","3.184390","2.734865"
"2024-08-29","29 Aug 2024","3.004644","2.867766","3.327032","2.553777","3.231999","3.342573","2.453597","2.538686","3.154446","2.735762"
"2024-08-30","30 Aug 2024","3.014873","2.892211","3.328230","2.586248","3.217004","3.342480","2.482778","2.556598","3.165194","2.747728"
"2024-09-02","02 Sep 2024","3.064144","2.912187","3.378583","2.614869","3.269256","3.357166","2.519010","2.602141","3.181357","2.796566"
"2024-09-03","03 Sep 2024","3.011423","2.904851","3.318379","2.591977","3.206526","3.365135","2.485371","2.556898","3.183872","2.746695"
"2024-09-04","04 Sep 2024","2.958628","2.867720","3.277630","2.537442","3.182577","3.358516","2.426035","2.499168","3.164699","2.691788"
"2024-09-05","05 Sep 2024","2.924067","2.828068","3.247504","2.485336","3.161282","3.347502","2.374177","2.455959","3.141422","2.654526"
"2024-09-06","06 Sep 2024","2.936945","2.818806","3.249741","2.478711","3.167772","3.352898","2.377143","2.472760","3.139302","2.673492"
"2024-09-09","09 Sep 2024","2.929541","2.794387","3.255596","2.443177","3.168979","3.343551","2.338181","2.439530","3.124218","2.651495"
"2024-09-10","10 Sep 2024","2.918633","2.787651","3.252534","2.433130","3.172440","3.341824","2.326695","2.427241","3.120476","2.639382"
"2024-09-11","11 Sep 2024","2.852103","2.741268","3.190358","2.358085","3.128128","3.353937","2.247062","2.355015","3.107827","2.572339"
"2024-09-12","12 Sep 2024","2.862673","2.762743","3.201335","2.385532","3.136896","3.357098","2.272252","2.372131","3.119115","2.584748"
"2024-09-13","13 Sep 2024","2.869561","2.752956","3.213818","2.380456","3.173561","3.364526","2.278415","2.390223","3.117318","2.600721"
"2024-09-16","16 Sep 2024","2.867989","2.751624","3.202140","2.379909","3.148624","3.354721","2.275764","2.385560","3.111642","2.597278"
"2024-09-17","17 Sep 2024","2.863882","2.731981","3.172795","2.371829","3.116076","3.337909","2.279904","2.399611","3.091723","2.606923"
"2024-09-18","18 Sep 2024","2.915417","2.750043","3.234899","2.405783","3.195192","3.352771","2.327565","2.457960","3.105765","2.663534"
"2024-09-19","19 Sep 2024","2.933383","2.736829","3.268633","2.395253","3.204541","3.303670","2.308948","2.436725","3.074384","2.656642"
"2024-09-20","20 Sep 2024","2.955355","2.736075","3.287131","2.398648","3.220730","3.306240","2.318552","2.455143","3.074771","2.678352"
"2024-09-23","23 Sep 2024","2.926677","2.687966","3.281276","2.340967","3.236035","3.287733","2.263972","2.412058","3.043043","2.642898"
"2024-09-24","24 Sep 2024","2.911144","2.634495","3.274923","2.281219","3.234455","3.267580","2.212494","2.379423","3.007369","2.620755"
"2024-09-25","25 Sep 2024","2.918059","2.624915","3.272730","2.278839","3.233166","3.266235","2.219644","2.395087","3.000783","2.634609"
"2024-09-26","26 Sep 2024","2.890534","2.585667","3.242871","2.229781","3.193663","3.242483","2.168805","2.350881","2.970942","2.599050"
"2024-09-27","27 Sep 2024","2.863378","2.563238","3.215764","2.215622","3.186036","3.227565","2.162833","2.346129","2.950771","2.584983"
"2024-09-30","30 Sep 2024","2.862704","2.563333","3.211543","2.216125","3.188943","3.244997","2.168582","2.355586","2.959291","2.590972"
"2024-10-01","01 Oct 2024","2.761537","2.523262","3.106244","2.146609","3.087793","3.234589","2.081851","2.256452","2.938548","2.490200"
"2024-10-02","02 Oct 2024","2.842333","2.521841","3.197314","2.176038","3.186114","3.223688","2.136626","2.333835","2.927558","2.571270"
"2024-10-03","03 Oct 2024","2.880195","2.527309","3.229602","2.199294","3.213029","3.206288","2.168899","2.372200","2.918935","2.610249"
"2024-10-04","04 Oct 2024","2.907183","2.567898","3.241228","2.260551","3.222867","3.217464","2.235422","2.429052","2.941289","2.652653"
"2024-10-07","07 Oct 2024","2.950429","2.617741","3.279243","2.326609","3.258812","3.232956","2.302846","2.487713","2.971368","2.702902"
"2024-10-08","08 Oct 2024","2.960949","2.631851","3.304002","2.348612","3.296522","3.229102","2.324641","2.503515","2.975185","2.714392"
"2024-10-09","09 Oct 2024","2.963837","2.640654","3.298622","2.353208","3.276141","3.222835","2.322443","2.498057","2.977470","2.712673"
"2024-10-10","10 Oct 2024","2.964290","2.655097","3.303034","2.372312","3.279523","3.203645","2.334436","2.498995","2.974539","2.711251"
"2024-10-11","11 Oct 2024","3.000097","2.670930","3.331560","2.390172","3.282387","3.196996","2.348824","2.514803","2.979122","2.735922"
"2024-10-14","14 Oct 2024","2.980573","2.651642","3.313722","2.381439","3.277147","3.168610","2.345315","2.509981","2.953545","2.724374"
"2024-10-15","15 Oct 2024","2.908823","2.632571","3.257264","2.341463","3.229390","3.153837","2.286493","2.433380","2.939749","2.646480"
"2024-10-16","16 Oct 2024","2.864059","2.593368","3.207461","2.292766","3.174639","3.130543","2.235146","2.383784","2.909989","2.599808"
"2024-10-17","17 Oct 2024","2.884732","2.565558","3.236526","2.273044","3.190298","3.087235","2.219931","2.378786","2.873419","2.606500"
"2024-10-18","18 Oct 2024","2.849083","2.510779","3.212762","2.216467","3.188825","3.061333","2.172381","2.343983","2.833368","2.573479"
"2024-10-21","21 Oct 2024","2.942908","2.545273","3.301040","2.283380","3.282078","3.084997","2.264426","2.453274","2.857300","2.678411"
"2024-10-22","22 Oct 2024","2.961323","2.541600","3.323100","2.285809","3.301138","3.074873","2.270959","2.464902","2.849530","2.693339"
"2024-10-23","23 Oct 2024","2.987612","2.500532","3.355804","2.246416","3.339979","3.088150","2.252065","2.475709","2.835051","2.715167"
"2024-10-24","24 Oct 2024","2.926944","2.467679","3.294981","2.208462","3.287796","3.063674","2.210413","2.426854","2.806947","2.660203"
"2024-10-25","25 Oct 2024","2.950226","2.499372","3.305424","2.255634","3.283030","3.051119","2.256016","2.462059","2.814239","2.688602"
"2024-10-28","28 Oct 2024","2.938177","2.492621","3.287834","2.240076","3.245229","3.030297","2.230789","2.433807","2.802313","2.667408"
"2024-10-29","29 Oct 2024","2.975888","2.489527","3.326549","2.273729","3.300938","3.023728","2.289763","2.500427","2.790666","2.721097"
"2024-10-30","30 Oct 2024","3.013344","2.543167","3.345584","2.353165","3.322577","3.062620","2.378172","2.576692","2.831419","2.778314"
"2024-10-31","31 Oct 2024","3.078095","2.604955","3.368742","2.455379","3.313432","3.053328","2.487509","2.672692","2.850543","2.859404"
"2024-11-01","01 Nov 2024","3.046276","2.568358","3.361320","2.391356","3.311983","3.017642","2.411451","2.605388","2.821051","2.809088"
"2024-11-04","04 Nov 2024","3.056774","2.603384","3.341150","2.419284","3.264449","3.035168","2.430392","2.618474","2.849117","2.822282"
"2024-11-05","05 Nov 2024","3.063332","2.595418","3.344768","2.418326","3.259179","3.001565","2.429215","2.618020","2.827618","2.825077"
"2024-11-06","06 Nov 2024","3.102223","2.549627","3.412729","2.381233","3.330005","2.961758","2.405644","2.619115","2.783724","2.844549"
"2024-11-07","07 Nov 2024","3.116475","2.539873","3.443695","2.375495","3.371184","2.954214","2.404595","2.624307","2.774421","2.853620"
"2024-11-08","08 Nov 2024","3.061808","2.543087","3.373718","2.368269","3.303075","2.962542","2.387448","2.591890","2.781642","2.810382"
"2024-11-11","11 Nov 2024","3.018451","2.514770","3.324345","2.321274","3.246728","2.956268","2.332873","2.538353","2.767451","2.762467"
"2024-11-12","12 Nov 2024","3.003983","2.485599","3.296184","2.288895","3.211016","2.954214","2.306965","2.522977","2.752204","2.750025"
"2024-11-13","13 Nov 2024","3.042943","2.484141","3.320970","2.309346","3.231117","2.958109","2.345970","2.573788","2.749385","2.797408"
"2024-11-14","14 Nov 2024","3.006038","2.431883","3.308729","2.260821","3.241155","2.934504","2.305349","2.537240","2.709811","2.759412"
"2024-11-15","15 Nov 2024","3.002791","2.436136","3.296353","2.277195","3.230289","2.944114","2.327388","2.553712","2.713529","2.766168"
"2024-11-18","18 Nov 2024","3.021512","2.467328","3.314265","2.317013","3.245800","2.955035","2.365215","2.581932","2.732788","2.788272"
"2024-11-19","19 Nov 2024","2.984993","2.453610","3.274752","2.288611","3.205462","2.934448","2.327524","2.541851","2.719322","2.750455"
"2024-11-20","20 Nov 2024","3.008968","2.452013","3.297883","2.293878","3.217797","2.916819","2.335838","2.555615","2.709001","2.769312"
"2024-11-21","21 Nov 2024","2.974245","2.410566","3.273708","2.244814","3.199750","2.877313","2.284128","2.508193","2.670317","2.728092"
"2024-11-22","22 Nov 2024","2.935022","2.321678","3.256809","2.165342","3.201721","2.812739","2.218664","2.457736","2.591318","2.683255"
"2024-11-25","25 Nov 2024","2.881128","2.318892","3.194244","2.155307","3.150330","2.817833","2.201717","2.427248","2.593262","2.641326"
"2024-11-26","26 Nov 2024","2.885525","2.352387","3.193291","2.188806","3.140577","2.803453","2.223311","2.435372","2.603936","2.646310"
"2024-11-27","27 Nov 2024","2.853259","2.363312","3.148527","2.186099","3.091427","2.822335","2.210903","2.413251","2.621076","2.619419"
"2024-11-28","28 Nov 2024","2.804875","2.320949","3.113078","2.135063","3.071901","2.812087","2.160589","2.364773","2.595617","2.570711"
"2024-11-29","29 Nov 2024","2.767791","2.296111","3.077440","2.096153","3.041786","2.799982","2.115976","2.321353","2.579775","2.531056"
"2024-12-02","02 Dec 2024","2.737718","2.259837","3.047127","2.044184","3.010055","2.799373","2.063553","2.278309","2.563846","2.495737"
"2024-12-03","03 Dec 2024","2.719724","2.266279","3.026763","2.053967","2.986666","2.779338","2.066914","2.269583","2.556662","2.481023"
"2024-12-04","04 Dec 2024","2.742073","2.289269","3.049336","2.080407","3.005783","2.787498","2.091870","2.291685","2.571832","2.502625"
"2024-12-05","05 Dec 2024","2.734177","2.304514","3.022716","2.108515","2.972176","2.772311","2.119179","2.307136","2.569749","2.506662"
"2024-12-06","06 Dec 2024","2.705614","2.302540","3.003611","2.097089","2.968494","2.781879","2.102083","2.283720","2.574903","2.479914"
"2024-12-09","09 Dec 2024","2.707345","2.280594","3.018947","2.077573","2.988775","2.754167","2.084600","2.271978","2.549922","2.474237"
"2024-12-10","10 Dec 2024","2.710010","2.262149","3.029233","2.056323","2.994535","2.732350","2.062527","2.256077","2.530594","2.467138"
"2024-12-11","11 Dec 2024","2.717577","2.235279","3.049542","2.031038","3.016851","2.711783","2.042438","2.246766","2.506739","2.466104"
"2024-12-12","12 Dec 2024","2.797852","2.263093","3.128782","2.090494","3.082849","2.685427","2.113310","2.322936","2.502796","2.543838"
"2024-12-13","13 Dec 2024","2.853664","2.295390","3.179332","2.141461","3.116977","2.672579","2.167139","2.375630","2.509921","2.597266"
"2024-12-16","16 Dec 2024","2.875916","2.298475","3.206872","2.147292","3.142807","2.677147","2.176481","2.390360","2.513334","2.615619"
"2024-12-17","17 Dec 2024","2.873750","2.295607","3.201113","2.152542","3.138693","2.662365","2.184257","2.396253","2.503188","2.617723"
"2024-12-18","18 Dec 2024","2.891020","2.285110","3.220308","2.145713","3.154761","2.657775","2.183538","2.404706","2.495079","2.631185"
"2024-12-19","19 Dec 2024","2.956185","2.290221","3.280630","2.176616","3.206456","2.652275","2.232782","2.468142","2.490482","2.696782"
"2024-12-20","20 Dec 2024","2.934307","2.264818","3.271184","2.134619","3.204096","2.655893","2.187762","2.429997","2.482378","2.666783"
"2024-12-23","23 Dec 2024","2.966086","2.280940","3.296316","2.165410","3.228917","2.667771","2.227458","2.471944","2.493567","2.704408"
"2024-12-24","24 Dec 2024","2.967041","2.288757","3.295396","2.162071","3.233972","2.723798","2.226867","2.475976","2.526404","2.708053"
"2024-12-27","27 Dec 2024","2.984634","2.256606","3.316245","2.163627","3.264120","2.704354","2.249729","2.505090","2.492272","2.731406"
"2024-12-30","30 Dec 2024","3.000785","2.261504","3.338045","2.177953","3.292139","2.695816","2.267021","2.522233","2.488747","2.747622"
"2025-01-02","02 Jan 2025","2.989302","2.243872","3.345447","2.161780","3.312728","2.688301","2.251711","2.506222","2.474940","2.732244"
"2025-01-03","03 Jan 2025","3.037915","2.293875","3.394016","2.260976","3.370721","2.696143","2.352006","2.582230","2.485967","2.791872"
"2025-01-06","06 Jan 2025","3.069126","2.336416","3.405603","2.300566","3.364990","2.730838","2.389524","2.618447","2.525286","2.826758"
"2025-01-07","07 Jan 2025","3.075513","2.327790","3.433122","2.265370","3.397133","2.744039","2.355170","2.599348","2.539264","2.820052"
"2025-01-08","08 Jan 2025","3.155689","2.362479","3.503800","2.296524","3.432534","2.729847","2.386948","2.648456","2.555128","2.885945"
"2025-01-09","09 Jan 2025","3.177366","2.372527","3.518008","2.320378","3.435877","2.706002","2.412405","2.671818","2.546195","2.908287"
"2025-01-10","10 Jan 2025","3.209473","2.407825","3.542806","2.372478","3.453815","2.696472","2.462885","2.713030","2.555913","2.944192"
"2025-01-13","13 Jan 2025","3.247493","2.444184","3.570812","2.417126","3.465807","2.667664","2.503467","2.750003","2.561314","2.981561"
"2025-01-14","14 Jan 2025","3.269280","2.442298","3.605088","2.425952","3.504313","2.630896","2.514279","2.763215","2.541274","2.998090"
"2025-01-15","15 Jan 2025","3.164787","2.395651","3.515869","2.352428","3.444280","2.628091","2.432305","2.671823","2.522961","2.899224"
"2025-01-16","16 Jan 2025","3.182740","2.394886","3.541305","2.362627","3.475489","2.637879","2.446433","2.687351","2.521624","2.915495"
"2025-01-17","17 Jan 2025","3.120237","2.358071","3.471678","2.312784","3.409536","2.622148","2.393028","2.632215","2.497840","2.857741"
"2025-01-20","20 Jan 2025","3.119787","2.353548","3.472995","2.314359","3.409598","2.609914","2.395638","2.632712","2.488257","2.857082"
"2025-01-21","21 Jan 2025","3.103241","2.351746","3.462119","2.313495","3.406639","2.592968","2.390642","2.621064","2.478686","2.842103"
"2025-01-22","22 Jan 2025","3.095044","2.344064","3.445050","2.302359","3.384885","2.608146","2.381962","2.615243","2.482606","2.836135"
"2025-01-23","23 Jan 2025","3.149037","2.363174","3.494598","2.333436","3.417977","2.593617","2.417056","2.657270","2.483739","2.884401"
"2025-01-24","24 Jan 2025","3.172305","2.405179","3.513264","2.383542","3.432219","2.578683","2.460257","2.688984","2.497516","2.910916"
"2025-01-27","27 Jan 2025","3.124571","2.374434","3.475838","2.346822","3.409232","2.559958","2.420551","2.645117","2.473430","2.864368"
"2025-01-28","28 Jan 2025","3.129056","2.387127","3.482291","2.350268","3.403778","2.548216","2.412846","2.633500","2.476428","2.859489"
"2025-01-29","29 Jan 2025","3.126059","2.375128","3.482546","2.340601","3.411199","2.545572","2.407908","2.632779","2.468615","2.858264"
"2025-01-30","30 Jan 2025","3.089338","2.328401","3.452811","2.287469","3.384749","2.508375","2.353847","2.583782","2.427809","2.815395"
"2025-01-31","31 Jan 2025","3.048142","2.258533","3.422720","2.213594","3.370889","2.496674","2.292845","2.538980","2.386776","2.774005"
"2025-02-03","03 Feb 2025","2.972051","2.195891","3.344883","2.132625","3.296248","2.473990","2.209063","2.459205","2.346873","2.697198"
"2025-02-04","04 Feb 2025","2.992800","2.209292","3.368537","2.154978","3.328497","2.505463","2.239045","2.489573","2.366555","2.722629"
"2025-02-05","05 Feb 2025","2.923058","2.195559","3.294298","2.159906","3.281177","2.501880","2.241773","2.465064","2.349181","2.674101"
"2025-02-06","06 Feb 2025","2.936475","2.192017","3.297988","2.141831","3.268241","2.514637","2.226545","2.464144","2.359279","2.682288"
"2025-02-07","07 Feb 2025","2.958307","2.208895","3.330646","2.172186","3.302596","2.485883","2.254298","2.484552","2.351583","2.701285"
"2025-02-10","10 Feb 2025","2.929316","2.174392","3.316025","2.134026","3.304713","2.476844","2.220348","2.453595","2.334272","2.670839"
"2025-02-11","11 Feb 2025","3.007534","2.204770","3.394425","2.171185","3.363690","2.477644","2.263313","2.510063","2.350643","2.738481"
"2025-02-12","12 Feb 2025","3.060094","2.255624","3.439563","2.223818","3.384982","2.474153","2.306469","2.550984","2.371675","2.784768"
"2025-02-13","13 Feb 2025","2.983429","2.219596","3.365443","2.181190","3.332683","2.473415","2.261700","2.495657","2.353115","2.718470"
"2025-02-14","14 Feb 2025","2.999053","2.232419","3.374201","2.195031","3.329835","2.464915","2.274123","2.508520","2.356402","2.732924"
"2025-02-17","17 Feb 2025","3.048800","2.237344","3.430760","2.210450","3.384707","2.487261","2.299128","2.544983","2.365944","2.776245"
"2025-02-18","18 Feb 2025","3.052740","2.225822","3.431959","2.197746","3.379679","2.502546","2.290672","2.543023","2.366721","2.777847"
"2025-02-19","19 Feb 2025","3.124092","2.271391","3.496878","2.253678","3.426603","2.495291","2.347798","2.604448","2.386807","2.844400"
"2025-02-20","20 Feb 2025","3.115385","2.252948","3.498268","2.235504","3.437737","2.494152","2.332609","2.592389","2.376056","2.833715"
"2025-02-21","21 Feb 2025","3.060093","2.191685","3.439598","2.177030","3.383871","2.466967","2.279590","2.542091","2.328793","2.781786"
"2025-02-24","24 Feb 2025","3.056205","2.194224","3.453440","2.168268","3.406139","2.463389","2.265619","2.528173","2.332295","2.771482"
"2025-02-25","25 Feb 2025","3.040903","2.168926","3.442695","2.147846","3.398425","2.448196","2.247833","2.511341","2.309566","2.755065"
"2025-02-26","26 Feb 2025","3.012634","2.171713","3.411301","2.142742","3.372926","2.468481","2.238042","2.494148","2.321555","2.732285"
"2025-02-27","27 Feb 2025","3.000411","2.152306","3.415607","2.123981","3.389799","2.443645","2.219325","2.476218","2.299746","2.716107"
"2025-02-28","28 Feb 2025","2.982625","2.139538","3.397115","2.107981","3.370606","2.443400","2.202528","2.458854","2.293060","2.698521"
"2025-03-03","03 Mar 2025","3.079567","2.178983","3.508648","2.155209","3.468228","2.442948","2.254505","2.525105","2.314134","2.779166"
"2025-03-04","04 Mar 2025","3.059334","2.123030","3.531798","2.097984","3.524887","2.421402","2.204540","2.485465","2.275611","2.747145"
"2025-03-05","05 Mar 2025","3.309963","2.246255","3.725059","2.265217","3.619855","2.414688","2.388403","2.698452","2.330380","2.982877"
"2025-03-06","06 Mar 2025","3.437970","2.299453","3.815679","2.362190","3.671649","2.377078","2.501395","2.823853","2.332819","3.112626"
"2025-03-07","07 Mar 2025","3.371849","2.264532","3.774055","2.301403","3.655634","2.380474","2.430739","2.750528","2.321148","3.041690"
"2025-03-10","10 Mar 2025","3.372740","2.250666","3.787924","2.280000","3.672528","2.377750","2.408277","2.734325","2.314225","3.033481"
"2025-03-11","11 Mar 2025","3.406444","2.232779","3.834481","2.274029","3.727169","2.380695","2.421358","2.763448","2.307501","3.065216"
"2025-03-12","12 Mar 2025","3.407910","2.249243","3.837106","2.288137","3.727064","2.384039","2.429052","2.765227","2.316662","3.066005"
"2025-03-13","13 Mar 2025","3.412921","2.221944","3.850955","2.265468","3.745090","2.390033","2.414673","2.760464","2.302821","3.066272"
"2025-03-14","14 Mar 2025","3.421310","2.221476","3.878424","2.274890","3.789483","2.368095","2.424219","2.767164","2.289127","3.072256"
"2025-03-17","17 Mar 2025","3.348829","2.211941","3.786320","2.255839","3.698860","2.349480","2.394350","2.720875","2.277227","3.013635"
"2025-03-18","18 Mar 2025","3.401733","2.222613","3.837967","2.264270","3.725649","2.332903","2.400726","2.739690","2.276162","3.049669"
"2025-03-19","19 Mar 2025","3.354711","2.230567","3.784857","2.263731","3.668453","2.320716","2.384050","2.701911","2.275325","3.004865"
"2025-03-20","20 Mar 2025","3.324288","2.209103","3.762709","2.238569","3.665314","2.316266","2.360613","2.679498","2.262834","2.979199"
"2025-03-21","21 Mar 2025","3.344048","2.203965","3.794606","2.230234","3.683091","2.301634","2.348037","2.669882","2.253623","2.981571"
"2025-03-24","24 Mar 2025","3.353382","2.192764","3.807953","2.218819","3.696282","2.296169","2.339726","2.669022","2.245434","2.986212"
"2025-03-25","25 Mar 2025","3.364905","2.196633","3.822547","2.228373","3.710242","2.287399","2.350058","2.678491","2.242114","2.995944"
"2025-03-26","26 Mar 2025","3.358830","2.173236","3.815271","2.205569","3.706128","2.276034","2.333118","2.670710","2.224742","2.990851"
"2025-03-27","27 Mar 2025","3.354545","2.142523","3.821766","2.169833","3.710456","2.256624","2.298617","2.645457","2.200602","2.975624"
"2025-03-28","28 Mar 2025","3.316427","2.119504","3.781740","2.136369","3.670777","2.247026","2.260208","2.604988","2.185879","2.936247"
"2025-03-31","31 Mar 2025","3.295729","2.099281","3.761475","2.106699","3.653692","2.249045","2.230314","2.579958","2.178270","2.914360"
"2025-04-01","01 Apr 2025","3.263343","2.109620","3.715615","2.108321","3.602200","2.261856","2.223032","2.560288","2.191023","2.887976"
"2025-04-02","02 Apr 2025","3.268957","2.104589","3.727322","2.100018","3.617933","2.266740","2.216029","2.558422","2.191518","2.890073"
"2025-04-03","03 Apr 2025","3.255127","2.078149","3.740958","2.059791","3.646475","2.266694","2.173675","2.523095","2.180470","2.864127"
"2025-04-04","04 Apr 2025","3.203611","2.012200","3.700409","1.965624","3.594682","2.242359","2.071085","2.430715","2.139858","2.790852"
"2025-04-07","07 Apr 2025","3.253075","1.978991","3.756544","1.949334","3.649637","2.207910","2.073772","2.460004","2.103790","2.832840"
"2025-04-08","08 Apr 2025","3.311478","2.038451","3.799760","2.032848","3.686134","2.225176","2.162953","2.541740","2.138361","2.903347"
"2025-04-09","09 Apr 2025","3.284631","1.962511","3.776964","1.944818","3.658686","2.190163","2.081999","2.484638","2.085042","2.863632"
"2025-04-10","10 Apr 2025","3.242553","2.004960","3.710004","1.986546","3.596614","2.217227","2.112919","2.488449","2.119516","2.844681"
"2025-04-11","11 Apr 2025","3.201118","1.953350","3.651668","1.938956","3.527830","2.164124","2.069215","2.449325","2.066616","2.806254"
"2025-04-14","14 Apr 2025","3.165632","1.962053","3.620221","1.939061","3.509985","2.179666","2.061541","2.429095","2.079849","2.777480"
"2025-04-15","15 Apr 2025","3.188938","1.967345","3.659070","1.945255","3.558812","2.191328","2.071338","2.444813","2.088218","2.796642"
"2025-04-16","16 Apr 2025","3.159935","1.930634","3.639740","1.906056","3.549625","2.162886","2.033243","2.410444","2.056057","2.764942"
"2025-04-17","17 Apr 2025","3.131887","1.880085","3.636004","1.848674","3.581956","2.173028","1.989212","2.383993","2.036532","2.739886"
"2025-04-22","22 Apr 2025","3.117920","1.867620","3.613313","1.834957","3.540426","2.139346","1.969024","2.360033","2.013972","2.720063"
"2025-04-23","23 Apr 2025","3.149461","1.920623","3.643714","1.893092","3.550883","2.144234","2.014698","2.387593","2.042198","2.745575"
"2025-04-24","24 Apr 2025","3.100012","1.853581","3.614190","1.818008","3.542931","2.105661","1.943311","2.326956","1.990687","2.691137"
"2025-04-25","25 Apr 2025","3.106788","1.871120","3.602666","1.841784","3.527009","2.120455","1.970617","2.352262","2.005781","2.709047"
"2025-04-28","28 Apr 2025","3.141314","1.863832","3.652386","1.846627","3.584403","2.110750","1.986306","2.379208","1.995425","2.739885"
"2025-04-29","29 Apr 2025","3.136747","1.867778","3.638123","1.851437","3.558210","2.099656","1.987023","2.374848","1.991808","2.735005"
"2025-04-30","30 Apr 2025","3.108519","1.845581","3.628715","1.814169","3.566739","2.110913","1.947511","2.338849","1.988580","2.702482"
"2025-05-02","02 May 2025","3.129106","1.877125","3.642850","1.859838","3.569368","2.096630","1.989336","2.367916","1.995056","2.725421"
"2025-05-05","05 May 2025","3.156915","1.875959","3.685028","1.864744","3.600919","2.071703","1.993023","2.373122","1.981234","2.739120"
"2025-05-06","06 May 2025","3.195715","1.867615","3.731230","1.865466","3.657539","2.083180","2.010016","2.409459","1.981441","2.779387"
"2025-05-07","07 May 2025","3.131691","1.846064","3.652888","1.832034","3.577059","2.075419","1.969034","2.359244","1.968474","2.722881"
"2025-05-08","08 May 2025","3.138718","1.850742","3.664683","1.841491","3.602220","2.093011","1.985338","2.378193","1.978581","2.736706"
"2025-05-09","09 May 2025","3.189645","1.875387","3.718159","1.874932","3.643269","2.092209","2.019985","2.415656","1.989419","2.779893"
"2025-05-12","12 May 2025","3.242197","1.958971","3.752470","1.986876","3.682117","2.126905","2.136124","2.513507","2.043776","2.855284"
"2025-05-13","13 May 2025","3.236124","1.917889","3.741571","1.970004","3.681013","2.111742","2.141029","2.527595","2.010106","2.861018"
"2025-05-14","14 May 2025","3.252974","1.952534","3.777222","1.989581","3.722695","2.137968","2.148884","2.530703","2.043888","2.868951"
"2025-05-15","15 May 2025","3.212001","1.912938","3.739726","1.956652","3.706609","2.139406","2.125869","2.507956","2.021693","2.837628"
"2025-05-16","16 May 2025","3.151524","1.900927","3.672988","1.927348","3.642398","2.150309","2.087148","2.459275","2.023682","2.783017"
"2025-05-19","19 May 2025","3.182069","1.893473","3.709558","1.920212","3.671839","2.160279","2.086664","2.471780","2.024678","2.804809"
"2025-05-20","20 May 2025","3.186483","1.887169","3.747243","1.932646","3.732442","2.117361","2.099271","2.475130","1.996217","2.804725"
"2025-05-21","21 May 2025","3.224259","1.904356","3.787076","1.945515","3.754568","2.096250","2.107545","2.490245","1.997616","2.831002"
"2025-05-22","22 May 2025","3.244027","1.882853","3.809405","1.928461","3.772070","2.082812","2.098732","2.495136","1.979491","2.844248"
"2025-05-23","23 May 2025","3.174381","1.824430","3.746080","1.847642","3.715463","2.058370","2.012280","2.413810","1.942012","2.769434"
"2025-05-26","26 May 2025","3.174906","1.847596","3.731686","1.867780","3.693506","2.082299","2.029156","2.425067","1.965979","2.776027"
"2025-05-27","27 May 2025","3.130485","1.847236","3.672353","1.871511","3.637525","2.081079","2.030232","2.410754","1.963658","2.746670"
"2025-05-28","28 May 2025","3.143932","1.860659","3.677478","1.882787","3.633194","2.081823","2.038884","2.420368","1.971791","2.758885"
"2025-05-29","29 May 2025","3.102567","1.836431","3.642589","1.855818","3.612084","2.077686","2.011883","2.388844","1.957234","2.721902"
"2025-05-30","30 May 2025","3.106298","1.854994","3.644720","1.871242","3.603542","2.055431","2.016479","2.385887","1.957157","2.721197"
"2025-06-02","02 Jun 2025","3.128521","1.866529","3.668305","1.878186","3.617823","2.060673","2.020232","2.392963","1.966720","2.735546"
"2025-06-03","03 Jun 2025","3.087782","1.845940","3.644285","1.853923","3.607801","2.026447","1.987978","2.351204","1.939994","2.692039"
"2025-06-04","04 Jun 2025","3.119510","1.861974","3.668850","1.884850","3.632875","2.033611","2.027953","2.394194","1.949075","2.730547"
"2025-06-05","05 Jun 2025","3.140078","1.898150","3.661477","1.940217","3.610650","2.041995","2.087445","2.443722","1.967938","2.766559"
"2025-06-06","06 Jun 2025","3.154824","1.909734","3.672249","1.964860","3.591193","1.972045","2.099949","2.442248","1.937576","2.769360"
"2025-06-09","09 Jun 2025","3.166853","1.906434","3.690167","1.960394","3.612855","1.978624","2.098759","2.447837","1.939465","2.778706"
"2025-06-10","10 Jun 2025","3.106518","1.899774","3.626564","1.940883","3.548306","1.974143","2.065797","2.397473","1.935638","2.721321"
"2025-06-11","11 Jun 2025","3.110548","1.900007","3.641985","1.936978","3.577856","1.988051","2.063287","2.399001","1.943374","2.724453"
"2025-06-12","12 Jun 2025","3.093876","1.896106","3.620203","1.924232","3.550206","1.995690","2.046400","2.380433","1.946583","2.706839"
"2025-06-13","13 Jun 2025","3.125560","1.909749","3.645192","1.956920","3.572444","1.982018","2.086837","2.422025","1.943662","2.744244"
"2025-06-16","16 Jun 2025","3.126312","1.905275","3.646920","1.953013","3.572171","1.980376","2.084560","2.421870","1.940522","2.744704"
"2025-06-17","17 Jun 2025","3.146373","1.922202","3.663750","1.972525","3.585450","1.994649","2.105503","2.443483","1.955726","2.765815"
"2025-06-18","18 Jun 2025","3.132934","1.922830","3.648711","1.970946","3.564424","1.986026","2.098057","2.428744","1.952014","2.750237"
"2025-06-19","19 Jun 2025","3.154907","1.907406","3.664889","1.954678","3.567412","1.983694","2.088189","2.433894","1.943490","2.765532"
"2025-06-20","20 Jun 2025","3.159686","1.913198","3.677273","1.958734","3.577839","1.985782","2.089167","2.432160","1.947669","2.765443"
"2025-06-23","23 Jun 2025","3.142564","1.916073","3.654440","1.949351","3.576328","1.996309","2.090125","2.442773","1.964911","2.766299"
"2025-06-24","24 Jun 2025","3.162924","1.907897","3.695308","1.943125","3.622607","1.967871","2.085872","2.445435","1.948570","2.776502"
"2025-06-25","25 Jun 2025","3.171141","1.905609","3.706993","1.942451","3.632956","1.949933","2.086011","2.448173","1.939837","2.781785"
"2025-06-26","26 Jun 2025","3.158272","1.882389","3.705118","1.907937","3.633246","1.931296","2.053389","2.422970","1.926851","2.762398"
"2025-06-27","27 Jun 2025","3.187947","1.905448","3.741209","1.938528","3.670537","1.932570","2.081827","2.449251","1.935027","2.789515"
"2025-06-30","30 Jun 2025","3.173121","1.896673","3.727088","1.930848","3.662212","1.933064","2.074256","2.439413","1.929351","2.777172"
"2025-07-01","01 Jul 2025","3.149458","1.887142","3.699647","1.922035","3.637925","1.938715","2.063888","2.424176","1.924277","2.757815"
"2025-07-02","02 Jul 2025","3.231802","1.896904","3.774004","1.950084","3.693483","1.961737","2.108393","2.488688","1.935643","2.833024"
"2025-07-03","03 Jul 2025","3.187500","1.885976","3.726207","1.938742","3.651887","1.942193","2.090210","2.458722","1.918711","2.795448"
"2025-07-04","04 Jul 2025","3.149450","1.859047","3.717344","1.893824","3.672355","1.948805","2.045119","2.415475","1.916357","2.753311"
"2025-07-07","07 Jul 2025","3.201122","1.883410","3.773167","1.928553","3.717609","1.930649","2.079725","2.453799","1.917031","2.797665"
"2025-07-08","08 Jul 2025","3.240410","1.900843","3.812690","1.961079","3.755460","1.948782","2.116144","2.491465","1.927370","2.836073"
"2025-07-09","09 Jul 2025","3.227556","1.891978","3.808835","1.948209","3.763415","1.959395","2.103858","2.479246","1.928578","2.823171"
"2025-07-10","10 Jul 2025","3.255375","1.899917","3.844893","1.972586","3.802366","1.958484","2.130422","2.504111","1.925113","2.848425"
"2025-07-11","11 Jul 2025","3.284552","1.928092","3.869855","2.008541","3.811626","1.962924","2.160883","2.526580","1.938624","2.872415"
"2025-07-14","14 Jul 2025","3.288522","1.906917","3.888591","1.979097","3.843629","1.965807","2.139750","2.521570","1.933079","2.873251"
"2025-07-15","15 Jul 2025","3.232933","1.888267","3.832285","1.954982","3.800382","1.960165","2.110485","2.481903","1.920753","2.825362"
"2025-07-16","16 Jul 2025","3.238553","1.883905","3.840349","1.942904","3.807386","1.967126","2.100852","2.479690","1.925550","2.827566"
"2025-07-17","17 Jul 2025","3.238987","1.875073","3.843198","1.943036","3.810258","1.958669","2.100178","2.476550","1.911672","2.825633"
"2025-07-18","18 Jul 2025","3.250237","1.884973","3.857819","1.953392","3.827557","1.958234","2.112213","2.489693","1.918160","2.837687"
"2025-07-21","21 Jul 2025","3.167986","1.863277","3.770464","1.913946","3.745656","1.954149","2.056641","2.416998","1.906150","2.759326"
"2025-07-22","22 Jul 2025","3.151183","1.858372","3.757987","1.905394","3.742086","1.957385","2.046711","2.404709","1.905771","2.744635"
"2025-07-23","23 Jul 2025","3.150971","1.851554","3.752787","1.899359","3.730469","1.952955","2.042456","2.403163","1.900034","2.744276"
"2025-07-24","24 Jul 2025","3.237903","1.925081","3.820890","1.997275","3.772823","1.969430","2.143119","2.497594","1.941428","2.834430"
"2025-07-25","25 Jul 2025","3.273134","1.947276","3.848508","2.032665","3.798482","1.980394","2.185889","2.542674","1.955878","2.875651"
"2025-07-28","28 Jul 2025","3.223572","1.923911","3.808324","1.994215","3.772852","1.975923","2.141361","2.494821","1.944708","2.826594"
"2025-07-29","29 Jul 2025","3.230780","1.932956","3.808920","2.011682","3.768332","1.968750","2.159294","2.508562","1.943995","2.836924"
"2025-07-30","30 Jul 2025","3.248113","1.951881","3.819653","2.039446","3.774035","1.969642","2.187890","2.533082","1.952405","2.857711"
"2025-07-31","31 Jul 2025","3.230391","1.970121","3.805459","2.051834","3.768087","1.987256","2.192870","2.526309","1.971069","2.844225"
"2025-08-01","01 Aug 2025","3.205021","1.927620","3.795349","1.997364","3.763865","1.970145","2.137986","2.480656","1.943220","2.808418"
"2025-08-04","04 Aug 2025","3.177002","1.927160","3.766251","1.987401","3.737177","1.976188","2.120801","2.456101","1.947404","2.781485"
"2025-08-05","05 Aug 2025","3.161359","1.936007","3.755580","1.993900","3.733257","1.979233","2.121649","2.447297","1.953579","2.767811"
"2025-08-06","06 Aug 2025","3.175383","1.931289","3.767300","1.988268","3.748464","1.977707","2.122815","2.460608","1.952151","2.783999"
"2025-08-07","07 Aug 2025","3.169466","1.929480","3.757252","1.994619","3.741858","1.982786","2.132057","2.465648","1.950878","2.783530"
"2025-08-08","08 Aug 2025","3.219579","1.949078","3.794952","2.029733","3.768716","1.982111","2.175413","2.515723","1.958078","2.835046"
"2025-08-11","11 Aug 2025","3.218708","1.962881","3.799736","2.040608","3.779821","1.993564","2.182499","2.517681","1.971183","2.834754"
"2025-08-12","12 Aug 2025","3.275070","1.966176","3.871021","2.054781","3.855655","1.991094","2.206465","2.555718","1.970041","2.881946"
"2025-08-13","13 Aug 2025","3.210638","1.942455","3.809690","2.009615","3.805435","1.991319","2.152258","2.496153","1.962410","2.819982"
"2025-08-14","14 Aug 2025","3.226901","1.940034","3.827084","2.013568","3.822290","1.992007","2.160988","2.509178","1.959880","2.834827"
"2025-08-15","15 Aug 2025","3.302449","1.958695","3.917131","2.046195","3.906005","1.991529","2.201593","2.561717","1.966852","2.897928"
"2025-08-18","18 Aug 2025","3.287559","1.950365","3.907849","2.039415","3.903636","1.976308","2.193397","2.549836","1.954819","2.883848"
"2025-08-19","19 Aug 2025","3.277841","1.948194","3.902731","2.034082","3.903413","1.977093","2.185955","2.540339","1.954593","2.873785"
"2025-08-20","20 Aug 2025","3.251436","1.935070","3.877481","2.009657","3.880815","1.976646","2.158264","2.513126","1.950293","2.847276"
"2025-08-21","21 Aug 2025","3.297399","1.961094","3.918995","2.050153","3.912452","1.981547","2.202999","2.558424","1.962986","2.892671"
"2025-08-22","22 Aug 2025","3.283510","1.965031","3.896291","2.050554","3.887236","1.989868","2.200485","2.551521","1.969463","2.882653"
"2025-08-25","25 Aug 2025","3.314859","1.972987","3.942695","2.060767","3.940531","2.000592","2.214395","2.571821","1.978482","2.907832"
"2025-08-26","26 Aug 2025","3.300492","1.960152","3.947958","2.035459","3.952554","1.995947","2.181755","2.538538","1.971792","2.881844"
"2025-08-27","27 Aug 2025","3.307191","1.957264","3.958057","2.024361","3.959817","2.010551","2.170364","2.533250","1.978990","2.882756"
"2025-08-28","28 Aug 2025","3.274410","1.964018","3.922081","2.030724","3.924651","2.001437","2.168366","2.514965","1.977657","2.855395"
"2025-08-29","29 Aug 2025","3.291926","1.961569","3.946084","2.030151","3.953724","2.003586","2.172203","2.526147","1.977318","2.870347"
"2025-09-01","01 Sep 2025","3.318010","1.970590","3.977149","2.045155","3.986699","2.005482","2.190757","2.548320","1.981913","2.894390"
"2025-09-02","02 Sep 2025","3.368231","1.991247","4.027938","2.073099","4.037206","2.027712","2.226998","2.594630","2.002325","2.943952"
"2025-09-03","03 Sep 2025","3.323470","1.977927","3.985031","2.051503","3.995829","2.013202","2.196230","2.552971","1.989582","2.899115"
"2025-09-04","04 Sep 2025","3.279621","1.971337","3.932869","2.039304","3.939406","2.004894","2.176368","2.520947","1.982817","2.860312"
"2025-09-05","05 Sep 2025","3.233249","1.949859","3.897735","2.003109","3.922346","2.005345","2.133776","2.474623","1.974495","2.813454"
"2025-09-08","08 Sep 2025","3.206271","1.952766","3.862979","1.999174","3.883697","2.011472","2.123335","2.455415","1.979931","2.789849"
"2025-09-09","09 Sep 2025","3.217829","1.957162","3.877473","2.009922","3.903976","2.007953","2.137141","2.470193","1.979408","2.803235"
"2025-09-10","10 Sep 2025","3.214060","1.966356","3.873565","2.025739","3.893942","1.996588","2.150065","2.473262","1.977143","2.800877"
"2025-09-11","11 Sep 2025","3.217743","1.993084","3.860408","2.060377","3.882910","2.010437","2.185907","2.501916","1.996113","2.818666"
"2025-09-12","12 Sep 2025","3.254006","2.008547","3.873071","2.082619","3.887362","2.008948","2.216677","2.545565","2.003813","2.863416"
"2025-09-15","15 Sep 2025","3.235032","2.003118","3.859776","2.068882","3.881847","2.007120","2.199306","2.526635","2.002306","2.844226"
"2025-09-16","16 Sep 2025","3.228245","1.997923","3.850479","2.070163","3.873879","2.003819","2.202207","2.526367","1.995786","2.840557"
"2025-09-17","17 Sep 2025","3.214891","2.001524","3.826167","2.064312","3.841970","2.000840","2.192050","2.515529","1.999451","2.829459"
"2025-09-18","18 Sep 2025","3.259220","2.000104","3.882593","2.076146","3.900582","2.008124","2.213711","2.546961","1.998571","2.866876"
"2025-09-19","19 Sep 2025","3.273060","2.001789","3.897514","2.082409","3.915152","2.012593","2.223270","2.559013","2.000416","2.879848"
"2025-09-22","22 Sep 2025","3.283625","2.001073","3.928555","2.075992","3.955975","2.006148","2.214923","2.554763","1.998948","2.881787"
"2025-09-23","23 Sep 2025","3.280949","2.002386","3.915892","2.084159","3.938639","2.005440","2.224665","2.561084","1.997220","2.883974"
"2025-09-24","24 Sep 2025","3.294135","2.002274","3.926794","2.088683","3.943062","2.010994","2.232143","2.570391","1.998396","2.894934"
"2025-09-25","25 Sep 2025","3.318008","2.016603","3.932032","2.115112","3.932303","2.008605","2.263928","2.603458","2.002557","2.924828"
"2025-09-26","26 Sep 2025","3.300538","2.010058","3.916635","2.103253","3.922988","2.013531","2.250428","2.588534","2.002447","2.908653"
"2025-09-29","29 Sep 2025","3.267119","2.005482","3.873100","2.090453","3.880174","2.021713","2.233375","2.566007","2.005392","2.881413"
"2025-09-30","30 Sep 2025","3.251903","2.003544","3.864067","2.091844","3.881398","2.006983","2.232468","2.558228","1.996501","2.868960"
"2025-10-01","01 Oct 2025","3.237295","1.992036","3.860287","2.074364","3.869180","1.990808","2.207855","2.528727","1.983559","2.843938"
"2025-10-02","02 Oct 2025","3.259617","2.003352","3.875909","2.091707","3.888429","1.984097","2.229405","2.556174","1.985939","2.871272"
"2025-10-03","03 Oct 2025","3.241663","2.007408","3.854607","2.089681","3.867792","1.985013","2.222218","2.543671","1.989839","2.856012"
"2025-10-06","06 Oct 2025","3.268479","1.995859","3.889166","2.080454","3.899715","1.984348","2.219949","2.554017","1.983361","2.874911"
"2025-10-07","07 Oct 2025","3.282621","2.000795","3.907995","2.090784","3.920351","1.988438","2.232600","2.566959","1.986456","2.887891"
"2025-10-08","08 Oct 2025","3.224286","1.984111","3.859385","2.064443","3.895422","1.994780","2.200517","2.523853","1.981971","2.836186"
"2025-10-09","09 Oct 2025","3.238367","1.988742","3.865048","2.073460","3.895825","1.999461","2.213326","2.539920","1.985868","2.852262"
"2025-10-10","10 Oct 2025","3.211367","1.980556","3.835754","2.055944","3.869086","2.004656","2.191862","2.515955","1.985841","2.827066"
"2025-10-13","13 Oct 2025","3.180403","1.963899","3.807958","2.019991","3.840671","1.981549","2.148572","2.475607","1.972373","2.791779"
"2025-10-14","14 Oct 2025","3.143730","1.956704","3.769327","2.003519","3.808135","1.978849","2.126812","2.447696","1.969725","2.759494"
"2025-10-15","15 Oct 2025","3.100381","1.946615","3.731417","1.982624","3.784212","1.975531","2.099578","2.412894","1.965533","2.719857"
"2025-10-16","16 Oct 2025","3.100670","1.955757","3.731751","1.986956","3.786263","1.976552","2.101904","2.414362","1.973335","2.720795"
"2025-10-17","17 Oct 2025","3.113400","1.953619","3.750807","1.979626","3.805189","1.981289","2.097259","2.417024","1.977567","2.728553"
"2025-10-20","20 Oct 2025","3.118314","1.958881","3.752951","1.989227","3.804926","1.986703","2.106571","2.424206","1.980324","2.734534"
"2025-10-21","21 Oct 2025","3.090552","1.956630","3.714660","1.979160","3.764989","1.976752","2.093009","2.406418","1.978404","2.712496"
"2025-10-22","22 Oct 2025","3.096815","1.951886","3.723247","1.987097","3.778211","1.987559","2.104109","2.415679","1.974043","2.719927"
"2025-10-23","23 Oct 2025","3.113014","1.960934","3.742006","1.993970","3.793989","1.981850","2.110841","2.425544","1.978368","2.732880"
"2025-10-24","24 Oct 2025","3.163456","1.982264","3.790665","2.041382","3.839292","2.004572","2.165850","2.479050","1.990477","2.784348"
"2025-10-27","27 Oct 2025","3.160062","1.991492","3.779329","2.042255","3.818081","2.005373","2.162454","2.475019","1.998604","2.781099"
"2025-10-28","28 Oct 2025","3.154991","1.987906","3.771170","2.042251","3.808698","1.996838","2.162623","2.473306","1.991573","2.777745"
"2025-10-29","29 Oct 2025","3.149458","1.986415","3.769780","2.035753","3.809859","1.985336","2.153774","2.464854","1.987589","2.770569"
"2025-10-30","30 Oct 2025","3.157747","1.992898","3.765508","2.057808","3.798955","2.005963","2.180815","2.486460","1.994792","2.785608"
"2025-10-31","31 Oct 2025","3.157691","1.986984","3.781247","2.043717","3.826497","2.008248","2.165714","2.475976","1.995107","2.779861"
"2025-11-03","03 Nov 2025","3.167883","1.998891","3.787942","2.050864","3.826581","2.010239","2.170843","2.482710","2.004381","2.788662"
"2025-11-04","04 Nov 2025","3.169557","2.001026","3.791627","2.050349","3.828287","1.996729","2.168196","2.480511","2.000752","2.788188"
"2025-11-05","05 Nov 2025","3.177489","1.987814","3.785433","2.054904","3.812294","1.995165","2.181599","2.495552","1.987236","2.800602"
"2025-11-06","06 Nov 2025","3.182923","1.991572","3.791602","2.056964","3.816793","1.995453","2.182990","2.498061","1.990035","2.804570"
"2025-11-07","07 Nov 2025","3.205783","1.992164","3.823696","2.059724","3.850876","1.989949","2.188644","2.510120","1.987900","2.821791"
"2025-11-10","10 Nov 2025","3.189146","1.992780","3.804713","2.056694","3.836944","2.012828","2.184539","2.501865","1.998913","2.809402"
"2025-11-11","11 Nov 2025","3.170306","1.990024","3.780786","2.060730","3.809800","2.004214","2.186271","2.492865","1.990815","2.794071"
"2025-11-12","12 Nov 2025","3.153618","1.990046","3.762257","2.053856","3.797871","2.017397","2.177199","2.481995","1.998428","2.780933"
"2025-11-13","13 Nov 2025","3.178045","2.005761","3.782876","2.078331","3.819057","2.024708","2.206569","2.513088","2.008589","2.809467"
"2025-11-14","14 Nov 2025","3.216541","2.009756","3.824109","2.086841","3.849627","2.015020","2.218717","2.534791","2.005737","2.839737"
"2025-11-17","17 Nov 2025","3.209477","2.012802","3.823530","2.093655","3.861615","2.014493","2.225162","2.535797","2.005981","2.835952"
"2025-11-18","18 Nov 2025","3.202192","2.005327","3.824856","2.076100","3.866862","2.012147","2.204366","2.518370","2.003511","2.823447"
"2025-11-19","19 Nov 2025","3.201018","2.004354","3.829204","2.074183","3.873274","1.997640","2.200250","2.513622","1.996748","2.819967"
"2025-11-20","20 Nov 2025","3.234188","2.007946","3.875016","2.084750","3.920677","1.986215","2.214369","2.533797","1.992144","2.845869"
"2025-11-21","21 Nov 2025","3.218075","1.990303","3.858674","2.065513","3.905516","1.977229","2.196158","2.517316","1.978950","2.829871"
"2025-11-24","24 Nov 2025","3.211639","2.007492","3.850164","2.084520","3.900952","1.982554","2.210794","2.522192","1.989607","2.828425"
"2025-11-25","25 Nov 2025","3.173990","2.007553","3.810158","2.075518","3.870230","1.981496","2.194535","2.496823","1.991155","2.796882"
"2025-11-26","26 Nov 2025","3.180488","2.003281","3.814537","2.073254","3.873691","1.995572","2.196643","2.502809","1.994717","2.803649"
"2025-11-27","27 Nov 2025","3.181021","2.005743","3.815321","2.080003","3.877051","1.995213","2.204042","2.507612","1.994592","2.806037"
"2025-11-28","28 Nov 2025","3.185171","2.010239","3.815375","2.082046","3.872943","2.002124","2.205860","2.510865","2.000940","2.810205"
"2025-12-01","01 Dec 2025","3.240811","2.027494","3.882740","2.109547","3.938672","2.007420","2.239299","2.552097","2.010565","2.857889"
"2025-12-02","02 Dec 2025","3.249868","2.023025","3.883002","2.112700","3.929129","2.013038","2.248390","2.563564","2.008943","2.868466"
"2025-12-03","03 Dec 2025","3.230898","2.015789","3.873738","2.097772","3.934795","2.021416","2.231413","2.545803","2.010636","2.849969"
"2025-12-04","04 Dec 2025","3.250607","2.045826","3.896068","2.126851","3.952595","2.045946","2.257022","2.566123","2.038009","2.868723"
"2025-12-05","05 Dec 2025","3.266127","2.035616","3.905941","2.128232","3.972703","2.026930","2.267105","2.584524","2.021742","2.887889"
"2025-12-08","08 Dec 2025","3.335299","2.082011","3.946890","2.196203","3.976349","2.036557","2.342250","2.660595","2.046501","2.961492"
"2025-12-09","09 Dec 2025","3.295368","2.168543","3.942095","2.255492","3.985119","2.133613","2.372103","2.645811","2.141684","2.925356"
"2025-12-10","10 Dec 2025","3.312961","2.099547","3.960268","2.239954","4.014145","2.001086","2.385886","2.678506","2.033060","2.954611"
"2025-12-11","11 Dec 2025","3.307818","2.084486","3.933440","2.202259","3.925672","2.016930","2.339812","2.638115","2.036984","2.930078"
"2025-12-12","12 Dec 2025","3.335656","2.127282","3.966686","2.238555","3.969998","2.067248","2.372254","2.667076","2.084481","2.958018"
"2025-12-15","15 Dec 2025","3.314858","2.095326","3.951760","2.210302","3.895713","2.027586","2.344016","2.636898","2.048032","2.929061"
"2025-12-16","16 Dec 2025","3.294958","2.129609","4.016821","2.204842","4.003027","2.104863","2.314046","2.588140","2.109526","2.884716"
"2025-12-17","17 Dec 2025","3.333644","2.112634","3.974612","2.209331","3.900129","2.068618","2.335242","2.629756","2.080003","2.932481"
"2025-12-18","18 Dec 2025","3.343647","2.104668","4.005791","2.181211","3.982840","2.093804","2.303118","2.609385","2.091915","2.927895"
"2025-12-19","19 Dec 2025","3.388770","2.127620","4.027457","2.210912","3.941379","2.106579","2.335775","2.645099","2.108761","2.967299"
"2025-12-22","22 Dec 2025","3.382366","2.124012","4.045879","2.229856","3.979463","2.070476","2.362168","2.664983","2.085343","2.973480"
"2025-12-23","23 Dec 2025","3.342585","2.074345","3.967696","2.198820","4.023496","2.016058","2.350030","2.670837","2.030880","2.970455"
"2025-12-24","24 Dec 2025","3.342816","2.077808","3.967984","2.200557","4.023870","2.021918","2.350934","2.671171","2.035796","2.970686"
"2025-12-29","29 Dec 2025","3.295243","2.059545","3.933729","2.160976","4.006069","2.023771","2.301213","2.618005","2.031391","2.919676"
"2025-12-30","30 Dec 2025","3.322724","2.049773","3.952266","2.155124","4.019213","2.040827","2.306929","2.639128","2.033894","2.946395"
"2025-12-31","31 Dec 2025","3.322645","2.059816","3.953615","2.164314","4.028656","2.052091","2.315066","2.644477","2.044605","2.949036"
"2026-01-02","02 Jan 2026","3.359949","2.056888","3.989670","2.172706","4.063752","2.044963","2.333372","2.674520","2.037856","2.984037"
"2026-01-05","05 Jan 2026","3.344881","2.060625","3.977806","2.172008","4.060492","2.054087","2.329313","2.665353","2.044826","2.971500"
"2026-01-06","06 Jan 2026","3.302708","2.034936","3.937602","2.139348","4.028136","2.044530","2.294278","2.627622","2.028000","2.931524"
"2026-01-07","07 Jan 2026","3.288947","2.035874","3.921146","2.133282","3.994579","2.025763","2.277773","2.603968","2.020728","2.911172"
"2026-01-08","08 Jan 2026","3.297385","2.042699","3.931323","2.144993","4.015055","2.023015","2.293646","2.621654","2.023018","2.925121"
"2026-01-09","09 Jan 2026","3.292688","2.048473","3.936403","2.146062","4.033895","2.030560","2.292423","2.618266","2.031006","2.920535"
"2026-01-12","12 Jan 2026","3.266630","2.046000","3.894308","2.139080","3.970351","2.034335","2.277407","2.593241","2.030594","2.894043"
"2026-01-13","13 Jan 2026","3.279160","2.043879","3.913502","2.140967","3.999650","2.032010","2.283480","2.604147","2.027814","2.906272"
"2026-01-14","14 Jan 2026","3.266689","2.038150","3.902095","2.128273","3.976498","2.028563","2.265085","2.582335","2.024263","2.887499"
"2026-01-15","15 Jan 2026","3.242366","2.041587","3.864781","2.134760","3.942713","2.024294","2.270008","2.578760","2.023250","2.874428"
"2026-01-16","16 Jan 2026","3.260574","2.048704","3.884546","2.145838","3.977897","2.011939","2.288131","2.605198","2.023160","2.899104"
"2026-01-19","19 Jan 2026","3.257639","2.039425","3.894431","2.121366","3.988011","2.005071","2.262355","2.586557","2.022147","2.887718"
"2026-01-20","20 Jan 2026","3.295718","2.031550","3.946493","2.120722","4.045565","1.995597","2.271579","2.608922","2.014607","2.917921"
"2026-01-21","21 Jan 2026","3.308784","2.027068","3.962337","2.121498","4.059029","1.999458","2.275162","2.616125","2.010804","2.927961"
"2026-01-22","22 Jan 2026","3.304147","2.051025","3.940794","2.156279","4.011113","2.017885","2.298992","2.618670","2.023076","2.924009"
"2026-01-23","23 Jan 2026","3.293119","2.053180","3.922678","2.160689","4.018422","2.019722","2.309317","2.631918","2.026080","2.928697"
"2026-01-26","26 Jan 2026","3.255065","2.041890","3.880612","2.138403","3.985828","2.030572","2.284937","2.604473","2.028479","2.896669"
"2026-01-27","27 Jan 2026","3.267139","2.042565","3.899026","2.141549","3.973012","2.014864","2.279135","2.591341","2.018180","2.891733"
"2026-01-28","28 Jan 2026","3.248615","2.015651","3.891919","2.104549","4.004683","2.003938","2.253975","2.582348","2.008269","2.881691"
"2026-01-29","29 Jan 2026","3.240906","2.011824","3.893006","2.095848","4.010006","1.998376","2.242439","2.570041","2.004878","2.870868"
"2026-01-30","30 Jan 2026","3.250144","2.023748","3.900626","2.105516","4.013249","2.002201","2.250583","2.577915","2.014259","2.879375"
"2026-02-02","02 Feb 2026","3.260287","2.030138","3.914386","2.119664","4.028765","1.998146","2.263378","2.587840","2.010870","2.888787"
"2026-02-03","03 Feb 2026","3.291872","2.040954","3.946660","2.142301","4.026632","2.010322","2.281915","2.599212","2.014805","2.906117"
"2026-02-04","04 Feb 2026","3.275779","2.031386","3.934611","2.128226","4.023662","2.008188","2.266311","2.583276","2.009645","2.890227"
"2026-02-05","05 Feb 2026","3.283364","2.032476","3.941063","2.128737","4.025619","2.011689","2.267621","2.587126","2.012070","2.896151"
"2026-02-06","06 Feb 2026","3.260130","2.023138","3.923007","2.114238","4.015442","2.008319","2.249897","2.565935","2.006451","2.873437"
"2026-02-09","09 Feb 2026","3.263858","2.016587","3.942561","2.104440","4.041448","2.005753","2.238983","2.557108","2.002413","2.869401"
"2026-02-10","10 Feb 2026","3.218724","2.015148","3.886752","2.095261","3.985228","2.009659","2.222469","2.528641","2.004642","2.832487"
"2026-02-11","11 Feb 2026","3.223000","2.020438","3.890772","2.100366","3.989148","2.015091","2.227403","2.533301","2.010028","2.836951"
"2026-02-12","12 Feb 2026","3.199713","2.018454","3.860980","2.096196","3.943724","2.009040","2.218142","2.515092","2.006181","2.814618"
"2026-02-13","13 Feb 2026","3.173307","1.999503","3.836562","2.066163","3.929514","2.009430","2.185422","2.484819","1.998657","2.787179"
"2026-02-16","16 Feb 2026","3.171010","2.005312","3.828086","2.064197","3.942238","2.038504","2.185510","2.490928","2.017411","2.792590"
"2026-02-17","17 Feb 2026","3.158279","2.005772","3.810880","2.059006","3.922806","2.046889","2.177572","2.480780","2.022666","2.781361"
"2026-02-18","18 Feb 2026","3.151481","2.014897","3.808252","2.075925","3.912901","2.030193","2.190266","2.480563","2.017464","2.774755"
"2026-02-19","19 Feb 2026","3.159829","2.020010","3.815422","2.084538","3.919889","2.030722","2.200490","2.491202","2.019756","2.784501"
"2026-02-20","20 Feb 2026","3.140344","2.021711","3.789633","2.091499","3.879563","2.016059","2.204258","2.483628","2.012258","2.769178"
"2026-02-23","23 Feb 2026","3.132233","2.021720","3.790083","2.081031","3.893932","2.032764","2.190411","2.470646","2.022247","2.758701"
"2026-02-24","24 Feb 2026","3.121574","2.020628","3.776261","2.072904","3.884057","2.043864","2.180327","2.461007","2.028350","2.749421"
"2026-02-25","25 Feb 2026","3.115821","2.023187","3.781883","2.081388","3.862502","2.025971","2.184524","2.453250","2.019515","2.737686"
"2026-02-26","26 Feb 2026","3.100055","2.019884","3.760705","2.077772","3.831304","2.020574","2.178975","2.443098","2.015131","2.724254"
"2026-02-27","27 Feb 2026","3.094762","2.016655","3.768480","2.068568","3.826551","2.022625","2.165616","2.426980","2.015383","2.710802"
"2026-03-02","02 Mar 2026","3.129608","2.053558","3.798140","2.117151","3.847986","2.042109","2.217865","2.475871","2.041728","2.752908"
"2026-03-03","03 Mar 2026","3.235902","2.136564","3.872494","2.239227","3.919522","2.076420","2.358879","2.621406","2.094516","2.884377"
"2026-03-04","04 Mar 2026","3.195841","2.102975","3.851671","2.190809","3.900693","2.060815","2.303011","2.563572","2.072135","2.832517"
"2026-03-05","05 Mar 2026","3.258872","2.146829","3.878355","2.262253","3.933640","2.072511","2.389370","2.656482","2.095838","2.916482"
"2026-03-06","06 Mar 2026","3.327833","2.214185","3.887336","2.350910","3.941801","2.115763","2.489785","2.761201","2.148010","3.010862"
"2026-03-09","09 Mar 2026","3.336191","2.242770","3.901202","2.378645","3.942042","2.142718","2.514744","2.778999","2.175790","3.022856"
"2026-03-10","10 Mar 2026","3.267298","2.173582","3.878736","2.284892","3.906639","2.102277","2.408228","2.669624","2.124628","2.926472"
"2026-03-11","11 Mar 2026","3.364342","2.294132","3.939770","2.405843","3.994197","2.043770","2.507352","2.763253","2.165082","3.027018"
"2026-03-12","12 Mar 2026","3.419516","2.328869","3.982642","2.466661","4.021369","2.047694","2.573747","2.825354","2.178104","3.085296"
"2026-03-13","13 Mar 2026","3.435539","2.335874","4.000298","2.475007","4.037945","2.050454","2.583291","2.837482","2.183083","3.099416"
"2026-03-16","16 Mar 2026","3.396804","2.321864","3.969907","2.448813","4.020434","2.042881","2.550959","2.800952","2.175092","3.061282"
"2026-03-17","17 Mar 2026","3.366516","2.309599","3.941767","2.430642","4.001903","2.043661","2.530357","2.776779","2.170028","3.034006"
"2026-03-18","18 Mar 2026","3.420730","2.377601","3.967552","2.515154","4.000172","2.070593","2.612807","2.847522","2.214194","3.096681"
"2026-03-19","19 Mar 2026","3.440968","2.448577","3.972584","2.590798","3.998291","2.098364","2.677453","2.890987","2.263102","3.127502"
"2026-03-20","20 Mar 2026","3.531459","2.580463","4.046587","2.740665","4.057679","2.149709","2.816612","3.005254","2.352431","3.227967"
"2026-03-23","23 Mar 2026","3.456621","2.518598","3.984718","2.643937","4.013051","2.156512","2.716630","2.917000","2.331513","3.147772"
"2026-03-24","24 Mar 2026","3.514220","2.588527","4.028365","2.724599","4.041650","2.177385","2.792978","2.983750","2.376026","3.209577"
"2026-03-25","25 Mar 2026","3.449992","2.554202","3.948005","2.683660","3.966166","2.196246","2.753667","2.940015","2.366895","3.157157"
"2026-03-26","26 Mar 2026","3.552638","2.607487","4.041017","2.758863","4.027404","2.198567","2.835150","3.028261","2.391894","3.252385"
"2026-03-27","27 Mar 2026","3.629491","2.619615","4.119976","2.789499","4.085920","2.183963","2.876023","3.083039","2.387974","3.318061"
"2026-03-30","30 Mar 2026","3.559281","2.576981","4.059273","2.727953","4.045177","2.185184","2.810515","3.016416","2.369907","3.249807"
"2026-03-31","31 Mar 2026","3.510423","2.569287","4.017140","2.702363","4.013116","2.194196","2.774936","2.972279","2.373695","3.202386"
"2026-04-01","01 Apr 2026","3.485056","2.551601","3.987014","2.665877","3.981312","2.221669","2.737959","2.942423","2.381772","3.176282"
"2026-04-02","02 Apr 2026","3.521647","2.601576","4.026192","2.715825","4.013628","2.243817","2.781002","2.977758","2.418537","3.210703"
"2026-04-07","07 Apr 2026","3.536010","2.631004","4.040858","2.769463","4.035027","2.229886","2.833839","3.013124","2.420814","3.233493"
"2026-04-08","08 Apr 2026","3.368348","2.433399","3.917688","2.537544","3.960797","2.153065","2.610531","2.816798","2.288241","3.052555"
"2026-04-09","09 Apr 2026","3.472280","2.508751","4.020362","2.624539","4.044155","2.189076","2.699046","2.908498","2.342987","3.149667"
"2026-04-10","10 Apr 2026","3.505579","2.508065","4.061168","2.628135","4.085118","2.196450","2.709421","2.929229","2.345465","3.176901"
"2026-04-13","13 Apr 2026","3.524504","2.551355","4.076753","2.675911","4.093946","2.203566","2.749580","2.956361","2.370305","3.198413"
"2026-04-14","14 Apr 2026","3.500716","2.518015","4.067111","2.638183","4.099052","2.193330","2.714436","2.926382","2.348807","3.171328"
"2026-04-15","15 Apr 2026","3.488705","2.468058","4.052804","2.581062","4.076571","2.181074","2.665942","2.896833","2.319056","3.152586"
"2026-04-16","16 Apr 2026","3.489622","2.455907","4.054602","2.577930","4.077041","2.184756","2.668245","2.899484","2.311319","3.153889"
"2026-04-17","17 Apr 2026","3.411520","2.386386","3.993591","2.491296","4.035699","2.158427","2.579953","2.815058","2.265825","3.072388"
"2026-04-20","20 Apr 2026","3.427515","2.393214","4.010146","2.493085","4.046704","2.164186","2.581424","2.821888","2.273946","3.084173"
"2026-04-21","21 Apr 2026","3.424917","2.424461","3.992992","2.532397","4.025245","2.166395","2.615364","2.840442","2.289022","3.091753"
"2026-04-22","22 Apr 2026","3.452831","2.462557","4.006600","2.577642","4.024496","2.177231","2.658211","2.876577","2.312572","3.123789"
"2026-04-23","23 Apr 2026","3.473706","2.501809","4.018465","2.616364","4.030383","2.206281","2.693152","2.905263","2.346975","3.148596"
"2026-04-24","24 Apr 2026","3.482501","2.510881","4.021146","2.629597","4.024818","2.211460","2.706813","2.916789","2.352972","3.158626"
"2026-04-27","27 Apr 2026","3.481352","2.493251","4.021205","2.587870","4.127105","2.141169","2.692479","2.942834","2.341701","3.181945"
"2026-04-28","28 Apr 2026","3.522690","2.554915","4.049644","2.657475","4.144218","2.181027","2.754796","2.994248","2.385553","3.228114"
"2026-04-29","29 Apr 2026","3.555655","2.626745","4.063136","2.743762","4.123063","2.229442","2.824168","3.038120","2.432353","3.264142"
"2026-04-30","30 Apr 2026","3.509366","2.590102","4.025081","2.679558","4.088685","2.211522","2.757455","2.980114","2.415749","3.212422"
"2026-05-04","04 May 2026","3.522383","2.604738","4.034400","2.709578","4.096189","2.193329","2.785695","3.000517","2.409259","3.228543"
"2026-05-05","05 May 2026","3.534460","2.602065","4.052284","2.713377","4.114593","2.201942","2.791931","3.007991","2.408454","3.237712"
"2026-05-06","06 May 2026","3.419526","2.504430","3.969342","2.580816","4.075182","2.179884","2.660543","2.886073","2.358730","3.119151"
"2026-05-07","07 May 2026","3.407866","2.488514","3.958449","2.563197","4.071334","2.193862","2.647172","2.876206","2.357192","3.108997"
"2026-05-08","08 May 2026","3.414486","2.514596","3.964579","2.590769","4.079112","2.205015","2.668906","2.889313","2.374196","3.118124"
"2026-05-11","11 May 2026","3.459084","2.553344","3.997043","2.651872","4.093515","2.187494","2.727433","2.939157","2.378609","3.164750"
"2026-05-12","12 May 2026","3.532267","2.600826","4.072159","2.734067","4.161984","2.187635","2.812236","3.015143","2.392036","3.237417"
"2026-05-13","13 May 2026","3.537955","2.594349","4.068103","2.720401","4.143531","2.173588","2.800452","3.012751","2.386272","3.240594"
"2026-05-14","14 May 2026","3.477861","2.571280","4.016980","2.673633","4.109202","2.178518","2.746714","2.955911","2.383212","3.181890"
"2026-05-15","15 May 2026","3.591227","2.617938","4.113975","2.759799","4.176520","2.196419","2.846863","3.063218","2.404466","3.292831"
"2026-05-18","18 May 2026","3.555828","2.580883","4.094563","2.701019","4.169612","2.193637","2.787952","3.014232","2.390766","3.250782"
"2026-05-19","19 May 2026","3.614122","2.606135","4.141462","2.758581","4.201854","2.206979","2.854181","3.077971","2.399354","3.311581"
"2026-05-20","20 May 2026","3.575310","2.593521","4.101867","2.732917","4.170023","2.198601","2.823594","3.044699","2.392839","3.275978"
"2026-05-21","21 May 2026","3.524301","2.574793","4.053321","2.690643","4.130468","2.207853","2.775414","2.995816","2.394184","3.226414"
"2026-05-22","22 May 2026","3.465361","2.535177","3.997978","2.649058","4.092271","2.191346","2.733010","2.948017","2.364601","3.172951"
"2026-05-25","25 May 2026","3.358616","2.462774","3.903673","2.550151","4.030040","2.193282","2.632702","2.848562","2.333960","3.070373"
"2026-05-26","26 May 2026","3.408954","2.505020","3.944319","2.600158","4.058112","2.246780","2.685019","2.900503","2.377416","3.121809"
"2026-05-27","27 May 2026","3.392661","2.500937","3.934372","2.584193","4.054787","2.242348","2.665718","2.881685","2.377880","3.104055"
"2026-05-28","28 May 2026","3.410886","2.526205","3.956177","2.607670","4.077520","2.257039","2.685927","2.899034","2.398656","3.121210"
"2026-05-29","29 May 2026","3.380955","2.500537","3.933815","2.573921","4.069903","2.255219","2.653732","2.869598","2.387162","3.091758"
"2026-06-01","01 Jun 2026","3.450091","2.577046","3.982523","2.664843","4.085505","2.268917","2.737626","2.942888","2.429154","3.162397"
"2026-06-02","02 Jun 2026","3.390251","2.558293","3.939354","2.631211","4.072992","2.258108","2.695968","2.892125","2.418276","3.105972"
"2026-06-03","03 Jun 2026","3.434872","2.579685","3.981066","2.668913","4.109966","2.284398","2.739566","2.936988","2.435694","3.150735"
"2026-06-04","04 Jun 2026","3.451103","2.575429","3.996887","2.667137","4.119698","2.304903","2.742955","2.946672","2.441552","3.164004"
"2026-06-05","05 Jun 2026","3.474414","2.595465","4.016378","2.690449","4.138190","2.317968","2.767770","2.972180","2.457900","3.188864"
"2026-06-08","08 Jun 2026","3.487726","2.610515","4.023806","2.700870","4.134283","2.309784","2.775779","2.981788","2.465120","3.200686"
"2026-06-09","09 Jun 2026","3.488064","2.599927","4.032500","2.687806","4.149661","2.319914","2.765536","2.976278","2.464709","3.197992"
"2026-06-10","10 Jun 2026","3.510348","2.623955","4.048258","2.718796","4.161926","2.334196","2.796790","3.004347","2.481788","3.223329"
"2026-06-11","11 Jun 2026","3.466867","2.615212","4.005857","2.687187","4.129793","2.344500","2.759517","2.965561","2.489915","3.182662"
"2026-06-12","12 Jun 2026","3.455130","2.576759","4.003248","2.661527","4.135866","2.311784","2.740071","2.949891","2.449529","3.168640"
"2026-06-15","15 Jun 2026","3.381408","2.527404","3.945154","2.585514","4.108970","2.323420","2.664179","2.878033","2.438185","3.096218"
"2026-06-16","16 Jun 2026","3.360241","2.530488","3.919543","2.586505","4.086060","2.328447","2.660499","2.866621","2.441199","3.079783"
"2026-06-17","17 Jun 2026","3.352350","2.542237","3.903539","2.599634","4.067025","2.321354","2.669230","2.868032","2.443361","3.076564"
"2026-06-18","18 Jun 2026","3.358799","2.560441","3.897043","2.625835","4.053302","2.358436","2.694761","2.886289","2.464412","3.089147"
"2026-06-19","19 Jun 2026","3.413209","2.573815","3.958403","2.653029","4.105650","2.364705","2.728076","2.926579","2.470134","3.135827"
"2026-06-22","22 Jun 2026","3.381184","2.542998","3.934174","2.611516","4.094908","2.370272","2.688614","2.892156","2.459400","3.103015"
"2026-06-23","23 Jun 2026","3.345610","2.513387","3.898980","2.579206","4.072094","2.376552","2.659069","2.863126","2.446288","3.071323"
"2026-06-24","24 Jun 2026","3.313304","2.503837","3.860259","2.567358","4.033430","2.348503","2.642481","2.839867","2.429203","3.043622"
"2026-06-25","25 Jun 2026","3.294135","2.494744","3.839040","2.550469","4.017083","2.355529","2.625755","2.824154","2.430590","3.026814"
"2026-06-26","26 Jun 2026","3.306326","2.491015","3.863938","2.541062","4.048650","2.344001","2.618788","2.824752","2.428226","3.032928"
"2026-06-29","29 Jun 2026","3.309678","2.501607","3.864261","2.551573","4.052641","2.361913","2.629515","2.833752","2.442002","3.039436"
"2026-06-30","30 Jun 2026","3.306024","2.496523","3.864850","2.546422","4.058731","2.378856","2.625196","2.829627","2.445383","3.035337"
"2026-07-01","01 Jul 2026","3.350751","2.490670","3.919876","2.550091","4.107281","2.376869","2.637535","2.854952","2.438909","3.070159"
"2026-07-02","02 Jul 2026","3.371501","2.467318","3.945385","2.533759","4.118117","2.357836","2.627890","2.856888","2.415449","3.081383"
"2026-07-03","03 Jul 2026","3.390170","2.481722","3.964367","2.559161","4.136471","2.364657","2.653190","2.878062","2.421091","3.100713"
"2026-07-06","06 Jul 2026","3.393866","2.485331","3.971953","2.559970","4.145732","2.370415","2.653312","2.878889","2.426583","3.102715"
"2026-07-07","07 Jul 2026","3.435339","2.518340","4.010035","2.604448","4.175030","2.383193","2.698194","2.920893","2.446333","3.143962"
"2026-07-08","08 Jul 2026","3.529697","2.600055","4.086629","2.702377","4.220539","2.408923","2.795557","3.015090","2.498278","3.238182"
"2026-07-09","09 Jul 2026","3.518850","2.596287","4.080864","2.690162","4.216824","2.399396","2.779750","2.999744","2.494752","3.224814"
"2026-07-10","10 Jul 2026","3.497131","2.597534","4.058200","2.679635","4.192056","2.386859","2.762221","2.978557","2.493685","3.203147"
"2026-07-13","13 Jul 2026","3.516607","2.630303","4.071148","2.728376","4.199822","2.383104","2.807167","3.010327","2.503721","3.227624"
"2026-07-14","14 Jul 2026","3.544458","2.661163","4.085619","2.768288","4.199031","2.393731","2.846448","3.044602","2.522445","3.258737"
"2026-07-15","15 Jul 2026","3.562378","2.653143","4.100939","2.769299","4.206181","2.396057","2.854227","3.057975","2.516662","3.274647"
"2026-07-16","16 Jul 2026","3.595451","2.674195","4.131546","2.792324","4.228170","2.415169","2.879010","3.086044","2.536485","3.305365"
"2026-07-17","17 Jul 2026","3.569517","2.675087","4.099823","2.795659","4.198080","2.408420","2.878146","3.074213","2.532405","3.285927"
"2026-07-20","20 Jul 2026","3.581423","2.681168","4.116398","2.797507","4.212834","2.400829","2.878026","3.077336","2.533928","3.293337"
"2026-07-21","21 Jul 2026","3.629988","2.696713","4.157873","2.833711","4.238937","2.394579","2.921818","3.123908","2.534203","3.340835"
"2026-07-22","22 Jul 2026","3.627083","2.708082","4.145833","2.851023","4.225374","2.399435","2.938639","3.133803","2.540641","3.344391"
"2026-07-23","23 Jul 2026","3.651615","2.739593","4.153268","2.895706","4.218964","2.408890","2.984282","3.172040","2.558388","3.375894"
"2026-07-24","24 Jul 2026","3.625742","2.717336","4.133158","2.863655","4.205916","2.400215","2.950427","3.141233","2.544985","3.347836"
"2026-07-27","27 Jul 2026","3.577342","2.696091","4.094276","2.818020","4.176503","2.382838","2.894467","3.085289","2.532206","3.295641"
"2026-07-28","28 Jul 2026","3.573321","2.680129","4.095410","2.797378","4.177975","2.384180","2.875853","3.072788","2.525615","3.287519"
"2026-07-29","29 Jul 2026","3.592969","2.701970","4.107561","2.828056","4.180819","2.385562","2.905911","3.097739","2.535418","3.309462"
"2026-07-30","30 Jul 2026","3.618198","2.683152","4.143969","2.804105","4.215674","2.395575","2.889878","3.099874","2.532186","3.323850"
"2026-07-31","31 Jul 2026","3.639713","2.708539","4.159927","2.841140","4.229544","2.413896","2.928374","3.131762","2.550555","3.350070"
"2026-08-03","03 Aug 2026","3.584459","2.675089","4.120713","2.792360","4.214438","2.401243","2.874681","3.076516","2.530535","3.294375"
"2026-08-04","04 Aug 2026","3.536361","2.640302","4.088527","2.736657","4.207109","2.409766","2.817198","3.024112","2.521505","3.244491"
"2026-08-05","05 Aug 2026","3.543432","2.642342","4.084365","2.751980","4.200385","2.402495","2.836884","3.041739","2.515611","3.257593"
"2026-08-06","06 Aug 2026","3.547646","2.648283","4.086946","2.755483","4.198265","2.407913","2.839180","3.044164","2.521969","3.260896"
"2026-08-07","07 Aug 2026","3.553529","2.644916","4.098763","2.751741","4.216440","2.422841","2.838464","3.046988","2.526987","3.265249"
"2026-08-10","10 Aug 2026","3.607714","2.684431","4.142150","2.808611","4.240150","2.423946","2.897234","3.102700","2.544280","3.319792"
"2026-08-11","11 Aug 2026","3.589737","2.681588","4.126538","2.795289","4.227733","2.426772","2.879477","3.083764","2.546792","3.301296"
"2026-08-12","12 Aug 2026","3.572318","2.673418","4.109447","2.782231","4.221658","2.429223","2.866466","3.071233","2.545076","3.287046"
"2026-08-13","13 Aug 2026","3.568134","2.680513","4.109839","2.780484","4.228167","2.452155","2.862261","3.066484","2.561599","3.282414"
"2026-08-14","14 Aug 2026","3.625041","2.692149","4.177605","2.808511","4.297847","2.453098","2.899300","3.111935","2.564421","3.333135"
"2026-08-17","17 Aug 2026","3.656668","2.695826","4.210789","2.819839","4.321292","2.450017","2.915155","3.133715","2.563264","3.359660"
"2026-08-18","18 Aug 2026","3.717028","2.734235","4.257943","2.877630","4.344007","2.428145","2.974678","3.192271","2.569584","3.419052"
"2026-08-19","19 Aug 2026","3.700356","2.739848","4.231926","2.883515","4.317380","2.435529","2.978141","3.188409","2.575380","3.408970"
"2026-08-20","20 Aug 2026","3.708694","2.749464","4.246178","2.888811","4.336385","2.448217","2.982152","3.193331","2.587604","3.415361"
"2026-08-21","21 Aug 2026","3.700448","2.732322","4.245827","2.861115","4.339253","2.445844","2.954623","3.173517","2.580642","3.401649"
"2026-08-24","24 Aug 2026","3.716166","2.761786","4.248056","2.895114","4.330195","2.453721","2.985804","3.198187","2.598798","3.422034"
"2026-08-25","25 Aug 2026","3.668508","2.729499","4.205462","2.847846","4.299047","2.447287","2.936063","3.150235","2.582576","3.374683"
"2026-08-26","26 Aug 2026","3.671649","2.733896","4.204316","2.853082","4.293896","2.455824","2.941670","3.155242","2.588404","3.378929"
"2026-08-27","27 Aug 2026","3.702871","2.755842","4.238343","2.883230","4.331321","2.478230","2.974900","3.187973","2.608027","3.410543"
